original_order,id,title,multiauthored,authors,repeat_author
1,198902277,The Wedding People,0,Alison Espach,0
2,208931300,Intermezzo,0,Sally Rooney,1
3,133938826,Welcome to the Hyunam-Dong Bookshop,1,Hwang Bo-Reum,0
3,133938826,Welcome to the Hyunam-Dong Bookshop,1,Shanna Tan,0
4,195430687,Blue Sisters,0,Coco Mellors,1
5,208516656,Here One Moment,0,Liane Moriarty,1
6,200484931,Swan Song,0,Elin Hilderbrand,1
7,198688460,Good Material,0,Dolly Alderton,0
8,200987323,I Hope This Finds You Well,0,Natalie Sue,0
9,199534613,Margo's Got Money Troubles,0,Rufi Thorpe,0
10,139400713,Martyr!,0,Kaveh Akbar,1
11,174147294,Wandering Stars,0,Tommy Orange,1
12,62929342,Real Americans,0,Rachel Khong,1
13,200028726,Sandwich,0,Catherine Newman,0
14,204811915,Tell Me Everything,0,Elizabeth Strout,1
15,197798168,All Fours,0,Miranda July,0
16,205478762,Playground,0,Richard Powers,1
17,199344873,Same As It Ever Was,0,Claire Lombardo,1
18,199793431,The Mighty Red,0,Louise Erdrich,1
19,176443453,Greta & Valdin,0,Rebecca K. Reilly,0
20,220572240,Colored Television,0,Danzy Senna,0
21,127305853,The Women,0,Kristin Hannah,1
22,173754979,James,0,Percival Everett,0
23,112975658,The Frozen River,0,Ariel Lawhon,1
24,207909446,The Booklover's Library,0,Madeline Martin,1
25,199798217,The Lion Women of Tehran,0,Marjan Kamali,0
26,203164368,By Any Other Name,0,Jodi Picoult,1
27,181110045,The Briar Club,0,Kate Quinn,1
28,199223201,Husbands & Lovers,0,Beatriz Williams,1
29,217362723,The Seventh Veil of Salome,0,Silvia Moreno-Garcia,1
30,127306192,Anita de Monte Laughs Last,0,Xóchitl González,1
31,202468422,There Are Rivers in the Sky,0,Elif Shafak,1
32,202257499,Behind Every Good Man,0,Sara Goodman Confino,0
33,199798868,Long Island,0,Colm Tóibín,0
34,195430688,The Paris Novel,0,Ruth Reichl,1
35,181110028,The Great Divide,0,Cristina Henríquez,1
36,203579107,The Love Elixir of Augusta Stern,0,Lynda Cohen Loigman,1
37,214944658,The Storm We Made,0,Vanessa Chan,0
38,123847255,The Bullet Swallower,0,Elizabeth Gonzalez James,0
39,64417401,The Phoenix Crown,1,Kate Quinn,1
39,64417401,The Phoenix Crown,1,Janie Chang,0
40,198563674,Shelterwood,0,Lisa Wingate,1
41,199700434,The God of the Woods,0,Liz Moore,1
42,164444179,First Lie Wins,0,Ashley Elston,0
43,208503244,The Boyfriend,0,Freida McFadden,1
44,195967140,The Teacher,0,Freida McFadden,1
45,203019740,All the Colors of the Dark,0,Chris Whitaker,1
46,127279000,Listen for the Lie,0,Amy Tintera,0
47,219449299,We Solve Murders,0,Richard Osman,1
48,194020321,Home Is Where the Bodies Are,0,Jeneva Rose,0
49,199743738,The Midnight Feast,0,Lucy Foley,1
50,181350367,How to Solve Your Own Murder,0,Kristen Perrin,0
51,199026522,Middle of the Night,0,Riley Sager,1
52,157062582,The Mystery Guest,0,Nita Prose,1
53,127280429,Darling Girls,0,Sally Hepworth,1
54,126919284,The Heiress,0,Rachel Hawkins,1
55,203579177,The Last One at the Wedding,0,Jason Rekulak,1
56,207299448,The Night We Lost Him,0,Laura Dave,1
57,199798460,The Return of Ellie Black,0,Emiko Jean,1
58,202102003,Society of Lies,0,Lauren Ling Brown,0
59,195790531,House of Glass,0,Sarah Pekkanen,1
60,203687982,Not What She Seems,0,Yasmin Angoe,0
61,194803835,Funny Story,0,Emily Henry,1
62,195820804,Just for the Summer,0,Abby Jimenez,1
63,181350327,Bride,0,Ali Hazelwood,1
64,127611580,Leather & Lark,0,Brynne Weaver,0
65,215192073,Play Along,0,Liz Tomforde,1
66,175399563,King of Sloth,0,Ana Huang,1
67,195645746,Wild Love,0,Elsie Silver,1
68,210163133,The Cinnamon Bun Book Store,0,Laurie Gilmore,0
69,199797582,The Paradise Problem,0,Christina Lauren,1
70,197639422,This Summer Will Be Different,0,Carley Fortune,1
71,199440249,The Pairing,0,Casey McQuiston,1
72,199798652,Daydream,0,Hannah Grace,1
73,195790586,The Rom-Commers,0,Katherine Center,1
74,198972014,Not in Love,0,Ali Hazelwood,1
75,182761439,This Could Be Us,0,Kennedy Ryan,0
76,195532965,Swift and Saddled,0,Lyla Sage,0
77,173404023,A Love Song for Ricki Wilde,0,Tia Williams,1
78,212432167,How to End a Love Story,0,Yulin Kuang,0
79,199928276,The Love of My Afterlife,0,Kirsty Greenwood,0
80,197144545,Lies and Weddings,0,Kevin Kwan,1
81,123211531,House of Flame and Shadow,0,Sarah J. Maas,1
82,188563943,Apprentice to the Villain,0,Hannah Nicole Maehrer,1
83,212127083,Quicksilver,0,Callie Hart,0
84,210714656,When the Moon Hatched,0,Sarah A. Parker,0
85,217206125,The Spellshop,0,Sarah Beth Durst,0
86,165940202,A Fate Inked in Blood,0,Danielle L. Jensen,1
87,204593914,Phantasma,0,Kaylie Smith,0
88,211000011,Restless Stars,1,Caroline Peckham,1
88,211000011,Restless Stars,1,Susanne Valenti,1
89,195791703,Born of Blood and Ash,0,Jennifer L. Armentrout,1
90,112975207,A Touch of Chaos,0,Scarlett St. Clair,1
91,196726166,The Honey Witch,0,Sydney J. Shields,0
92,157981739,Faebound,0,Saara El-Arifi,0
93,174146852,A Dark and Drowning Tide,0,Allison Saft,0
94,216595852,Blood of Hercules,0,Jasmine Mas,0
95,203579254,The Games Gods Play,0,Abigail Owen,0
96,199420141,Gold,0,Raven Kennedy,0
97,209779568,The Veiled Kingdom,0,Holly Renee,0
98,205477220,A Crown This Cold and Heavy,0,Stacia Stark,1
99,195430860,Fate of the Sun King,0,Nisha J. Tuli,1
100,198797574,A Promise of Peridot,0,Kate Golden,1
101,199347538,Somewhere Beyond the Sea,0,T.J. Klune,1
102,133286777,The Familiar,0,Leigh Bardugo,1
103,134117196,Emily Wilde’s Map of the Otherlands,0,Heather Fawcett,1
104,156009464,The Book of Doors,0,Gareth Brown,0
105,126918599,Empire of the Damned,0,Jay Kristoff,1
106,201608152,Five Broken Blades,0,Mai Corland,0
107,127278666,The Fox Wife,0,Yangsze Choo,1
108,199927030,The Lost Story,0,Meg Shaffer,1
109,150247395,The Tainted Cup,0,Robert Jackson Bennett,1
110,203518955,The Black Bird Oracle,0,Deborah Harkness,1
111,203956639,An Academy for Liars,0,Alexis Henderson,1
112,195790847,A Sorceress Comes to Call,0,T. Kingfisher,1
113,203578730,A Song to Drown Rivers,0,Ann Liang,1
114,154462576,The Warm Hands of Ghosts,0,Katherine Arden,1
115,195790597,When Among Crows,0,Veronica Roth,1
116,201129898,The Night Ends with Fire,0,K.X. Song,0
117,201750794,The Bright Sword,0,Lev Grossman,1
118,210298804,Voyage of the Damned,0,Frances White,0
119,127305606,The Dead Cat Tail Assassins,0,P. Djèlí Clark,1
120,186872566,A Sweet Sting of Salt,0,Rose Sutherland,0
121,199798179,The Ministry of Time,0,Kaliane Bradley,0
122,197108968,The Family Experiment,0,John Marrs,1
123,156023123,Annie Bot,0,Sierra Greer,0
124,201930181,The Mercy of Gods,0,James S.A. Corey,1
125,123136728,Orbital,0,Samantha Harvey,0
126,195791479,The Stardust Grail,0,Yume Kitasei,1
127,65213662,Extinction,0,Douglas Preston,1
128,167067538,Moon of the Turning Leaves,0,Waubgeshig Rice,0
129,198276006,I Cheerfully Refuse,0,Leif Enger,0
130,176450755,The Other Valley,0,Scott Alexander Howard,0
131,127282939,Beautyland,0,Marie-Helene Bertino,0
132,210367505,Absolution,0,Jeff VanderMeer,1
133,199353348,Red Side Story,0,Jasper Fforde,1
134,203578812,I'm Starting to Worry About This Black Box of Doom,0,Jason Pargin,1
135,195790861,Service Model,0,Adrian Tchaikovsky,1
136,207293815,Sky Full of Elephants,0,Cebo Campbell,0
137,173476065,Baby X,0,Kira Peikoff,0
138,199248447,The Blueprint,0,Rae Giana Rashad,0
139,65213204,Yours for the Taking,0,Gabrielle Korn,0
140,197063361,In Ascension,0,Martin MacInnes,0
141,201242757,You Like It Darker,0,Stephen King,1
142,199798006,We Used to Live Here,0,Marcus Kliewer,0
143,127306440,What Feasts at Night,0,T. Kingfisher,1
144,196614815,Murder Road,0,Simone St. James,1
145,195790870,Bury Your Gays,0,Chuck Tingle,0
146,195703882,The Eyes Are the Best Part,0,Monika Kim,0
147,199757490,Incidents Around the House,0,Josh Malerman,1
148,199798522,I Was a Teenage Slasher,0,Stephen Graham Jones,1
149,157035866,Diavola,0,Jennifer Marie Thorne,0
150,204294824,Sleep Tight,0,J.H. Markert,0
151,203608552,So Thirsty,0,Rachel Harrison,1
152,205064706,The Book of Witching,0,C.J. Cooke,0
153,193544852,My Darling Dreadful Thing,0,Johanna van Veen,0
154,203956643,A Sunny Place for Shady People,1,Mariana Enríquez,1
154,203956643,A Sunny Place for Shady People,1,Megan McDowell,1
155,205673392,The Bog Wife,0,Kay Chronister,0
156,178019710,The Angel of Indian Lake,0,Stephen Graham Jones,1
157,192724951,Indian Burial Ground,0,Nick Medina,1
158,203163914,House of Bone and Rain,0,Gabino Iglesias,1
159,205064715,This Cursed House,0,Del Sandeen,0
160,201632567,Blood Like Mine,0,Stuart Neville,0
169,201752567,The Truth According to Ember,0,Danica Nava,0
172,195888874,Daughters of Shandong,0,Eve J. Chung,0
173,195790999,Masquerade,0,O.O. Sangoyomi,0
174,176442848,The Things We Didn’t Know,0,Elba Iris Pérez,0
175,182484361,All We Were Promised,0,Ashton Lattimore,0
176,127278133,Glorious Exploits,0,Ferdia Lennon,0
178,197789783,Fire Exit,0,Morgan Talty,0
179,208107364,Shred Sisters,0,Betsy Lerner,0
180,177185976,Victim,0,Andrew Boryga,0
201,127280062,Ruthless Vows,0,Rebecca Ross,1
202,186631952,Reckless,0,Lauren Roberts,1
203,127305713,Heartless Hunter,0,Kristen Ciccarelli,0
204,75673879,The Prisoner’s Throne,0,Holly Black,1
205,43606308,Defiant,0,Brandon Sanderson,1
206,200982373,Don't Let the Forest In,0,C.G. Drews,0
207,203578814,Where the Library Hides,0,Isabel Ibañez,1
208,195820745,Wisteria,0,Adalyn Grace,1
209,206780522,Heir,0,Sabaa Tahir,1
210,127823371,All This Twisted Glory,0,Tahereh Mafi,1
211,125201142,Where the Dark Stands Still,0,A.B. Poranek,0
212,206119059,Immortal Dark,0,Tigest Girma,0
213,145624962,So Let Them Burn,0,Kamilah Cole,0
214,59475768,The Invocations,0,Krystal Sutherland,1
215,157020041,The Poisons We Drink,0,Bethany Baptiste,0
216,181325033,Dragonfruit,0,Makiia Lucier,0
217,180634025,The Darkness Within Us,0,Tricia Levenseller,1
218,199087657,Of Jade and Dragons,0,Amber Chen,0
219,61070523,For She Is Wrath,0,Emily Varga,0
220,124932778,"Your Blood, My Bones",0,Kelly Andrew,0
221,125045190,Heartstopper: Volume Five,0,Alice Oseman,1
222,182484360,The Reappearance of Rachel Price,0,Holly Jackson,1
223,207293948,Nothing Like the Movies,0,Lynn Painter,1
224,197392670,The Grandest Game,0,Jennifer Lynn Barnes,1
225,207973376,If Only I Had Told Her,0,Laura Nowlin,0
226,60197314,Betting on You,0,Lynn Painter,1
227,61484909,Where Sleeping Girls Lie,0,Faridah Àbíké-Íyímídé,1
228,123429195,That's Not My Name,0,Megan Lally,0
229,161184313,A Thousand Broken Pieces,0,Tillie Cole,1
230,61885131,Gwen & Art Are Not in Love,0,Lex Croucher,0
231,160047094,Dungeons and Drama,0,Kristy Boyce,0
232,124932739,I Hope This Doesn't Find You,0,Ann Liang,1
233,213092742,A Crane Among Wolves,0,June Hur,0
234,111673641,Most Ardently,0,Gabe Cole Novoa,0
235,181110014,Icarus,0,K. Ancrum,0
236,199793628,Death at Morning House,0,Maureen Johnson,1
237,203820262,When the World Tips Over,0,Jandy Nelson,1
238,200982340,A Bánh Mì for Two,0,Trinity Nguyen,0
239,201102406,Under the Surface,0,Diana Urban,0
240,180725527,Thirsty,0,Jas Hammonds,1
241,171681821,The Anxious Generation: How the Great Rewiring of Childhood Caused an Epidemic of Mental Illness,0,Jonathan Haidt,1
242,195790756,It's Not Hysteria: Everything You Need to Know About Your Reproductive Health,0,Karen Tang,0
243,210943364,The Message,0,Ta-Nehisi Coates,1
244,207006355,Want,0,Gillian Anderson,0
245,194803881,The Backyard Bird Chronicles,0,Amy Tan,1
246,158649729,All in Her Head: The Truth and Lies Early Medicine Taught Us About Women's Bodies and Why It Matters Today,0,Elizabeth Comen,0
247,123921296,"One in a Millennial: On Friendship, Feelings, Fangirls, and Fitting In",0,Kate Kennedy,0
248,209786389,Framed: Astonishing True Stories of Wrongful Convictions,1,John Grisham,0
248,209786389,Framed: Astonishing True Stories of Wrongful Convictions,1,Jim McCloskey,0
249,203578896,Disney High: The Untold Story of the Rise and Fall of Disney Channel's Tween Empire,0,Ashley Spencer,0
250,182733784,Nuclear War: A Scenario,0,Annie Jacobsen,1
251,75496481,"Blood: The Science, Medicine, and Mythology of Menstruation",0,Jen Gunter,0
252,203751764,I'm Sorry for My Loss: An Urgent Examination of Reproductive Care in America,1,Rebecca Little,0
252,203751764,I'm Sorry for My Loss: An Urgent Examination of Reproductive Care in America,1,Colleen Long,0
253,216857785,"Revenge of the Tipping Point: Overstories, Superspreaders, and the Rise of Social Engineering",0,Malcolm Gladwell,1
254,210454076,The Devil at His Elbow: Alex Murdaugh and the Fall of a Southern Dynasty,0,Valerie Bauerlein,0
255,127653704,"The Kingdom, the Power, and the Glory: American Evangelicals in an Age of Extremism",0,Tim Alberta,0
256,142402923,Feel-Good Productivity: How to Do More of What Matters to You,0,Ali Abdaal,0
257,208580597,"How to Tell When We Will Die: On Pain, Disability, and Doom",0,Johanna Hedva,0
258,214438480,Supercommunicators: How to Unlock the Secret Language of Connection,0,Charles Duhigg,1
259,203579030,"The Sing Sing Files: One Journalist, Six Innocent Men, and a Twenty-Year Fight for Justice",0,Dan Slepian,0
260,205363955,Meditations for Mortals: Four Weeks to Embrace Your Limitations and Make Time for What Counts,0,Oliver Burkeman,0
261,207298106,The Third Gilmore Girl,0,Kelly Bishop,0
262,176443093,Sociopath: A Memoir,0,Patric Gagne,0
263,204905217,From Here to the Great Unknown,1,Lisa Marie Presley,0
263,204905217,From Here to the Great Unknown,1,Riley Keough,0
264,195791316,Loud: Accept Nothing Less Than the Life You Deserve,0,Drew Afualo,0
265,181109983,The House of Hidden Meanings,0,RuPaul,0
266,209192698,Be Ready When the Luck Happens,0,Ina Garten,1
267,199344846,Knife: Meditations After an Attempted Murder,0,Salman Rushdie,1
268,134115745,Oath and Honor: A Memoir and a Warning,0,Liz Cheney,0
269,195790788,A Well-Trained Wife: My Escape from Christian Patriarchy,0,Tia Levings,0
270,202939207,"Bits and Pieces: My Mother, My Brother, and Me",0,Whoopi Goldberg,0
271,127282631,Grief Is for People,0,Sloane Crosley,1
272,198385436,I Shouldn’t Be Telling You This [But I'm Going to Anyway],0,Chelsea Devantez,0
273,181346634,There's Always This Year: On Basketball and Ascension,0,Hanif Abdurraqib,1
274,203708995,The Friday Afternoon Club: A Family Memoir,0,Griffin Dunne,0
275,196585876,An Unfinished Love Story: A Personal History of the 1960s,0,Doris Kearns Goodwin,1
276,176443920,The Wives: A Memoir,0,Simone Gorrindo,0
277,182095845,Here After,0,Amy Lin,0
278,126918693,My Side of the River,0,Elizabeth Camarillo Gutierrez,0
279,127305940,The Manicurist's Daughter,0,Susan Lieu,0
280,200100950,Wanted: Toddler's Personal Assistant,0,Stephanie Kiser,0
281,201751300,The Bookshop: A History of the American Bookstore,0,Evan Friss,0
282,203956674,"The Small and the Mighty: Twelve Unsung Americans Who Changed the Course of History, from the Founding to the Civil Rights Movement",0,Sharon McMahon,0
283,195608683,"The Demon of Unrest: A Saga of Hubris, Heartbreak, and Heroism at the Dawn of the Civil War",0,Erik Larson,1
284,208580608,The Elements of Marie Curie: How the Glow of Radium Lit a Path for Women in Science,0,Dava Sobel,0
285,207567691,"American Scary: A History of Horror, from Salem to Stephen King and Beyond",0,Jeremy Dauber,0
286,195791072,Women in the Valley of the Kings: The Untold Story of Women Egyptologists in the Gilded Age,0,Kathleen Sheppard,0
287,204927599,Nexus: A Brief History of Information Networks from the Stone Age to AI,0,Yuval Noah Harari,1
288,201626940,Ask Not: The Kennedys and the Women They Destroyed,0,Maureen Callahan,1
289,199798785,Challenger: A True Story of Heroism and Disaster on the Edge of Space,0,Adam Higginbotham,1
290,62315849,"The Lost Tomb: And Other Real-Life Stories of Bones, Burials, and Murder",1,Douglas Preston,1
290,62315849,"The Lost Tomb: And Other Real-Life Stories of Bones, Burials, and Murder",1,David Grann,1
291,198563695,When Women Ran Fifth Avenue: Glamour and Power at the Dawn of American Fashion,0,Julie Satow,0
292,177188695,Not Your China Doll: The Wild and Shimmering Life of Anna May Wong,0,Katie Gee Salisbury,0
293,145624993,Madness: Race and Insanity in a Jim Crow Asylum,0,Antonia Hylton,0
294,199393033,By the Fire We Carry: The Generations-Long Fight for Justice on Native Land,0,Rebecca Nagle,0
295,198493808,The Situation Room: The Inside Story of Presidents in Crisis,1,George Stephanopoulos,0
295,198493808,The Situation Room: The Inside Story of Presidents in Crisis,1,Lisa Dickey,0
296,191746386,"The Wide Wide Sea: Imperial Ambition, First Contact and the Fateful Final Voyage of Captain James Cook",0,Hampton Sides,1
297,199797834,When the Sea Came Alive: An Oral History of D-Day,0,Garrett M. Graff,1
298,203767605,The Siege: A Six-Day Hostage Crisis and the Daring Special-Forces Operation That Shocked the World,0,Ben Macintyre,1
299,145624514,"Everyone Who Is Gone Is Here: The United States, Central America, and the Making of a Crisis",0,Jonathan Blitzer,0
300,210246743,"Eden Undone: A True Story of Sex, Murder, and Utopia at the Dawn of World War II",0,Abbott Kahler,0
301,62047984,Yellowface,0,R.F. Kuang,1
302,61771675,Hello Beautiful,0,Ann Napolitano,1
303,62926992,The Wishing Game,0,Meg Shaffer,1
304,63241104,Tom Lake,0,Ann Patchett,1
305,62873996,The Five-Star Weekend,0,Elin Hilderbrand,1
306,62971668,Someone Else's Shoes,0,Jojo Moyes,1
307,62919793,The Invisible Hour,0,Alice Hoffman,1
308,60784605,Maame,0,Jessica George,0
309,61214136,The Collected Regrets of Clover,0,Mikki Brammer,0
310,61246258,Pineapple Street,0,Jenny Jackson,0
311,60701439,Big Swiss,0,Jen Beagin,0
312,62919375,Shark Heart,0,Emily Habeck,0
313,59381516,Evil Eye,0,Etaf Rum,1
314,62049729,The Celebrants,0,Steven Rowley,1
315,60784757,Birnam Wood,0,Eleanor Catton,1
316,61815336,The Connellys of County Down,0,Tracey Lange,1
317,62039166,The Bee Sting,0,Paul Murray,0
318,65650229,Wellness,0,Nathan Hill,1
319,65215321,Blackouts,0,Justin Torres,0
320,123414019,Family Meal,0,Bryan Washington,0
321,60654349,Weyward,0,Emilia Hart,0
322,180357146,The Covenant of Water,0,Abraham Verghese,1
323,62919732,Lady Tan’s Circle of Women,0,Lisa See,1
324,65678550,The Heaven & Earth Grocery Store,0,James McBride,1
325,62054146,The Keeper of Hidden Books,0,Madeline Martin,1
326,62060274,The Echo of Old Books,0,Barbara Davis,0
327,61273858,The House of Eve,0,Sadeqa Johnson,1
328,62583516,The Wind Knows My Name,1,Isabel Allende,1
328,62583516,The Wind Knows My Name,1,Francis Riddle,0
329,61796683,Did You Hear About Kitty Karr?,0,Crystal Smith Paul,0
330,61273371,Looking for Jane,0,Heather Marshall,0
331,63922274,Go as a River,0,Shelley Read,0
332,62327255,The Paris Daughter,0,Kristin Harmel,1
333,61964751,The Secret Book of Flora Lea,0,Patti Callahan Henry,0
334,87556695,Let Us Descend,0,Jesmyn Ward,1
335,61272702,Hang the Moon,0,Jeannette Walls,1
336,60784759,"Beyond That, the Sea",0,Laura Spence-Ash,0
337,61111298,River Sing Me Home,0,Eleanor Shearer,0
338,62800971,Banyan Moon,0,Thao Thai,0
339,62952130,The Vaster Wilds,0,Lauren Groff,1
340,71872930,North Woods,0,Daniel Mason,0
341,62848145,The Housemaid's Secret,0,Freida McFadden,1
342,62334530,None of This Is True,0,Lisa Jewell,1
343,62703226,The Only One Left,0,Riley Sager,1
344,62226126,The Last Devil to Die,0,Richard Osman,1
345,61327512,Vera Wong's Unsolicited Advice for Murderers,0,Jesse Q. Sutanto,1
346,101124639,Bright Young Women,0,Jessica Knoll,1
347,60784636,All the Dangerous Things,0,Stacy Willingham,1
348,61683285,Homecoming,0,Kate Morton,1
349,61053829,I Have Some Questions for You,0,Rebecca Makkai,1
350,61884832,All the Sinners Bleed,0,S.A. Cosby,1
351,101160844,The River We Remember,0,William Kent Krueger,1
352,60784373,What Lies in the Woods,0,Kate Alice Marshall,0
353,60784641,The Villa,0,Rachel Hawkins,1
354,63833664,After That Night,0,Karin Slaughter,1
355,123423832,The Coworker,0,Freida McFadden,1
356,75495002,Happiness Falls,0,Angie Kim,1
357,83668030,Good Bad Girl,0,Alice Feeney,1
358,80830635,Don't Let Her Stay,0,Nicola Sanders,0
359,78296909,The Leftover Woman,0,Jean Kwok,1
360,60588456,The Maid's Diary,0,Loreth Anne White,0
361,61718053,Happy Place,0,Emily Henry,1
362,61326735,"Love, Theoretically",0,Ali Hazelwood,1
363,61918816,Yours Truly,0,Abby Jimenez,1
364,62022434,Things We Hide from the Light,0,Lucy Score,1
365,62628727,Romantic Comedy,0,Curtis Sittenfeld,1
366,61681786,Final Offer,0,Lauren Asher,1
367,62994279,King of Pride,0,Ana Huang,1
368,84943172,The Right Move,0,Liz Tomforde,1
369,62926938,The Seven Year Slip,0,Ashley Poston,1
370,101145836,Wildfire,0,Hannah Grace,1
371,61797464,Meet Me at the Lake,0,Carley Fortune,1
372,123194693,Pucking Around,0,Emily Rath,0
373,62361081,The True Love Experiment,0,Christina Lauren,1
374,61897968,Practice Makes Perfect,0,Sarah Adams,0
375,63031640,Powerless,0,Elsie Silver,1
376,127152907,In the Likely Event,0,Rebecca Yarros,1
377,61884987,Hello Stranger,0,Katherine Center,1
378,75665887,"You, Again",0,Kate Goldbeck,0
379,62626163,A Long Time Coming,0,Meghan Quinn,0
380,101144869,The Long Game,0,Elena Armas,1
381,61431922,Fourth Wing,0,Rebecca Yarros,1
382,123257687,Assistant to the Villain,0,Hannah Nicole Maehrer,1
383,62335396,The Ashes & the Star-Cursed King,0,Carissa Broadbent,1
384,63847274,A Soul of Ash and Blood,0,Jennifer L. Armentrout,1
385,59808792,Sorrow and Starlight,1,Caroline Peckham,1
385,59808792,Sorrow and Starlight,1,Susanne Valenti,1
386,73071451,Throne of the Fallen,0,Kerri Maniscalco,1
387,75668288,The Hurricane Wars,0,Thea Guanzon,0
388,63127235,The Hanging City,0,Charlie N. Holmberg,0
389,61150440,A Fire in the Flesh,0,Jennifer L. Armentrout,1
390,60581370,The Jasad Heir,0,Sara Hashem,0
391,56587784,A Game of Gods,0,Scarlett St. Clair,1
392,59397314,The Foxglove King,0,Hannah F. Whitten,1
393,75396525,The Coven,0,Harper L. Woods,0
394,65214365,Fall of Ruin and Wrath,0,Jennifer L. Armentrout,1
395,60225993,Bewitched,0,Laura Thalassa,1
396,123368729,Slaying the Vampire Conqueror,0,Carissa Broadbent,1
397,191754348,Rule of the Aurora King,0,Nisha J. Tuli,1
398,62004837,A Queen of Thieves & Chaos,0,K.A. Tucker,1
399,122779502,A Court This Cruel & Lovely,0,Stacia Stark,1
400,195775182,A Dawn of Onyx,0,Kate Golden,1
401,60652997,Hell Bent,0,Leigh Bardugo,1
402,63068384,Tress of the Emerald Sea,1,Brandon Sanderson,1
402,63068384,Tress of the Emerald Sea,1,Howard Lyon,0
403,60766189,A Day of Fallen Night,0,Samantha Shannon,1
404,60657589,Emily Wilde's Encyclopaedia of Faeries,0,Heather Fawcett,1
405,65213543,Bookshops & Bonedust,0,Travis Baldree,1
406,111673828,The Fragile Threads of Power,0,Victoria E. Schwab,1
407,36679274,Sword Catcher,0,Cassandra Clare,1
408,61294937,The Adventures of Amina al-Sirafi,0,Shannon Chakraborty,0
409,65213595,Starling House,0,Alix E. Harrow,1
410,66087062,The Unmaking of June Farrow,0,Adrienne Young,1
411,61102615,Stone Blind,0,Natalie Haynes,0
412,61612864,The Book That Wouldn’t Burn,0,Mark Lawrence,1
413,62854842,Ink Blood Sister Scribe,0,Emma Törzs,0
414,61361681,Clytemnestra,0,Costanza Casati,0
415,62919748,The Will of the Many,0,James Islington,0
416,61884838,Atalanta,0,Jennifer Saint,1
417,61150759,The Last Tale of the Flower Bride,0,Roshani Chokshi,1
418,61111246,Victory City,0,Salman Rushdie,1
419,61885085,Witch King,0,Martha Wells,1
420,60877589,VenCo,0,Cherie Dimaline,0
421,60784549,In the Lives of Puppets,0,T.J. Klune,1
422,29227774,Light Bringer,0,Pierce Brown,1
423,61885029,Starter Villain,0,John Scalzi,1
424,62967873,The Marriage Act,0,John Marrs,1
425,65211701,System Collapse,0,Martha Wells,1
426,61190770,Chain-Gang All-Stars,0,Nana Kwame Adjei-Brenyah,0
427,60468332,The Light Pirate,0,Lily Brooks-Dalton,0
428,61282437,The Ferryman,0,Justin Cronin,1
429,123163147,The Future,0,Naomi Alderman,0
430,61030535,Children of Memory,0,Adrian Tchaikovsky,1
431,101673225,Land of Milk and Honey,0,C Pam Zhang,1
432,60679392,I Keep My Exoskeletons to Myself,0,Marisa Crane,0
433,61884842,The Deep Sky,0,Yume Kitasei,1
434,64000639,Bridge,0,Lauren Beukes,1
435,58388343,Some Desperate Glory,0,Emily Tesh,0
436,62873999,Translation State,0,Ann Leckie,1
437,61813107,Ascension,0,Nicholas Binge,0
438,60806778,The Deluge,0,Stephen Markley,0
439,65211707,The Jinn-Bot of Shantiport,0,Samit Basu,0
440,62919387,The Great Transition,0,Nick Fuller Googins,0
441,65916344,Holly,0,Stephen King,1
442,59414094,How to Sell a Haunted House,0,Grady Hendrix,1
443,60784409,A House with Good Bones,0,T. Kingfisher,1
444,63892214,Vampires of El Norte,0,Isabel Cañas,1
445,157184735,Rouge,0,Mona Awad,1
446,101145269,My Darling Girl,0,Jennifer McMahon,1
447,64623481,The September House,0,Carissa Orlando,0
448,63249718,Silver Nitrate,0,Silvia Moreno-Garcia,1
449,61111034,Our Share of Night,1,Mariana Enríquez,1
449,61111034,Our Share of Night,1,Megan McDowell,1
449,61111034,Our Share of Night,1,Pablo Gerardo Camacho,0
450,60460704,Lone Women,0,Victor LaValle,1
451,69704909,Black Sheep,0,Rachel Harrison,1
452,63331415,Mister Magic,0,Kiersten White,1
453,59366246,Don't Fear the Reaper,0,Stephen Graham Jones,1
454,62919847,The Reformatory,0,Tananarive Due,0
455,61420120,Natural Beauty,0,Ling Ling Huang,0
456,61686006,Sisters of the Lost Nation,0,Nick Medina,1
457,62888191,Monstrilio,0,Gerardo Sámano Córdova,0
458,101144676,Becoming the Boogeyman,0,Richard Chizmar,1
459,63259070,Her Little Flowers,0,Shannon Morgan,0
460,63077620,Dead Eleven,0,Jimmy Juliano,0
461,60784546,Divine Rivals,0,Rebecca Ross,1
462,62816044,A Curse for True Love,0,Stephanie Garber,1
463,61198133,The Stolen Heir,0,Holly Black,1
464,17699859,Chain of Thorns,0,Cassandra Clare,1
465,153283393,Powerless,0,Lauren Roberts,1
466,65213381,What the River Knows,0,Isabel Ibañez,1
467,75302266,A Study in Drowning,0,Ava Reid,1
468,63023639,Foxglove,0,Adalyn Grace,1
469,61085769,These Infinite Threads,0,Tahereh Mafi,1
470,101138075,Foul Heart Huntsman,0,Chloe Gong,1
471,58303740,"Song of Silver, Flame Like Night",0,Amélie Wen Zhao,0
472,62695377,Threads That Bind,0,Kika Hatzopoulou,0
473,61273084,Delicious Monsters,0,Liselle Sambury,0
474,62649010,House of Roots and Ruin,0,Erin A. Craig,1
475,61356465,Spice Road,0,Maiya Ibrahim,0
476,60784432,Blood Debts,0,Terry J. Benton-Walker,0
477,62031346,Silver in the Bone,0,Alexandra Bracken,1
478,60386342,The Scarlet Veil,0,Shelby Mahurin,1
479,62688758,Bring Me Your Midnight,0,Rachel Griffin,0
480,61745561,House of Marionne,0,J. Elle,0
481,60683957,Check & Mate,0,Ali Hazelwood,1
482,62804258,The Brothers Hawthorne,0,Jennifer Lynn Barnes,1
483,60788826,Five Survive,0,Holly Jackson,1
484,57932307,One of Us Is Back,0,Karen M. McManus,1
485,60784644,Immortality: A Love Story,0,Dana Schwartz,1
486,57370115,Highly Suspicious and Unfairly Cute,0,Talia Hibbert,1
487,61675933,Warrior Girl Unearthed,0,Angeline Boulley,1
488,61896624,"Imogen, Obviously",0,Becky Albertalli,1
489,58469344,The Davenports,0,Krystal Marquis,0
490,61948564,Reign,0,Katharine McGee,1
491,58484187,We Deserve Monuments,0,Jas Hammonds,1
492,60495147,Nine Liars,0,Maureen Johnson,1
493,59808187,Never Ever Getting Back Together,0,Sophie Gonzales,1
494,101141137,Pride and Prejudice and Pittsburgh,0,Rachael Lippincott,1
495,60197316,What Happens After Midnight,0,K.L. Walther,0
496,63933651,Together We Rot,0,Skyla Arndt,0
497,60759266,This Time It's Real,0,Ann Liang,1
498,112974911,Thieves' Gambit,0,Kayvion Lewis,0
499,61273082,Forget Me Not,0,Alyson Derrick,1
500,66087070,Suddenly a Murder,0,Lauren Muñoz,0
507,60784312,Adelaide,0,Genevieve Wheeler,0
509,61065982,The Bandit Queens,0,Parini Shroff,0
514,59948520,In Memoriam,0,Alice Winn,0
519,72339682,One Summer in Savannah,0,Terah Shelton Harris,0
520,61358638,"Poverty, by America",0,Matthew Desmond,1
521,59366123,Butts: A Backstory,0,Heather Radke,0
522,62873378,"The Art Thief: A True Story of Love, Crime, and a Dangerous Obsession",0,Michael Finkel,1
523,61886251,"8 Rules of Love: How to Find It, Keep It, and Let It Go",0,Jay Shetty,0
524,63876551,On Our Best Behavior: The Seven Deadly Sins and the Price Women Pay to Be Good,0,Elise Loehnen,0
525,138505710,Doppelganger: A Trip into the Mirror World,0,Naomi Klein,1
526,61153739,Outlive: The Science & Art of Longevity,1,Peter Attia,0
526,61153739,Outlive: The Science & Art of Longevity,1,Bill Gifford,0
527,60965426,The Creative Act: A Way of Being,0,Rick Rubin,0
528,64000414,Trail of the Lost: The Relentless Search to Bring Home the Missing Hikers of the Pacific Crest Trail,0,Andrea Lankford,0
529,60769830,How Far the Light Reaches: A Life in Ten Sea Creatures,0,Sabrina Imbler,0
530,123195171,"Opinions: A Decade of Arguments, Criticism, and Minding Other People's Business",0,Roxane Gay,1
531,75494215,Eve: How the Female Body Drove 200 Million Years of Human Evolution,0,Cat Bohannon,0
532,60784614,Cobalt Red: How the Blood of the Congo Powers Our Lives,0,Siddharth Kara,0
533,157095669,Hidden Potential: The Science of Achieving Greater Things,0,Adam M. Grant,1
534,62586003,Ultra-Processed People: The Science Behind Food That Isn't Food,0,Chris van Tulleken,0
535,61685822,Monsters: A Fan's Dilemma,0,Claire Dederer,0
536,65214406,Punished for Dreaming: How School Reform Harms Black Children and How We Heal,0,Bettina L. Love,0
537,63102846,Never Finished: Unshackle Your Mind and Win the War Within,0,David Goggins,0
538,61273746,The Good Life: Lessons from the World's Longest Scientific Study of Happiness,1,Robert Waldinger,0
538,61273746,The Good Life: Lessons from the World's Longest Scientific Study of Happiness,1,Marc Schulz,0
539,137978862,Build the Life You Want: The Art and Science of Getting Happier,1,Oprah Winfrey,1
539,137978862,Build the Life You Want: The Art and Science of Getting Happier,1,Arthur C. Brooks,0
540,63133205,The Woman in Me,0,Britney Spears,0
541,62296528,Spare,1,Prince Harry,0
541,62296528,Spare,1,J.R. Moehringer,0
542,61317637,Pageboy: A Memoir,0,Elliot Page,0
543,61273812,You Could Make This Place Beautiful,0,Maggie Smith,1
544,166175422,Counting the Cost,1,Jill Duggar,0
544,166175422,Counting the Cost,1,Derick Dillard,0
544,166175422,Counting the Cost,1,Craig Borlase,0
545,61357133,All My Knotted-Up Life: A Memoir,0,Beth Moore,0
546,61812425,Paris: The Memoir,0,Paris Hilton,0
547,61812427,"Love, Pamela",0,Pamela Anderson,0
548,61111274,Hijab Butch Blues,0,Lamya H.,0
549,63033521,The In-Between: Unforgettable Encounters During Life's Final Moments,0,Hadley Vlahos,0
550,88564046,Thicker than Water: A Memoir,0,Kerry Washington,0
551,128624877,"The Many Lives of Mama Love: A Memoir of Lying, Stealing, Writing, and Healing",0,Lara Love Hardin,1
552,125253126,The Witching Year: A Memoir of Earnest Fumbling Through Modern Witchcraft,0,Diana Helmuth,0
553,61885057,While You Were Out: An Intimate Family Portrait of Mental Illness in an Era of Silence,0,Meg Kissinger,0
554,62919742,How to Say Babylon,0,Safiya Sinclair,0
555,62971594,Tell Me Everything,0,Minka Kelly,0
556,62837289,Becoming Free Indeed: My Story of Disentangling Faith from Fear,0,Jinger Duggar Vuolo,0
557,124948662,"A Man of Two Faces: A Memoir, a History, a Memorial",0,Viet Thanh Nguyen,1
558,142601047,They Called Us Exceptional: And Other Lies That Raised Us,0,Prachi Gupta,0
559,62050250,A Living Remedy: A Memoir,0,Nicole Chung,1
560,61714633,"The Wager: A Tale of Shipwreck, Mutiny and Murder",0,David Grann,1
561,101160753,The Six: The Untold Story of America's First Women Astronauts,0,Loren Grush,0
562,65214203,"Killing the Witches: The Horror of Salem, Massachusetts",1,Bill O'Reilly,1
562,65214203,"Killing the Witches: The Horror of Salem, Massachusetts",1,Martin Dugard,1
563,62039291,King: A Life,0,Jonathan Eig,0
564,61858962,Valiant Women: The Extraordinary American Servicewomen Who Helped Win World War II,0,Lena Andrews,0
565,55959466,Black AF History: The Un-Whitewashed Story of America,0,Michael Harriot,0
566,61423989,"A Fever in the Heartland: The Ku Klux Klan's Plot to Take Over America, and the Woman Who Stopped Them",0,Timothy Egan,1
567,122765395,Elon Musk,0,Walter Isaacson,1
568,61327450,Pathogenesis: A History of the World in Eight Plagues,0,Jonathan Kennedy,0
569,112975117,Astor: The Rise and Fall of an American Fortune,1,Anderson Cooper,1
569,112975117,Astor: The Rise and Fall of an American Fortune,1,Katherine Howe,1
570,61965394,The Earth Transformed: An Untold History,0,Peter Frankopan,0
571,62918681,The Book of Charlie: Wisdom from the Remarkable American Life of a 109-Year-Old Man,0,David von Drehle,0
572,60098287,Star Crossed: A True Romeo and Juliet Story in Hitler's Paris,1,Heather Dune Macadam,1
572,60098287,Star Crossed: A True Romeo and Juliet Story in Hitler's Paris,1,Simon Worrall,0
573,61272711,Master Slave Husband Wife: An Epic Journey from Slavery to Freedom,0,Ilyon Woo,0
574,63024187,When Crack Was King: A People's History of a Misunderstood Era,0,Donovan X. Ramsey,0
575,60784360,"The Nazi Conspiracy: The Secret Plot to Kill Roosevelt, Stalin, and Churchill",1,Brad Meltzer,1
575,60784360,"The Nazi Conspiracy: The Secret Plot to Kill Roosevelt, Stalin, and Churchill",1,Josh Mensch,1
576,61192830,The Confidante: The Untold Story of the Woman Who Helped Win WWII and Shape Modern America,0,Christopher C. Gorham,0
577,62328661,Rough Sleepers,0,Tracy Kidder,0
578,61420116,"There Will Be Fire: Margaret Thatcher, the IRA, and Two Minutes That Changed History",0,Rory Carroll,0
579,149105520,Going Infinite: The Rise and Fall of a New Tycoon,0,Michael Lewis,1
580,65215014,Being Henry: The Fonz . . . and Beyond,1,Henry Winkler,0
580,65215014,Being Henry: The Fonz . . . and Beyond,1,James Kaplan,0
581,123027172,Leslie F*cking Jones,0,Leslie Jones,0
582,112093865,"Sure, I'll Join Your Cult: A Memoir of Mental Illness and the Quest to Belong Anywhere",0,Maria Bamford,0
583,62873978,Tough Titties: On Living Your Best Life When You're the F-ing Worst,0,Laura Belgray,0
584,62052300,Quietly Hostile: Essays,0,Samantha Irby,1
585,59903149,Strong Female Character,0,Fern Brady,0
586,150038752,Unruly: A History of England's Kings and Queens,0,David Mitchell,1
587,123226898,"XOXO, Cody: An Opinionated Homosexual's Guide to Self-Love, Relationships, and Tactful Pettiness",0,Cody Rigsby,0
588,60568490,The World Record Book of Racist Stories,1,Amber Ruffin,1
588,60568490,The World Record Book of Racist Stories,1,Lacey Lamar,1
589,56969544,Black Friend: Essays,0,Ziwe,0
590,71872896,"Congratulations, the Best is Over!",0,R. Eric Thomas,1
591,62919409,How to Stay Married: The Most Insane Love Story Ever Told,0,Harrison Scott Key,0
592,61349388,It Was an Ugly Couch Anyway: And Other Thoughts on Moving Forward,0,Elizabeth Passarella,0
593,63184330,Everybody's Favorite: Tales from the World's Worst Perfectionist,0,Lillian Stone,0
594,65214162,Surely You Can't Be Serious: The True Story of Airplane!,1,David Zucker,0
594,65214162,Surely You Can't Be Serious: The True Story of Airplane!,1,Jim Abrahams,0
594,65214162,Surely You Can't Be Serious: The True Story of Airplane!,1,Jerry Zucker,0
595,65211790,Misfit: Growing Up Awkward in the '80s,0,Gary Gulman,0
596,125930612,"Unreliable Narrator: Me, Myself, and Impostor Syndrome",0,Aparna Nancherla,0
597,60563720,America the Beautiful?: One Woman in a Borrowed Prius on the Road Most Traveled,0,Blythe Roberson,0
598,61089466,Alexandra Petri's US History: Important American Documents,0,Alexandra Petri,0
599,61273783,"Not Funny: Essays on Life, Comedy, Culture, Et Cetera",0,Jena Friedman,0
600,58784475,"Tomorrow, and Tomorrow, and Tomorrow",0,Gabrielle Zevin,1
601,57701764,Wish You Were Here,0,Jodi Picoult,1
602,60209470,The Winners,0,Fredrik Backman,1
603,58733693,Remarkably Bright Creatures,0,Shelby Van Pelt,0
604,59227941,The Hotel Nantucket,0,Elin Hilderbrand,1
605,60149573,Our Missing Hearts,0,Celeste Ng,1
606,57693262,Cleopatra and Frankenstein,0,Coco Mellors,1
607,57739876,To Paradise,0,Hanya Yanagihara,1
608,59807954,Other Birds,0,Sarah Addison Allen,1
609,57773248,Notes on an Execution,0,Danya Kukafka,0
610,59912428,Mad Honey,1,Jodi Picoult,1
610,59912428,Mad Honey,1,Jennifer Finney Boylan,0
611,57693171,Olga Dies Dreaming,0,Xóchitl González,1
612,59089704,This Time Tomorrow,0,Emma Straub,0
613,60194162,Demon Copperhead,0,Barbara Kingsolver,1
614,58395049,True Biz,0,Sara Nović,1
615,58537371,Nightcrawling,0,Leila Mottley,0
616,60657583,Lucy by the Sea,0,Elizabeth Strout,1
617,56271394,Honor,0,Thrity Umrigar,0
618,59808037,How Not to Drown in a Glass of Water,0,Angie Cruz,0
619,60415700,Now Is Not the Time to Panic,0,Kevin Wilson,0
620,55196813,The Maid,0,Nita Prose,1
621,58468990,The Paris Apartment,0,Lucy Foley,1
622,58957615,The Bullet That Missed,0,Richard Osman,1
623,57693172,A Flicker in the Dark,0,Stacy Willingham,1
624,58371432,The Book of Cold Cases,0,Simone St. James,1
625,59947696,Wrong Place Wrong Time,0,Gillian McAllister,0
626,60149532,Killers of a Certain Age,0,Deanna Raybourn,1
627,59345249,The It Girl,0,Ruth Ware,1
628,60142750,All Good People Here,0,Ashley Flowers,0
629,59808050,Daisy Darker,0,Alice Feeney,1
630,61991328,The Housemaid,0,Freida McFadden,1
631,57693416,The Golden Couple,1,Greer Hendricks,1
631,57693416,The Golden Couple,1,Sarah Pekkanen,1
632,58724802,Things We Do in the Dark,0,Jennifer Hillier,0
633,58386733,The Violin Conspiracy,0,Brendan Slocumb,0
634,58855185,The Family Remains,0,Lisa Jewell,1
635,57693427,The Night Shift,0,Alex Finlay,0
636,58756502,Jackal,0,Erin E. Adams,0
637,57649351,The Overnight Guest,0,Heather Gudenkauf,1
638,60417443,The Family Game,0,Catherine Steadman,1
639,58984701,More Than You'll Ever Know,0,Katie Gutierrez,0
640,60435878,Carrie Soto Is Back,0,Taylor Jenkins Reid,1
641,58065033,Lessons in Chemistry,0,Bonnie Garmus,0
642,57699848,Go Tell the Bees That I Am Gone,0,Diana Gabaldon,1
643,58490567,The Diamond Eye,0,Kate Quinn,1
644,57926137,Black Cake,0,Charmaine Wilkerson,0
645,57933338,Violeta,1,Isabel Allende,1
645,57933338,Violeta,1,Frances Riddle,0
646,60353768,The Marriage Portrait,0,Maggie O'Farrell,1
647,55650158,Take My Hand,0,Dolen Perkins-Valdez,0
648,58803339,The Book Woman's Daughter,0,Kim Michele Richardson,1
649,58891551,Young Mungo,0,Douglas Stuart,1
650,57099323,The Magnolia Palace,0,Fiona Davis,0
651,57693519,The Last House on the Street,0,Diane Chamberlain,1
652,52268640,Memphis,0,Tara M. Stringfellow,0
653,59807978,Hester,0,Laurie Lico Albanese,0
654,57518629,The Last Rose of Shanghai,0,Weina Dai Randel,1
655,60371805,Shrines of Gaiety,0,Kate Atkinson,1
656,58210933,Trust,0,Hernan Diaz,0
657,60581087,The Passenger,0,Cormac McCarthy,0
658,58231775,Peach Blossom Spring,0,Melissa Fu,0
659,55987334,Four Treasures of the Sky,0,Jenny Tinghui Zhang,0
660,40132775,House of Sky and Breath,0,Sarah J. Maas,1
661,57945316,Babel,0,R.F. Kuang,1
662,60177373,Fairy Tale,0,Stephen King,1
663,59807955,The Atlas Six,0,Olivie Blake,0
664,58547540,The War of Two Queens,0,Jennifer L. Armentrout,1
665,57789637,Daughter of the Moon Goddess,1,Sue Lynn Tan,0
665,57789637,Daughter of the Moon Goddess,1,Kuri Huang,0
666,60018635,The Very Secret Society of Irregular Witches,0,Sangu Mandanna,0
667,60314494,Legends & Lattes,0,Travis Baldree,1
668,23947089,The Lost Metal,0,Brandon Sanderson,1
669,59743340,The Golden Enclaves,0,Naomi Novik,1
670,58725016,Elektra,0,Jennifer Saint,1
671,57127277,Kaikeyi,0,Vaishnavi Patel,0
672,58724745,The Book Eaters,0,Sunyi Dean,0
673,58783802,When Women Were Dragons,0,Kelly Barnhill,1
674,56179377,Nettle & Bone,0,T. Kingfisher,1
675,60399181,The World We Make,0,N.K. Jemisin,1
676,58132544,A River Enchanted,0,Rebecca Ross,1
677,60018639,Thistlefoot,0,GennaRose Nethercott,0
678,58950705,The Stardust Thief,0,Chelsea Abdullah,0
679,58725025,Ordinary Monsters,0,J.M. Miro,0
680,58690308,Book Lovers,0,Emily Henry,1
681,58346977,Reminders of Him,0,Colleen Hoover,1
682,60393672,It Starts with Us,0,Colleen Hoover,1
683,59856881,Love on the Brain,0,Ali Hazelwood,1
684,58014893,Every Summer After,0,Carley Fortune,1
685,60156155,Things We Never Got Over,0,Lucy Score,1
686,54756850,Delilah Green Doesn't Care,0,Ashley Herring Blake,0
687,62056935,Twisted Hate,0,Ana Huang,1
688,60476301,Terms and Conditions,0,Lauren Asher,1
689,58283080,"Hook, Line, and Sinker",0,Tessa Bailey,1
690,58684524,Part of Your World,0,Abby Jimenez,1
691,59232998,You Made a Fool of Death with Your Beauty,0,Akwaeke Emezi,1
692,57661359,Electric Idol,0,Katee Robert,1
693,58724801,The Bodyguard,0,Katherine Center,1
694,60114057,The American Roommate Experiment,0,Elena Armas,1
695,58065414,Funny You Should Ask,0,Elissa Sussman,0
696,59314703,Thank You for Listening,0,Julia Whelan,0
697,59949720,The Kiss Curse,0,Erin Sterling,1
698,57007401,Dating Dr. Dil,0,Nisha Sharma,0
699,55506996,The Wedding Crasher,0,Mia Sosa,0
700,58446227,Sea of Tranquility,0,Emily St. John Mandel,1
701,54829360,The Daughter of Doctor Moreau,0,Silvia Moreno-Garcia,1
702,58662507,Nona the Ninth,0,Tamsyn Muir,1
703,57850265,How High We Go in the Dark,0,Sequoia Nagamatsu,0
704,59838811,Upgrade,0,Blake Crouch,1
705,58884736,The Measure,0,Nikki Erlick,0
706,28335699,Leviathan Falls,0,James S.A. Corey,1
707,57693406,The Kaiju Preservation Society,0,John Scalzi,1
708,57693184,Dead Silence,0,S.A. Barnes,0
709,56754734,Hunt the Stars,0,Jessie Mihalik,0
710,59808117,Ocean's Echo,0,Everina Maxwell,1
711,60035241,Station Eternity,0,Mur Lafferty,1
712,59807968,Leech,0,Hiron Ennes,0
713,59807970,Self-Portrait with Nothing,0,Aimee Pokwatka,0
714,60522318,Lost in Time,0,A.G. Riddle,0
715,58684535,Atomic Anna,0,Rachel Barenbaum,0
716,59808142,The Genesis of Misery,0,Neon Yang,0
717,57693457,Mickey7,0,Edward Ashton,0
718,57771216,Sleepwalk,0,Dan Chaon,1
719,60293362,Primitives,0,Erich Krauss,0
720,58724923,Hidden Pictures,0,Jason Rekulak,1
721,57840571,The Hacienda,0,Isabel Cañas,1
722,58724626,What Moves the Dead,0,T. Kingfisher,1
723,59366265,Gwendy's Final Task,1,Stephen King,1
723,59366265,Gwendy's Final Task,1,Richard Chizmar,1
724,58966216,Juniper & Thorn,0,Ava Reid,1
725,58724816,Our Wives Under the Sea,0,Julia Armfield,0
726,58438554,The Children on the Hill,0,Jennifer McMahon,1
727,60052118,House of Hunger,0,Alexis Henderson,1
728,57926112,The Violence,0,Delilah S. Dawson,0
729,53620541,Just Like Mother,0,Anne Heltzel,0
730,53329296,Manhunt,0,Gretchen Felker-Martin,0
731,59746719,Gallows Hill,0,Darcy Coates,1
732,59575958,Small Angels,0,Lauren Owen,0
733,60209475,We Spread,0,Iain Reid,1
734,60097467,Such Sharp Teeth,0,Rachel Harrison,1
735,57693183,Sundial,0,Catriona Ward,1
736,58978299,The Devil Takes You Home,0,Gabino Iglesias,1
737,60652964,White Horse,0,Erika T. Wurth,0
738,55959421,The Cherry Robbers,0,Sarai Walker,1
739,58652649,The Fervor,0,Alma Katsu,1
740,57093755,The Office BFFs: Tales of The Office from Two Best Friends Who Were There,1,Jenna Fischer,0
740,57093755,The Office BFFs: Tales of The Office from Two Best Friends Who Were There,1,Angela Kinsey,0
741,58438562,Girls Can Kiss Now: Essays,0,Jill Gutowitz,0
742,58541424,"Hello, Molly!: A Memoir",1,Molly Shannon,0
742,58541424,"Hello, Molly!: A Memoir",1,Sean Wilsey,0
743,40588534,Ten Steps to Nanette,0,Hannah Gadsby,0
744,58438584,"Idiots: Marriage, Motherhood, Milk & Mistakes",0,Laura Clery,0
745,58989873,Happy-Go-Lucky,0,David Sedaris,1
746,58082714,The Nineties,0,Chuck Klosterman,1
747,57008102,The Field Guide to Dumb Birds of the Whole Stupid World,0,Matt Kracht,1
748,58537351,All About Me! My Remarkable Life in Show Business,0,Mel Brooks,0
749,58587872,I'll Show Myself Out: Essays on Midlife and Motherhood,0,Jessi Klein,1
750,58078596,Who Do I Think I Am?: Stories of Chola Wishes and Caviar Dreams,0,Anjelah Johnson-Reyes,0
751,57007950,"I'd Like to Play Alone, Please: Essays",0,Tom Segura,0
752,60168034,Excuse Me While I Disappear: Tales of Midlife Mayhem,0,Laurie Notaro,1
753,56347312,Start Without Me,0,Gary Janetti,1
754,58739606,I'm More Dateable than a Plate of Refried Beans: And Other Romantic Observations,0,Ginny Hogan,0
755,57678864,"Midlife Bites: Anyone Else Falling Apart, Or Is It Just Me?",0,Jen Mann,1
756,59639080,The World's Worst Assistant,1,Sona Movsesian,0
756,59639080,The World's Worst Assistant,1,Conan O'Brien,0
757,59366125,The World Deserves My Children,0,Natasha Leggero,0
758,58784283,Sicker in the Head: More Conversations About Life and Comedy,0,Judd Apatow,1
759,58065028,In On the Joke: The Original Queens of Standup Comedy,0,Shawn Levy,0
760,58330567,Atlas of the Heart: Mapping Meaningful Connection and the Language of Human Experience,1,Brené Brown,1
760,58330567,Atlas of the Heart: Mapping Meaningful Connection and the Language of Human Experience,1,Gavin Aung Than,0
761,57693618,Unmasked: My Life Solving America's Cold Cases,1,Robin Gaby Fisher,1
761,57693618,Unmasked: My Life Solving America's Cold Cases,1,Paul Holes,0
762,58536046,Why Has Nobody Told Me This Before?,0,Julie Smith,0
763,60190659,What If? 2: Additional Serious Scientific Answers to Absurd Hypothetical Questions,0,Randall Munroe,1
764,56922687,These Precious Days: Essays,0,Ann Patchett,1
765,58724737,All the Living and the Dead,0,Hayley Campbell,0
766,58537332,"The Myth of Normal: Trauma, Illness, and Healing in a Toxic Culture",1,Gabor Maté,0
766,58537332,"The Myth of Normal: Trauma, Illness, and Healing in a Toxic Culture",1,Daniel Maté,0
767,58484901,How to Be Perfect: The Correct Answer to Every Moral Question,0,Michael Schur,0
768,59575939,An Immense World: How Animal Senses Reveal the Hidden Realms Around Us,0,Ed Yong,1
769,58734811,Bittersweet: How Sorrow and Longing Make Us Whole,0,Susan Cain,1
770,58848151,The Trayvon Generation,0,Elizabeth Alexander,0
771,59808487,Starry Messenger: Cosmic Perspectives on Civilization,0,Neil deGrasse Tyson,1
772,59148726,"Rogues: True Stories of Grifters, Killers, Rebels and Crooks",0,Patrick Radden Keefe,1
773,60321392,The Song of the Cell: An Exploration of Medicine and the New Human,0,Siddhartha Mukherjee,1
774,58446721,The Power of Regret: How Looking Backward Moves Us Forward,0,Daniel H. Pink,1
775,60149558,"Visual Thinking: The Hidden Gifts of People Who Think in Pictures, Patterns, and Abstractions",0,Temple Grandin,1
776,57933306,Stolen Focus: Why You Can't Pay Attention— and How to Think Deeply Again,0,Johann Hari,1
777,55276620,South to America: A Journey Below the Mason Dixon to Understand the Soul of a Nation,0,Imani Perry,0
778,56269163,A Taste for Poison: Eleven Deadly Molecules and the Killers Who Used Them,0,Neil Bradbury,0
779,59616977,Building a Second Brain: A Proven Method to Organize Your Digital Life and Unlock Your Creative Potential,0,Tiago Forte,0
780,59366244,I’m Glad My Mom Died,0,Jennette McCurdy,0
781,59808451,"Madly, Deeply: The Diaries of Alan Rickman",1,Alan Rickman,0
781,59808451,"Madly, Deeply: The Diaries of Alan Rickman",1,Alan Taylor,0
781,59808451,"Madly, Deeply: The Diaries of Alan Rickman",1,Rima Horton,0
782,58687126,Finding Me,0,Viola Davis,0
783,59641216,"Friends, Lovers, and the Big Terrible Thing",1,Matthew Perry,0
783,59641216,"Friends, Lovers, and the Big Terrible Thing",1,Lisa Kudrow,0
784,55507037,We Were Dreamers: An Immigrant Superhero Origin Story,0,Simu Liu,0
785,58214328,What My Bones Know: A Memoir of Healing from Complex Trauma,0,Stephanie Foo,0
786,59452407,Mean Baby: A Memoir of Growing Up,0,Selma Blair,0
787,59900688,Solito,0,Javier Zamora,0
788,56269214,Funny Farm: My Unexpected Life with 600 Rescue Animals,0,Laurie Zaleski,0
789,59900658,Year of the Tiger: An Activist's Life,0,Alice Wong,0
790,58065372,In Love: A Memoir of Love and Loss,0,Amy Bloom,0
791,58438569,"Bomb Shelter: Love, Time, and Other Explosives",0,Mary Laura Philpott,0
792,59537947,Token Black Girl: A Memoir,0,Danielle Prescod,0
793,58684300,Left on Tenth: A Second Chance at Life,0,Delia Ephron,0
794,57800384,Lost & Found: A Memoir,0,Kathryn Schulz,0
795,58988396,Crying in the Bathroom,0,Erika L. Sánchez,0
796,59808316,Uncultured: A Memoir,0,Daniella Mestyanek Young,0
797,59411559,The Man Who Could Move Clouds,0,Ingrid Rojas Contreras,1
798,59900070,Stay True,0,Hua Hsu,0
799,58438546,Easy Beauty,0,Chloé Cooper Jones,0
800,59012057,Bad Gays: A Homosexual History,1,Huw Lemmey,0
800,59012057,Bad Gays: A Homosexual History,1,Ben Miller,0
801,58890953,His Name Is George Floyd: One Man's Life and the Struggle for Racial Justice,1,Robert Samuels,0
801,58890953,His Name Is George Floyd: One Man's Life and the Struggle for Racial Justice,1,Toluse Olorunnipa,0
802,53138220,The Dark Queens: The Bloody Rivalry That Forged the Medieval World,0,Shelley Puhak,0
803,60194141,The Escape Artist: The Man Who Broke Out of Auschwitz to Warn the World,0,Jonathan Freedland,0
804,60647674,And There Was Light: Abraham Lincoln and the American Struggle,0,Jon Meacham,1
805,55510928,Wise Gals: The Spies Who Built the CIA and Changed the Future of Espionage,0,Nathalia Holt,1
806,59366098,Anna: The Biography,0,Amy Odell,0
807,58724805,Slaying the Dragon: A Secret History of Dungeons & Dragons,0,Ben Riggs,0
808,58141198,"Agent Josephine: American Beauty, French Hero, British Spy",0,Damien Lewis,0
809,58777696,"River of the Gods: Genius, Courage and Betrayal in the Search for the Source of the Nile",0,Candice Millard,1
810,56212888,Shine Bright: A Very Personal History of Black Women in Pop,0,Danyel Smith,0
811,59577287,"The Scandalous Hamiltons: A Gilded Age Grifter, a Founding Father's Disgraced Descendant, and a Trial at the Dawn of Tabloid Journalism",0,Bill Shaffer,0
812,59883560,"Prisoners of the Castle: An Epic Story of Survival and Escape from Colditz, the Nazis' Fortress Prison",0,Ben Macintyre,1
813,58999198,"Bad Mexicans: Race, Empire, and Revolution in the Borderlands",0,Kelly Lytle Hernández,0
814,55959483,Rise: A Pop History of Asian America from the Nineties to Now,1,Jeff Yang,0
814,55959483,Rise: A Pop History of Asian America from the Nineties to Now,1,Phil Yu,0
814,55959483,Rise: A Pop History of Asian America from the Nineties to Now,1,Philip Wang,0
815,60468246,The Revolutionary: Samuel Adams,0,Stacy Schiff,1
816,58678848,Gangsters vs. Nazis: How Jewish Mobsters Battled Nazis in Wartime America,0,Michael Benson,0
817,59571998,Dangerous Rhythms: Jazz and the Underworld,0,T.J. English,0
818,60141696,"American Midnight: The Great War, a Violent Peace, and Democracy's Forgotten Crisis",0,Adam Hochschild,1
819,60165389,By Hands Now Known: Jim Crow's Legal Executioners,0,Margaret A. Burnham,0
820,56060300,Heartstopper: Volume Four,0,Alice Oseman,1
821,57717417,Lore Olympus: Volume Two,0,Rachel Smythe,1
822,59785164,Demon in the Wood,1,Leigh Bardugo,1
822,59785164,Demon in the Wood,1,Dani Pendergast,0
823,50898151,Oddball,0,Sarah Andersen,1
824,29237224,"Saga, Volume Ten",1,Fiona Staples,1
824,29237224,"Saga, Volume Ten",1,Brian K. Vaughan,1
825,58739572,Wash Day Diaries,1,Jamila Rowser,0
825,58739572,Wash Day Diaries,1,Robyn Smith,0
825,58739572,Wash Day Diaries,1,Bex Glendining,0
826,60320130,Everything Is OK,0,Debbie Tung,1
827,57005205,Huda F Are You?: A Graphic Novel,0,Huda Fahmy,0
828,59069071,Ducks: Two Years in the Oil Sands,0,Kate Beaton,1
829,55700840,"Fangirl, Vol. 2: The Manga",1,Sam Maggs,1
829,55700840,"Fangirl, Vol. 2: The Manga",1,Gabi Nam,1
829,55700840,"Fangirl, Vol. 2: The Manga",1,Rainbow Rowell,1
830,58839343,Crumbs,0,Danie Stirling,0
831,60043514,Killing Stalking: Deluxe Edition Vol. 1,0,Koogi,0
832,60018573,"A Career in Books: A Novel about Friends, Money, and the Occasional Duck Bun",0,Kate Gavino,0
833,58673883,The Many Deaths of Laila Starr,1,Ram V.,0
833,58673883,The Many Deaths of Laila Starr,1,Filipe Andrade,0
833,58673883,The Many Deaths of Laila Starr,1,Inês Amaro,0
834,58437862,Chef's Kiss,1,Jarrett Melendez,0
834,58437862,Chef's Kiss,1,Danica Brine,0
834,58437862,Chef's Kiss,1,Hank Jones,0
835,57992923,Squire,1,Nadia Shammas,0
835,57992923,Squire,1,Sara Alfageeh,0
836,58719265,Welcome to St. Hell: My Trans Teen Misadventure,0,Lewis Hancox,0
837,60099713,It Won't Always Be Like This,0,Malaka Gharib,0
838,55867756,Messy Roots: A Graphic Memoir of a Wuhanese American,0,Laura Gao,0
839,60665429,Thieves,0,Lucie Bryon,0
840,56805404,Call Us What We Carry,0,Amanda Gorman,1
841,58582927,Time Is a Mother,0,Ocean Vuong,1
842,58439971,Unlock Your Storybook Heart,0,Amanda Lovelace,1
843,58439983,Serenity: Poems,0,F.S. Yousaf,0
844,59921489,On Sun Swallowing,0,Dakota Warren,0
845,60409981,And Yet: Poems,0,Kate Baer,1
846,60147181,"The World Keeps Ending, and the World Goes On",0,Franny Choi,1
847,55835966,Bless the Daughter Raised by a Voice in Her Head,0,Warsan Shire,0
848,59679549,Woman Without Shame: Poems,0,Sandra Cisneros,1
849,59900080,Musical Tables: Poems,0,Billy Collins,1
850,59382078,Poukahangatus: Poems,0,Tayi Tibble,0
851,59571658,The Hurting Kind: Poems,0,Ada Limon,0
852,60320135,The Shift: Poetry for a New Perspective,0,Melody Godfred,0
853,60165457,Weaving Sundown in a Scarlet Light: Fifty Poems for Fifty Years,1,Sandra Cisneros,1
853,60165457,Weaving Sundown in a Scarlet Light: Fifty Poems for Fifty Years,1,Joy Harjo,0
854,60753258,Alive at the End of the World,1,Saeed Jones,1
854,60753258,Alive at the End of the World,1,D.A. Powell,1
855,59788399,Girls That Never Die: Poems,0,Safia Elhillo,1
856,59576068,Walking Gentry Home: A Memoir of My Foremothers in Verse,0,Alora Young,0
857,60059700,Normal Distance,0,Elisa Gabbert,0
858,58393241,All the Flowers Kneeling,0,Paul Tran,0
859,58984757,Golden Ax,0,Rio Cortez,0
880,59233594,The Final Gambit,0,Jennifer Lynn Barnes,1
881,55977956,Loveless,0,Alice Oseman,1
882,58756420,I Kissed Shara Wheeler,0,Casey McQuiston,1
883,59723790,The First to Die at the End,0,Adam Silvera,1
884,56970272,I Must Betray You,0,Ruta Sepetys,1
885,57917042,Anatomy: A Love Story,0,Dana Schwartz,1
886,57899793,All My Rage,0,Sabaa Tahir,1
887,61713106,I Fell in Love With Hope,0,Lancali,0
888,59586261,Family of Liars,0,E. Lockhart,1
889,58842731,The Lesbiana's Guide to Catholic School,0,Sonora Reyes,0
890,57390604,As Long as the Lemon Trees Grow,0,Zoulfa Katouh,0
891,59816818,The Weight of Blood,0,Tiffany D. Jackson,1
892,56200366,You'll Be the Death of Me,0,Karen M. McManus,1
893,58437812,She Gets the Girl,1,Rachael Lippincott,1
893,58437812,She Gets the Girl,1,Alyson Derrick,1
894,57911600,Hell Followed With Us,0,Andrew Joseph White,0
895,59365594,See You Yesterday,0,Rachel Lynn Solomon,1
896,58857822,My Mechanical Romance,0,Alexene Farol Follmuth,0
897,51559209,Nothing More to Tell,0,Karen M. McManus,1
898,56978109,Ophelia After All,0,Racquel Marie,0
899,58543750,A Show for Two,0,Tashie Bhuiyan,1
900,58064046,Gallant,1,Victoria E. Schwab,1
900,58064046,Gallant,1,Manuel Sumberac,0
901,59365195,Bloodmarked,0,Tracy Deonn,1
902,60021196,Kingdom of the Feared,0,Kerri Maniscalco,1
903,59808071,The Ballad of Never After,0,Stephanie Garber,1
904,56978100,The Girl Who Fell Beneath the Sea,0,Axie Oh,0
905,57571215,Cytonic,0,Brandon Sanderson,1
906,60138097,Foul Lady Fortune,0,Chloe Gong,1
907,59227936,Belladonna,0,Adalyn Grace,1
908,59251223,Cursed,0,Marissa Meyer,1
909,57992931,This Woven Kingdom,0,Tahereh Mafi,1
910,58311939,These Twisted Bonds,0,Lexi Ryan,1
911,58329296,All That’s Left in the World,0,Erik J. Brown,0
912,59251248,The Sunbearer Trials,0,Aiden Thomas,1
913,55812605,Hotel Magnifique,0,Emily J. Taylor,0
914,56978089,A Magic Steeped in Poison,0,Judy I. Lin,0
915,58437818,So This Is Ever After,0,F.T. Lukens,0
916,60099660,If You Could See the Sun,0,Ann Liang,1
917,58210340,Only a Monster,0,Vanessa Len,0
918,59709309,The Dragon's Promise,0,Elizabeth Lim,1
919,59513138,Violet Made of Thorns,0,Gina Chen,0
920,57347345,I Am Quiet: A Story for the Introvert in All of Us,1,Andie Powers,0
920,57347345,I Am Quiet: A Story for the Introvert in All of Us,1,Betsy Petersen,0
921,59773289,Rise of the School for Good and Evil,0,Soman Chainani,1
922,53023305,Amari and the Great Game,0,B.B. Alston,1
923,58932372,Small Town Pride,0,Phil Stamper,1
924,57468730,Witchlings,0,Claribel A. Ortega,1
925,58455872,This Is (Not) Enough,1,Anna Kang,1
925,58455872,This Is (Not) Enough,1,Christopher Weyant,1
926,58977856,Stellarlune,0,Shannon Messenger,1
927,59365584,Zachary Ying and the Dragon Emperor,0,Xiran Jay Zhao,1
928,59568370,The Elephant Girl,1,James Patterson,1
928,59568370,The Elephant Girl,1,Ellen Banda-Aaku,0
928,59568370,The Elephant Girl,1,Sophia Krevoy,0
929,58684442,Aru Shah and the Nectar of Immortality,0,Roshani Chokshi,1
930,56896065,The Marvellers,1,Dhonielle Clayton,1
930,56896065,The Marvellers,1,Khadijah Khatib,0
931,60245567,Ravenfall,0,Kalyn Josephson,0
932,58328436,The Ogress and the Orphans,0,Kelly Barnhill,1
933,59917927,The Best Gift for Bear,0,Jennifer A. Bell,0
934,58957681,I Am Able to Shine,1,Korey Watari,0
934,58957681,I Am Able to Shine,1,Mike Wu,0
935,58201801,New from Here,0,Kelly Yang,1
936,60531094,The Pennymores and the Curse of the Invisible Quill,0,Eric Koester,0
937,61304987,The Girl in White,0,Lindsay Currie,0
938,59808314,Bastille vs. the Evil Librarians,1,Brandon Sanderson,1
938,59808314,Bastille vs. the Evil Librarians,1,Janci Patterson,0
938,59808314,Bastille vs. the Evil Librarians,1,Hayley Lazo,0
939,60099657,How to Heal a Gryphon,0,Meg Cannistra,0
940,56597885,"Beautiful World, Where Are You",0,Sally Rooney,1
941,53310061,Dial A for Aunties,0,Jesse Q. Sutanto,1
942,56783258,Cloud Cuckoo Land,0,Anthony Doerr,1
943,54860573,Once There Were Wolves,0,Charlotte McConaghy,1
944,58698241,The Paper Palace,0,Miranda Cowley Heller,0
945,56625098,The Wish,0,Nicholas Sparks,1
946,54508798,The Guncle,0,Steven Rowley,1
947,48890225,"Detransition, Baby",0,Torrey Peters,0
948,55643278,Golden Girl,0,Elin Hilderbrand,1
949,55276648,The Reading List,0,Sara Nisha Adams,0
950,55467800,That Summer,0,Jennifer Weiner,1
951,55169040,We Are the Brennans,0,Tracey Lange,1
952,55577668,The One Hundred Years of Lenni and Margot,0,Marianne Cronin,0
953,56607366,Black Buck,0,Mateo Askaripour,0
954,57290383,Infinite Country,0,Patricia Engel,0
955,56816904,The Sentence,0,Louise Erdrich,1
956,56084279,This Close to Okay,0,Leesa Cross-Smith,0
957,56404444,Bewilderment,0,Richard Powers,1
958,56294820,Oh William!,0,Elizabeth Strout,1
959,42346406,One Two Three,0,Laurie Frankel,1
960,58744977,The Last Thing He Told Me,0,Laura Dave,1
961,45300567,The Maidens,0,Alex Michaelides,1
962,56852407,Billy Summers,0,Stephen King,1
963,52476830,The Push,0,Ashley Audrain,0
964,54886959,Arsenic and Adobo,0,Mia P. Manansala,0
965,54626223,Harlem Shuffle,0,Colson Whitehead,1
966,56143578,Apples Never Fall,0,Liane Moriarty,1
967,53137893,The Wife Upstairs,0,Rachel Hawkins,1
968,56269064,Rock Paper Scissors,0,Alice Feeney,1
969,57660923,Razorblade Tears,0,S.A. Cosby,1
970,54737068,Local Woman Missing,0,Mary Kubica,1
971,53317496,The Survivors,0,Jane Harper,1
972,53137974,The Good Sister,0,Sally Hepworth,1
973,55922299,The Night She Disappeared,0,Lisa Jewell,1
974,50279680,We Begin at the End,0,Chris Whitaker,1
975,55315487,The Plot,0,Jean Hanff Korelitz,0
976,56366617,Not a Happy Family,0,Shari Lapena,1
977,56213354,A Slow Fire Burning,0,Paula Hawkins,1
978,50516731,Every Last Secret,0,A.R. Torre,1
979,57505278,All Her Little Secrets,0,Wanda M. Morris,0
980,58745185,Malibu Rising,0,Taylor Jenkins Reid,1
981,57175097,The Four Winds,0,Kristin Hannah,1
982,53288434,The Lost Apothecary,0,Sarah Penner,0
983,53914937,The Rose Code,0,Kate Quinn,1
984,57109107,The Lincoln Highway,0,Amor Towles,1
985,52761909,The Paris Library,0,Janet Skeslien Charles,0
986,54814839,The Dictionary of Lost Words,0,Pip Williams,0
987,54063343,Hour of the Witch,0,Chris Bohjalian,1
988,55333938,The Personal Librarian,1,Marie Benedict,0
988,55333938,The Personal Librarian,1,Victoria Christopher Murray,0
989,54304031,Yellow Wife,0,Sadeqa Johnson,1
990,56435922,The Prophets,0,Robert Jones Jr.,0
991,53138197,Of Women and Salt,0,Gabriela Garcia,0
992,54304125,The Final Revival of Opal & Nev,0,Dawnie Walton,0
993,51183428,The Love Songs of W.E.B. Du Bois,0,Honorée Fanonne Jeffers,0
994,58997456,Great Circle,0,Maggie Shipstead,0
995,40204619,Eternal,0,Lisa Scottoline,1
996,55881796,Crossroads,0,Jonathan Franzen,1
997,56382412,Small Pleasures,0,Clare Chambers,0
998,53453399,West with Giraffes,0,Lynda Rutledge,0
999,54404602,The Sweetness of Water,0,Nathan Harris,0
1000,53138095,A ​Court of Silver Flames,0,Sarah J. Maas,1
1001,53205888,Under the Whispering Door,0,T.J. Klune,1
1002,55240343,The ​Crown of Gilded Bones,0,Jennifer L. Armentrout,1
1003,55077538,She Who Became the Sun,0,Shelley Parker-Chan,0
1004,54860614,Ariadne,0,Jennifer Saint,1
1005,55559887,The Last Graduate,0,Naomi Novik,1
1006,56898179,The Book of Magic,0,Alice Hoffman,1
1007,53438195,The Witch's Heart,0,Genevieve Gornichec,0
1008,56898076,The Inheritance of Orquídea Divina,0,Zoraida Córdova,0
1009,52694527,The Shadow of the Gods,0,John Gwynne,0
1010,53418394,For the Wolf,0,Hannah F. Whitten,1
1011,50523477,The Jasmine Throne,0,Tasha Suri,0
1012,55169019,The Chosen and the Beautiful,0,Nghi Vo,1
1013,55077706,A Master of Djinn,0,P. Djèlí Clark,1
1014,51530580,Malice,0,Heather Walter,0
1015,55276504,The Hidden Palace,0,Helene Wecker,1
1016,48915408,The Wolf and the Woodsman,0,Ava Reid,1
1017,56179356,A Spindle Splintered,0,Alix E. Harrow,1
1018,48915089,Sorrowland,0,Rivers Solomon,1
1019,54467051,The Unbroken,0,C.L. Clark,0
1020,54985743,People We Meet on Vacation,0,Emily Henry,1
1021,56732449,The Love Hypothesis,0,Ali Hazelwood,1
1022,54860443,One Last Stop,0,Casey McQuiston,1
1023,57190892,The Spanish Love Deception,0,Elena Armas,1
1024,53914936,"Act Your Age, Eve Brown",0,Talia Hibbert,1
1025,56554626,The Ex Hex,0,Erin Sterling,1
1026,54659771,Neon Gods,0,Katee Robert,1
1027,58235157,Seven Days in June,0,Tia Williams,1
1028,55659629,It Happened One Summer,0,Tessa Bailey,1
1029,55692620,The Soulmate Equation,0,Christina Lauren,1
1030,50052386,The Heart Principle,0,Helen Hoang,1
1031,56293873,The Road Trip,0,Beth O'Leary,1
1032,56898248,The Charm Offensive,0,Alison Cochrun,0
1033,54896882,Life's Too Short,0,Abby Jimenez,1
1034,45553600,Second First Impressions,0,Sally Thorne,1
1035,53382168,The Ex Talk,0,Rachel Lynn Solomon,1
1036,55904454,While We Were Dating,0,Jasmine Guillory,1
1037,54326395,The Dating Plan,0,Sara Desai,0
1038,54304013,Shipped,0,Angie Hockman,0
1039,52057698,How to Fail at Flirting,0,Denise Williams,0
1040,54493401,Project Hail Mary,0,Andy Weir,1
1041,54120408,Klara and the Sun,0,Kazuo Ishiguro,1
1042,51637946,Light of the Jedi,0,Charles Soule,1
1043,52379735,The Echo Wife,0,Sarah Gailey,1
1044,53205854,Fugitive Telemetry,0,Martha Wells,1
1045,53205912,Winter's Orbit,0,Everina Maxwell,1
1046,53911860,The End of Men,0,Christina Sweeney-Baird,0
1047,53205922,Remote Control,0,Nnedi Okorafor,1
1048,56179360,Light from Uncommon Stars,0,Ryka Aoki,0
1049,55077657,A Psalm for the Wild-Built,0,Becky Chambers,1
1050,55481226,Rabbits,0,Terry Miles,0
1051,45046566,A Desolation Called Peace,0,Arkady Martine,1
1052,54785541,Girl One,0,Sara Flannery Murphy,0
1053,53019456,Shards of Earth,0,Adrian Tchaikovsky,1
1054,56314212,Constance,0,Matthew FitzSimmons,0
1055,53205794,The Last Watch,0,J.S. Dewes,0
1056,57094295,Termination Shock,0,Neal Stephenson,1
1057,55659625,Appleseed,0,Matt Bell,0
1058,55711630,Firebreak,0,Nicole Kornher-Stace,0
1059,54304067,Machinehood,0,S.B. Divya,0
1060,55829194,The Final Girl Support Group,0,Grady Hendrix,1
1061,54798187,Later,0,Stephen King,1
1062,54621094,The Last House on Needless Street,0,Catriona Ward,1
1063,56666839,A Dowry of Blood,0,S.T. Gibson,0
1064,55711617,My Heart Is a Chainsaw,0,Stephen Graham Jones,1
1065,55782435,The Book of Accidents,0,Chuck Wendig,1
1066,53256108,All's Well,0,Mona Awad,1
1067,54303987,The Drowning Kind,0,Jennifer McMahon,1
1068,53290204,Summer Sons,0,Lee Mandelo,0
1069,56637938,Cackle,0,Rachel Harrison,1
1070,56179382,Comfort Me with Apples,0,Catherynne M. Valente,1
1071,55711747,Chasing the Boogeyman,0,Richard Chizmar,1
1072,51484449,Bloodline,0,Jess Lourey,1
1073,54735151,Near the Bone,0,Christina Henry,1
1074,55941857,The Hollows,0,Mark Edwards,1
1075,56269269,This Thing Between Us,0,Gus Moreno,0
1076,55425310,When the Reckoning Comes,0,LaTanya McQueen,0
1077,55479351,The Whispering Dead,0,Darcy Coates,1
1078,56029579,Come with Me,0,Ronald Malfi,1
1079,55540151,Where They Wait,0,Scott Carson,0
1080,54305363,Broken,0,Jenny Lawson,1
1081,55339007,How Y'all Doing?: Misadventures and Mischief from a Life Well Lived,0,Leslie Jordan,0
1082,57936600,Where the Deer and the Antelope Play: The Pastoral Observations of One Ignorant American Who Loves to Walk Outside,0,Nick Offerman,1
1083,44678031,Yearbook,0,Seth Rogen,0
1084,57169049,Please Don't Sit on My Bed in Your Outside Clothes: Essays,0,Phoebe Robinson,1
1085,54817546,You'll Never Believe What Happened to Lacey: Crazy Stories about Racism,1,Amber Ruffin,1
1085,54817546,You'll Never Believe What Happened to Lacey: Crazy Stories about Racism,1,Lacey Lamar,1
1086,49203394,Barely Functional Adult: It’ll All Make Sense Eventually,0,Meichi Ng,0
1087,57190774,A Carnival of Snackery: Diaries 2003-2020,0,David Sedaris,1
1088,55711661,"Well, This Is Exhausting",0,Sophia Benoit,0
1089,57044148,Subpar Parks: America's Most Extraordinary National Parks and Their Least Impressed Visitors,0,Amber Share,0
1090,56269181,Fan Fiction,1,Brent Spiner,0
1090,56269181,Fan Fiction,1,Jeanne Darst,0
1091,49567214,She Memes Well,0,Quinta Brunson,0
1092,54798456,The Wreckage of My Presence,0,Casey Wilson,0
1093,55738541,Bring Your Baggage and Don't Pack Light,0,Helen Ellis,1
1094,54304279,We Had a Little Real Estate Problem,0,Kliph Nesteroff,0
1095,55711655,Black Nerd Problems,1,William Evans,0
1095,55711655,Black Nerd Problems,1,Omar Holmon,0
1096,50999697,"The Particulars of Peter: Dance Lessons, DNA Tests, and Other Excuses to Hang Out with My Perfect Dog",0,Kelly Conaboy,0
1097,55507046,How to Survive America,1,D.L. Hughley,1
1097,55507046,How to Survive America,1,Doug Moe,1
1098,55867892,New Teeth: Stories,0,Simon Rich,1
1099,56257258,Big Time,1,Stephen Colbert,1
1099,56257258,Big Time,1,Jen Spyra,0
1100,55145261,The Anthropocene Reviewed: Essays on a Human-Centered Planet,0,John Green,1
1101,55825273,The Comfort Book,0,Matt Haig,1
1102,56268863,The Book of Hope: A Survival Guide for Trying Times,1,Jane Goodall,0
1102,56268863,The Book of Hope: A Survival Guide for Trying Times,1,Douglas Abrams,0
1102,56268863,The Book of Hope: A Survival Guide for Trying Times,1,Gail Hudson,0
1103,55338982,Cultish: The Language of Fanaticism,0,Amanda Montell,0
1104,53238858,"What Happened To You?: Conversations on Trauma, Resilience, and Healing",1,Oprah Winfrey,1
1104,53238858,"What Happened To You?: Conversations on Trauma, Resilience, and Healing",1,Bruce D. Perry,0
1105,53056522,Mediocre: The Dangerous Legacy of White Male America,0,Ijeoma Oluo,1
1106,55539565,Think Again: The Power of Knowing What You Don't Know,0,Adam M. Grant,1
1107,56769577,Fuzz: When Nature Breaks the Law,0,Mary Roach,1
1108,53317339,"Last Call: A True Story of Love, Lust, and Murder in Queer New York",0,Elon Green,0
1109,52275335,How to Avoid a Climate Disaster: The Solutions We Have and the Breakthroughs We Need,0,Bill Gates,0
1110,56015023,This Is Your Mind on Plants,0,Michael Pollan,1
1111,54895704,Remember: The Science of Memory and the Art of Forgetting,0,Lisa Genova,1
1112,55290026,"A Swim in a Pond in the Rain: In Which Four Russians Give a Master Class on Writing, Reading, and Life",0,George Saunders,1
1113,56790170,The Premonition: A Pandemic Story,0,Michael Lewis,1
1114,53231851,The Sum of Us: What Racism Costs Everyone and How We Can Prosper Together,0,Heather McGhee,0
1115,54455629,"The Disordered Cosmos: A Journey into Dark Matter, Spacetime, and Dreams Deferred",0,Chanda Prescod-Weinstein,0
1116,49247757,A Little Devil in America: Notes in Praise of Black Performance,0,Hanif Abdurraqib,1
1117,53330118,"Chatter: The Voice in Our Head, Why It Matters, and How to Harness It",0,Ethan Kross,0
1118,56024292,Paradise: One Town's Struggle to Survive an American Wildfire,0,Lizzie Johnson,0
1119,54814834,Under a White Sky: The Nature of the Future,0,Elizabeth Kolbert,1
1120,54814676,Crying in H Mart,0,Michelle Zauner,0
1121,55360284,Taste: My Life Through Food,0,Stanley Tucci,0
1122,54860610,Somebody's Daughter,0,Ashley C. Ford,0
1123,50743767,Between Two Kingdoms: A Memoir of a Life Interrupted,0,Suleika Jaouad,0
1124,55538528,Unfinished,0,Priyanka Chopra Jonas,0
1125,57032570,Notes on Grief,0,Chimamanda Ngozi Adichie,1
1126,57351643,Unbound: My Story of Liberation and the Birth of the Me Too Movement,0,Tarana Burke,0
1127,50622390,Just as I Am,1,Michelle Burford,1
1127,50622390,Just as I Am,1,Cicely Tyson,0
1128,54895726,Broken Horses,0,Brandi Carlile,0
1129,55277901,Brat: An '80s Story,0,Andrew McCarthy,0
1130,56461570,Beautiful Country,0,Qian Julie Wang,0
1131,55711622,¡Hola Papi!: How to Come Out in a Walmart Parking Lot and Other Life Lessons,0,John Paul Brammer,0
1132,50542126,Beautiful Things: A Memoir,0,Hunter Biden,0
1133,54799395,The Puma Years: A Memoir,0,Laura Coleman,0
1134,52321511,Bravey,0,Alexi Pappas,0
1135,53376379,Seeing Ghosts: A Memoir,0,Kat Chow,0
1136,53317418,Finding Freedom: A Cook's Story; Remaking a Life from Scratch,0,Erin French,0
1137,55106753,Widowish,0,Melissa Gould,0
1138,52766142,Aftershocks,0,Nadia Owusu,0
1139,55710553,House of Sticks,0,Ly Tran,0
1140,43868109,Empire of Pain: The Secret History of the Sackler Dynasty,0,Patrick Radden Keefe,1
1141,56132724,"The Woman They Could Not Silence: One Woman, Her Incredible Fight for Freedom, and the Men Who Tried to Make Her Disappear",0,Kate Moore,1
1142,54968118,"The Code Breaker: Jennifer Doudna, Gene Editing, and the Future of the Human Race",0,Walter Isaacson,1
1143,54998251,"Four Hundred Souls: A Community History of African America, 1619-2019",1,Ibram X. Kendi,1
1143,54998251,"Four Hundred Souls: A Community History of African America, 1619-2019",1,Keisha N. Blain,0
1144,56382342,Vanderbilt: The Rise and Fall of an American Dynasty,1,Anderson Cooper,1
1144,56382342,Vanderbilt: The Rise and Fall of an American Dynasty,1,Katherine Howe,1
1145,53968539,Come Fly The World: The Jet-Age Story of the Women of Pan Am,0,Julia Cooke,0
1146,55643287,How the Word Is Passed: A Reckoning with the History of Slavery Across America,0,Clint Smith,0
1147,53404774,The Doctors Blackwell: How Two Pioneering Sisters Brought Medicine to Women and Women to Medicine,0,Janice P. Nimura,0
1148,52090762,The Light of Days: The Untold Story of Women Resistance Fighters in Hitler's Ghettos,0,Judy Batalion,0
1149,56668328,"The Bomber Mafia: A Dream, a Temptation, and the Longest Night of the Second World War",0,Malcolm Gladwell,1
1150,53138238,"The Three Mothers: How the Mothers of Martin Luther King, Jr., Malcolm X, and James Baldwin Shaped a Nation",0,Anna Malaika Tubbs,0
1151,55298325,On Juneteenth,0,Annette Gordon-Reed,0
1152,53122357,Four Lost Cities: A Secret History of the Urban Age,0,Annalee Newitz,1
1153,53915317,Walk in My Combat Boots,1,James Patterson,1
1153,53915317,Walk in My Combat Boots,1,Matt Eversmann,0
1153,53915317,Walk in My Combat Boots,1,Chris Mooney,0
1154,54900051,Madhouse at the End of the Earth: The Belgica's Journey into the Dark Antarctic Night,0,Julian Sancton,0
1155,52630443,"Bag Man: The Wild Crimes, Audacious Cover-Up, and Spectacular Downfall of a Brazen Crook in the White House",1,Rachel Maddow,1
1155,52630443,"Bag Man: The Wild Crimes, Audacious Cover-Up, and Spectacular Downfall of a Brazen Crook in the White House",1,Michael Yarvitz,0
1156,56554585,"The Taking of Jemima Boone: Colonial Settlers, Tribal Nations, and the Kidnap That Shaped America",0,Matthew Pearl,0
1157,55920278,Facing the Mountain: A True Story of Japanese American Heroes in World War II,0,Daniel James Brown,1
1158,56695159,Amazon Unbound: Jeff Bezos and the Invention of a Global Empire,0,Brad Stone,0
1159,55057586,Zero Fail: The Rise and Fall of the Secret Service,0,Carol Leonnig,0
1160,57282218,Lore Olympus: Volume One,0,Rachel Smythe,1
1161,50395705,"Frank Herbert's Dune: The Graphic Novel, Book 1",1,Brian Herbert,0
1161,50395705,"Frank Herbert's Dune: The Graphic Novel, Book 1",1,Kevin J. Anderson,0
1161,50395705,"Frank Herbert's Dune: The Graphic Novel, Book 1",1,Frank Herbert,0
1162,54663469,Toph Beifong's Metalbending Academy,1,Faith Erin Hicks,1
1162,54663469,Toph Beifong's Metalbending Academy,1,Peter Wartman,0
1162,54663469,Toph Beifong's Metalbending Academy,1,Adele Matera,0
1163,54776523,The Girl from the Sea,0,Molly Knox Ostertag,0
1164,54739125,ExtraOrdinary,1,Victoria E. Schwab,1
1164,54739125,ExtraOrdinary,1,Enid Balám,0
1165,55214376,The Sad Ghost Club,0,Lize Meddings,0
1166,54482758,In Love & Pajamas: A Collection of Comics about Being Yourself Together,0,Catana Chetwynd,1
1167,55082274,Teen Titans: Beast Boy Loves Raven,1,Kami Garcia,1
1167,55082274,Teen Titans: Beast Boy Loves Raven,1,Gabriel Picolo,1
1168,54017829,The Adventure Zone Vol. 4: The Crystal Kingdom,1,Clint McElroy,1
1168,54017829,The Adventure Zone Vol. 4: The Crystal Kingdom,1,Griffin McElroy,1
1168,54017829,The Adventure Zone Vol. 4: The Crystal Kingdom,1,Carey Pietsch,0
1169,55711045,Cheer Up: Love and Pompoms,1,Crystal Frasier,0
1169,55711045,Cheer Up: Love and Pompoms,1,Oscar O. Jupiter,0
1169,55711045,Cheer Up: Love and Pompoms,1,Val Wise,0
1170,54619012,And Now I Spill the Family Secrets: An Illustrated Memoir,0,Margaret Kimball,0
1171,57127813,Dark One,1,Brandon Sanderson,1
1171,57127813,Dark One,1,Jackson Lanzing,0
1171,57127813,Dark One,1,Collin Kelly,0
1172,55711552,Wake: The Hidden History of Women-Led Slave Revolts,1,Rebecca Hall,0
1172,55711552,Wake: The Hidden History of Women-Led Slave Revolts,1,Hugo Martínez,0
1173,57752416,Between Shades of Gray: The Graphic Novel,1,Ruta Sepetys,1
1173,57752416,Between Shades of Gray: The Graphic Novel,1,Andrew Donkin,0
1173,57752416,Between Shades of Gray: The Graphic Novel,1,Dave Kopka,0
1174,53968436,The Secret to Superhuman Strength,0,Alison Bechdel,1
1175,57600413,Run: Book One,1,John Lewis,1
1175,57600413,Run: Book One,1,Andrew Aydin,1
1175,57600413,Run: Book One,1,Nate Powell,1
1176,52295479,Squad,1,Maggie Tokuda-Hall,0
1176,52295479,Squad,1,Lisa Sterle,0
1177,55648627,Seek You: A Journey Through American Loneliness,0,Kristen Radtke,0
1178,54304166,Thirsty Mermaids,0,Kat Leyh,1
1179,55284968,Bubble,1,Jordan Morris,0
1179,55284968,Bubble,1,Sarah Morgan,0
1179,55284968,Bubble,1,Tony Cliff,0
1180,56914101,The Hill We Climb: An Inaugural Poem for the Country,1,Amanda Gorman,1
1180,56914101,The Hill We Climb: An Inaugural Poem for the Country,1,Oprah Winfrey,1
1181,54359466,"Black Girl, Call Home",0,Jasmine Mans,0
1182,54335207,Shine your Icy Crown,0,Amanda Lovelace,1
1183,58464584,You Better Be Lightning,0,Andrea Gibson,1
1184,57007429,I Hope This Finds You Well: Poems,0,Kate Baer,1
1185,55659276,Where Hope Comes From,0,Nikita Gill,1
1186,56802114,Goldenrod: Poems,0,Maggie Smith,1
1187,50498335,Me: Moth,0,Amber McBride,0
1188,54335204,Clarity & Connection,0,Yung Pueblo,0
1189,54416144,Home Is Not a Country,0,Safia Elhillo,1
1190,56950454,Look Mom I’m a Poet,0,Andrew Shaffer,1
1191,53240799,If I Tell You the Truth,0,Jasmin Kaur,1
1192,54287653,How Far You Have Come: Musings on Beauty and Courage,0,Morgan Harper Nichols,1
1193,51135126,I'll Fly Away,0,Rudy Francisco,1
1194,54419215,Chlorine Sky,0,Mahogany L. Browne,0
1195,54482759,Call Me Athena: Girl from Detroit,0,Colby Cedar Smith,0
1196,53402145,American Melancholy: Poems,0,Joyce Carol Oates,1
1197,55829991,I am The Rage: A Black Poetry Collection,1,Martina McGowan,0
1197,55829991,I am The Rage: A Black Poetry Collection,1,Diana Ejaita,0
1198,56462368,When We Make It,0,Elisabet Velasquez,0
1199,53398748,God I Feel Modern Tonight: Poems from a Gal About Town,0,Catherine Cohen,0
1207,53922305,Honey Girl,0,Morgan Rogers,0
1217,53414230,Open Water,0,Caleb Azumah Nelson,0
1219,53597769,The Five Wounds,0,Kirstin Valdez Quade,0
1220,57812106,Firekeeper's Daughter,0,Angeline Boulley,1
1221,56305028,The Hawthorne Legacy,0,Jennifer Lynn Barnes,1
1222,55518780,Ace of Spades,0,Faridah Àbíké-Íyímídé,1
1223,56980548,Aristotle and Dante Dive into the Waters of the World,0,Benjamin Alire Sáenz,1
1224,52822210,Concrete Rose,0,Angie Thomas,1
1225,56905097,As Good As Dead,0,Holly Jackson,1
1226,49111189,The Cousins,0,Karen M. McManus,1
1227,35224992,Last Night at the Telegraph Club,0,Malinda Lo,0
1228,56643402,Instructions for Dancing,0,Nicola Yoon,1
1229,54427168,The Box in the Woods,0,Maureen Johnson,1
1230,58094337,Tokyo Ever After,0,Emiko Jean,1
1231,52515987,She Drives Me Crazy,0,Kelly Quindlen,0
1232,54238295,A Pho Love Story,0,Loan Le,0
1233,50892313,Yolk,0,Mary H.K. Choi,1
1234,53138158,You Have a Match,0,Emma Lord,1
1235,54860459,Hani and Ishu's Guide to Fake Dating,0,Adiba Jaigirdar,1
1236,54998272,The Girls I've Been,0,Tess Sharpe,0
1237,49204960,Perfect on Paper,0,Sophie Gonzales,1
1238,49399658,Counting Down with You,0,Tashie Bhuiyan,1
1239,53138093,The Project,0,Courtney Summers,1
1240,54589790,Rule of Wolves,0,Leigh Bardugo,1
1241,17699855,Chain of Iron,0,Cassandra Clare,1
1242,53375824,Lore,0,Alexandra Bracken,1
1243,52190991,Any Way the Wind Blows,0,Rainbow Rowell,1
1244,53402403,How the King of Elfhame Learned to Hate Stories,1,Holly Black,1
1244,53402403,How the King of Elfhame Learned to Hate Stories,1,Rovina Cai,0
1245,52459864,Iron Widow,0,Xiran Jay Zhao,1
1246,53028775,The Gilded Ones,0,Namina Forna,0
1247,56980367,Our Violent Ends,0,Chloe Gong,1
1248,52013133,A ​Sky Beyond the Storm,0,Sabaa Tahir,1
1249,55987278,Once Upon a Broken Heart,0,Stephanie Garber,1
1250,54613751,House of Hollow,0,Krystal Sutherland,1
1251,55725741,Six Crimson Cranes,0,Elizabeth Lim,1
1252,58784159,Namesake,0,Adrienne Young,1
1253,57965663,Realm Breaker,0,Victoria Aveyard,1
1254,46223364,We Free the Stars,0,Hafsah Faizal,1
1255,55425313,Gods & Monsters,0,Shelby Mahurin,1
1256,53968510,These Hollow Vows,0,Lexi Ryan,1
1257,39897752,Lost in the Never Woods,0,Aiden Thomas,1
1258,54017953,The Ones We're Meant to Find,0,Joan He,0
1259,53138253,A Vow So Bold and Deadly,0,Brigid Kemmerer,1
1260,57094644,Daughter of the Deep,0,Rick Riordan,1
1261,48914231,Bridge of Souls,0,Victoria E. Schwab,1
1262,53327864,Eyes that Kiss in the Corners,1,Joanna Ho,0
1262,53327864,Eyes that Kiss in the Corners,1,Dung Ho,0
1263,57143335,Amari and the Night Brothers,0,B.B. Alston,1
1264,54458127,Starfish,0,Lisa Fipps,0
1265,56922552,Beasts and Beauty: Dangerous Tales,1,Soman Chainani,1
1265,56922552,Beasts and Beauty: Dangerous Tales,1,Julia Iredale,0
1266,49202861,Alone,0,Megan E. Freeman,0
1267,52664722,Ground Zero,0,Alan Gratz,1
1268,36323801,Aru Shah and the City of Gold,0,Roshani Chokshi,1
1269,44280835,The Thirteenth Fairy,0,Melissa de la Cruz,1
1270,53327892,"Red, White, and Whole",0,Rajani LaRocca,0
1271,55277066,Best Nerds Forever,1,James Patterson,1
1271,55277066,Best Nerds Forever,1,Chris Grabenstein,1
1272,55004097,Ophie's Ghosts,0,Justina Ireland,1
1273,53175322,Root Magic,0,Eden Royce,0
1274,51591443,A Wolf for a Spell,0,Karah Sutton,0
1275,53441112,Unplugged,0,Gordon Korman,1
1276,43517256,City of the Plague God,0,Sarwat Chadda,0
1277,54870170,The Shape of Thunder,0,Jasmine Warga,1
1278,55277625,The Last Fallen Star,0,Graci Kim,0
1279,58348225,Where's My Joey?,0,Wendy Monica Winter,0
1280,52578297,The Midnight Library,0,Matt Haig,1
1281,49127718,Anxious People,1,Fredrik Backman,1
1281,49127718,Anxious People,1,Neil Smith,1
1282,50634450,American Dirt,0,Jeanine Cummins,0
1283,43923951,Such a Fun Age,0,Kiley Reid,0
1284,44890081,My Dark Vanessa,0,Kate Elizabeth Russell,0
1285,45754981,The Glass Hotel,0,Emily St. John Mandel,1
1286,48570454,Transcendent Kingdom,0,Yaa Gyasi,1
1287,50214741,The Girl with the Louding Voice,1,Abi Daré,0
1287,50214741,The Girl with the Louding Voice,1,Ronke Adékoluejo,0
1288,45294613,Dear Edward,0,Ann Napolitano,1
1289,52755548,Big Summer,0,Jennifer Weiner,1
1290,52715989,Writers & Lovers,0,Lily King,1
1291,52696537,If I Had Your Face,0,Frances Cha,0
1292,51792100,A Burning,0,Megha Majumdar,0
1293,51541496,Luster,0,Raven Leilani,0
1294,44281326,In an Instant,0,Suzanne Redfearn,0
1295,45046893,Oona Out of Order,0,Margarita Montimore,0
1296,48595550,The Death of Vivek Oji,0,Akwaeke Emezi,1
1297,50358133,Homeland Elegies,0,Ayad Akhtar,0
1298,46263943,Real Life,0,Brandon Taylor,0
1299,42121525,Migrations,0,Charlotte McConaghy,1
1300,54911607,The Guest List,0,Lucy Foley,1
1301,50833559,Home Before Dark,0,Riley Sager,1
1302,45885644,The Sun Down Motel,0,Simone St. James,1
1303,49398072,When No One Is Watching,0,Alyssa Cole,1
1304,44510385,The Wives,0,Tarryn Fisher,1
1305,52661162,The Searcher,0,Tana French,1
1306,51204046,The Boy from the Woods,0,Harlan Coben,1
1307,50892433,One by One,0,Ruth Ware,1
1308,51854625,The Devil and the Dark Water,0,Stuart Turton,1
1309,43834909,Long Bright River,0,Liz Moore,1
1310,49127539,All the Devils Are Here,0,Louise Penny,1
1311,45046742,You Are Not Alone,1,Greer Hendricks,1
1311,45046742,You Are Not Alone,1,Sarah Pekkanen,1
1312,51807232,Troubled Blood,1,Robert Galbraith,1
1312,51807232,Troubled Blood,1,J.K. Rowling,1
1313,44303982,Unspeakable Things,0,Jess Lourey,1
1314,48678117,Winter Counts,0,David Heska Wanbli Weiden,0
1315,51182571,Blacktop Wasteland,0,S.A. Cosby,1
1316,51169341,The Night Swim,0,Megan Goldin,0
1317,49247317,And Now She's Gone,0,Rachel Howzell Hall,0
1318,49374505,Confessions on the 7:45,0,Lisa Unger,1
1319,54442955,First Girl Gone,0,L.T. Vargus,0
1320,51791252,The Vanishing Half,0,Brit Bennett,1
1321,43557477,The Jane Austen Society,0,Natalie Jenner,0
1322,52698452,The Book of Longings,0,Sue Monk Kidd,1
1323,52762903,The Book of Lost Names,0,Kristin Harmel,1
1324,50607466,The Henna Artist,0,Alka Joshi,0
1325,49239093,The Evening and the Morning,0,Ken Follett,1
1326,45897568,A Long Petal of the Sea,1,Isabel Allende,1
1326,45897568,A Long Petal of the Sea,1,Nick Caistor,0
1326,45897568,A Long Petal of the Sea,1,Amanda Hopkinson,0
1327,50892349,Magic Lessons,0,Alice Hoffman,1
1328,53025903,The Book of Lost Friends,0,Lisa Wingate,1
1329,52722079,The Pull of the Stars,0,Emma Donoghue,1
1330,48677123,Hamnet,0,Maggie O'Farrell,1
1331,45992717,The Mirror & the Light,0,Hilary Mantel,1
1332,50001299,Where the Lost Wander,0,Amy Harmon,1
1333,51045613,Deacon King Kong,0,James McBride,1
1334,46206688,The Night Watchman,0,Louise Erdrich,1
1335,50089336,Code Name Hélène,0,Ariel Lawhon,1
1336,52597312,Utopia Avenue,0,David Mitchell,1
1337,48564330,Betty,0,Tiffany McDaniel,1
1338,51253514,The Paper Daughters of Chinatown,0,Heather B. Moore,0
1339,52741293,Shuggie Bain,0,Douglas Stuart,1
1340,44778083,House of Earth and Blood,0,Sarah J. Maas,1
1341,50623864,The Invisible Life of Addie LaRue,0,Victoria E. Schwab,1
1342,45046567,The House in the Cerulean Sea,0,T.J. Klune,1
1343,49021976,Rhythm of War,0,Brandon Sanderson,1
1344,43521693,The City We Became,0,N.K. Jemisin,1
1345,51987993,The Once and Future Witches,0,Alix E. Harrow,1
1346,50202953,Piranesi,0,Susanna Clarke,0
1347,50548197,A Deadly Education,0,Naomi Novik,1
1348,52166786,The Empire of Gold,0,S.A. Chakraborty,1
1349,49381341,Peace Talks,0,Jim Butcher,1
1350,51475322,The Burning God,0,R.F. Kuang,1
1351,50892360,Black Sun,0,Rebecca Roanhorse,1
1352,44571368,Smoke Bitten,0,Patricia Briggs,1
1353,51277288,The Girl and the Stars,0,Mark Lawrence,1
1354,49882356,The Empress of Salt and Fortune,0,Nghi Vo,1
1355,23106013,Battle Ground,0,Jim Butcher,1
1356,55551726,Wintersteel,0,Will Wight,0
1357,50706646,The Bone Shard Daughter,0,Andrea Stewart,0
1358,50358101,The Trouble With Peace,0,Joe Abercrombie,1
1359,52359590,Age of Empyre,0,Michael J. Sullivan,1
1360,52861201,From Blood and Ash,0,Jennifer L. Armentrout,1
1361,52867387,Beach Read,0,Emily Henry,1
1362,50093704,In Five Years,0,Rebecca Serle,0
1363,44582454,Regretting You,0,Colleen Hoover,1
1364,50225678,Boyfriend Material,0,Alexis Hall,0
1365,52090948,"Take a Hint, Dani Brown",0,Talia Hibbert,1
1366,53103895,One to Watch,0,Kate Stayman-London,0
1367,52539131,The Happy Ever After Playlist,0,Abby Jimenez,1
1368,48842183,The Switch,0,Beth O'Leary,1
1369,52585101,You Had Me at Hola,0,Alexis Daria,0
1370,46225061,The Two Lives of Lydia Bird,0,Josie Silver,0
1371,49099926,Party of Two,0,Jasmine Guillory,1
1372,49202118,A Rogue of One's Own,0,Evie Dunmore,0
1373,50892287,In a Holidaze,0,Christina Lauren,1
1374,50496840,Emerald Blaze,0,Ilona Andrews,1
1375,52915426,Something to Talk About,0,Meryl Wilsner,0
1376,52226559,Sweet Temptation,0,Cora Reilly,0
1377,54467737,Hands Down,0,Mariana Zapata,1
1378,49758584,You Deserve Each Other,0,Sarah Hogle,0
1379,50496918,Spoiler Alert,0,Olivia Dade,0
1380,48829708,To Sleep in a Sea of Stars,0,Christopher Paolini,0
1381,39325105,Harrow the Ninth,0,Tamsyn Muir,1
1382,52381770,Network Effect,0,Martha Wells,1
1383,48848254,The Space Between Worlds,0,Micaiah Johnson,0
1384,49003616,A Beautifully Foolish Endeavor,0,Hank Green,1
1385,51171377,Axiom's End,0,Lindsay Ellis,0
1386,52163147,The Hidden Girl and Other Stories,0,Ken Liu,1
1387,44804077,Riot Baby,0,Tochi Onyebuchi,0
1388,48836769,The New Wilderness,0,Diane Cook,0
1389,52669505,The End of October,0,Lawrence Wright,1
1390,45046555,The Last Emperox,0,John Scalzi,1
1391,35019996,Agency,0,William Gibson,0
1392,45422268,The Vanished Birds,0,Simon Jimenez,0
1393,51285749,The Book of Koli,0,M.R. Carey,1
1394,49867430,Hench,0,Natalie Zina Walschots,0
1395,50121213,The Mother Code,0,Carole Stivers,0
1396,49127471,Zoey Punches the Future in the Dick,1,David Wong,1
1396,49127471,Zoey Punches the Future in the Dick,1,Jason Pargin,1
1397,54554819,Age of Deception,0,T.A. White,0
1398,52378525,The First Sister,0,Linden A. Lewis,0
1399,52378682,The Relentless Moon,0,Mary Robinette Kowal,1
1400,53152636,Mexican Gothic,0,Silvia Moreno-Garcia,1
1401,48838041,If It Bleeds,0,Stephen King,1
1402,44077284,The Southern Book Club's Guide to Slaying Vampires,0,Grady Hendrix,1
1403,49789629,The Year of the Witching,0,Alexis Henderson,1
1404,52180399,The Only Good Indians,0,Stephen Graham Jones,1
1405,52454426,Devolution: A Firsthand Account of the Rainier Sasquatch Massacre,0,Max Brooks,0
1406,50892288,The Hollow Places,0,T. Kingfisher,1
1407,50496875,Plain Bad Heroines,1,Emily M. Danforth,1
1407,50496875,Plain Bad Heroines,1,Sara Lautman,0
1408,44564972,Malorie,0,Josh Malerman,1
1409,49090884,Tender Is the Flesh,1,Agustina Bazterrica,0
1409,49090884,Tender Is the Flesh,1,Sarah Moses,0
1410,52594581,The Hollow Ones,1,Guillermo del Toro,1
1410,52594581,The Hollow Ones,1,Chuck Hogan,1
1411,52703177,The Bright Lands,0,John Fram,0
1412,51166519,Lakewood,0,Megan Giddings,0
1413,52581895,Survivor Song,0,Paul Tremblay,1
1414,49247242,Ring Shout,0,P. Djèlí Clark,1
1415,49295297,The Loop,0,Jeremy Robert Johnson,0
1416,50607901,The Ghost Tree,0,Christina Henry,1
1417,53869658,Secret Santa,0,Andrew Shaffer,1
1418,52622380,World Departed,0,Sarah Lyons Fleming,0
1419,55456522,Houndings of Hell,0,Hunter Holmes,0
1420,44890112,Strange Planet,0,Nathan W. Pyle,0
1421,49960031,"Wow, No Thank You.: Essays",0,Samantha Irby,1
1422,51323365,Solutions and Other Problems,0,Allie Brosh,1
1423,48989372,A Very Punchable Face,0,Colin Jost,0
1424,51700301,The Office: The Untold Story of the Greatest Sitcom of the 2000s: An Oral History,0,Andy Greene,0
1425,52180973,Trixie and Katya's Guide to Modern Womanhood,1,Trixie Mattel,0
1425,52180973,Trixie and Katya's Guide to Modern Womanhood,1,Katya Zamolodchikova,0
1426,43822700,F*ck Your Diet: And Other Things My Thighs Tell Me,0,Chloé Hilliard,0
1427,50722115,Is This Anything?,0,Jerry Seinfeld,0
1428,52894214,The New One: Painfully True Stories from a Reluctant Dad,0,Mike Birbiglia,0
1429,50130587,Becoming Duchess Goldblatt,0,Duchess Goldblatt,0
1430,52216445,Shakespeare for Squirrels,0,Christopher Moore,1
1431,48590973,"#VERYFAT #VERYBRAVE: The Fat Girl's Guide to Being #Brave and Not a Dejected, Melancholy, Down-in-the-Dumps Weeping Fat Girl in a Bikini",0,Nicole Byer,0
1432,51952357,Overstated: A Coast-to-Coast Roast of the 50 States,0,Colin Quinn,0
1433,50998099,"Shit, Actually: The Definitive, 100% Objective Guide to Modern Cinema",0,Lindy West,1
1434,50699224,Squeeze Me,0,Carl Hiaasen,1
1435,51179533,You're Doing Great!: And Other Reasons to Stay Alive,0,Tom Papa,1
1436,48995022,God-Level Knowledge Darts: Life Lessons from the Bronx,1,Desus,0
1436,48995022,God-Level Knowledge Darts: Life Lessons from the Bronx,1,Mero,0
1437,52090855,"This Is Major: Notes on Diana Ross, Dark Girls, and Being Dope",0,Shayla Lawson,0
1438,51736714,Born to Be Public,0,Greg Mania,0
1439,51100577,Make Russia Great Again,0,Christopher Buckley,0
1440,52220686,"Stamped: Racism, Antiracism, and You",1,Jason Reynolds,1
1440,52220686,"Stamped: Racism, Antiracism, and You",1,Ibram X. Kendi,1
1441,49614207,Hood Feminism: Notes from the Women That a Movement Forgot,0,Mikki Kendall,0
1442,55851555,"Clanlands: Whisky, Warfare, and a Scottish Adventure Like No Other",1,Sam Heughan,0
1442,55851555,"Clanlands: Whisky, Warfare, and a Scottish Adventure Like No Other",1,Graham McTavish,0
1442,55851555,"Clanlands: Whisky, Warfare, and a Scottish Adventure Like No Other",1,Charlotte Reather,0
1443,53317913,Rage,0,Bob Woodward,1
1444,46002342,"Me and White Supremacy: Combat Racism, Change the World, and Become a Good Ancestor",1,Layla F. Saad,0
1444,46002342,"Me and White Supremacy: Combat Racism, Change the World, and Become a Good Ancestor",1,Robin DiAngelo,0
1445,50088631,Hidden Valley Road: Inside the Mind of an American Family,0,Robert Kolker,1
1446,52686687,"Don't Overthink It: Make Easier Decisions, Stop Second-Guessing, and Bring More Joy to Your Life",0,Anne Bogel,0
1447,52780142,Get Out of Your Head: Stopping the Spiral of Toxic Thoughts,0,Jennie Allen,0
1448,46064076,"Buy Yourself the F*cking Lilies: And Other Rituals to Fix Your Life, from Someone Who's Been There",0,Tara Schuster,0
1449,51285456,Why We Can't Sleep: Women's New Midlife Crisis,0,Ada Calhoun,0
1450,45892276,You're Not Listening: What You're Missing and Why It Matters,0,Kate Murphy,0
1451,52766000,Big Friendship: How We Keep Each Other Close,1,Aminatou Sow,0
1451,52766000,Big Friendship: How We Keep Each Other Close,1,Ann Friedman,0
1452,45915136,"Here for It; Or, How to Save Your Soul in America: Essays",0,R. Eric Thomas,1
1453,51794301,Beyond the Gender Binary,1,Ashley Lukashevsky,1
1453,51794301,Beyond the Gender Binary,1,Alok Vaid-Menon,0
1454,52845775,Minor Feelings: An Asian American Reckoning,0,Cathy Park Hong,0
1455,52041387,We Keep the Dead Close: A Murder at Harvard and a Half Century of Silence,0,Becky Cooper,0
1456,50945960,Blackout: How Black America Can Make Its Second Escape from the Democrat Plantation,0,Candace Owens,0
1457,45553638,Tightrope: Americans Reaching for Hope,1,Nicholas D. Kristof,0
1457,45553638,Tightrope: Americans Reaching for Hope,1,Sheryl WuDunn,0
1458,54358975,Trust: America's Best Chance,0,Pete Buttigieg,0
1459,53008508,Reading While Black: African American Biblical Interpretation as an Exercise in Hope,0,Esau McCaulley,0
1460,55359022,A Promised Land,0,Barack Obama,0
1461,52129515,Untamed,0,Glennon Doyle,1
1462,44280883,All Boys Aren’t Blue,0,George M. Johnson,0
1463,54899915,The Answer Is…: Reflections on My Life,0,Alex Trebek,0
1464,54081499,Too Much and Never Enough: How My Family Created the World's Most Dangerous Man,0,Mary L. Trump,0
1465,41571753,Open Book,1,Jessica Simpson,0
1465,41571753,Open Book,1,Kevin Carr O'Leary,0
1466,53265647,The Meaning of Mariah Carey,1,Mariah Carey,0
1466,53265647,The Meaning of Mariah Carey,1,Michaela Angela Davis,0
1467,51822870,Everything Beautiful in Its Time: Seasons of Love and Loss,0,Jenna Bush Hager,0
1468,50043108,The Beauty in Breaking,0,Michele Harper,0
1469,49235526,Hollywood Park,0,Mikel Jollett,0
1470,52838315,Greenlights,0,Matthew McConaughey,0
1471,49933185,When Time Stopped: A Memoir of My Father's War and What Remains,0,Ariana Neumann,0
1472,48717403,Notes on a Silencing: A Memoir,0,Lacy Crawford,0
1473,51082172,"The Rural Diaries: Love, Livestock, and Big Life Lessons Down on Mischief Farm",0,Hilarie Burton Morgan,0
1474,51231889,Nobody Will Tell You This But Me: A True (as Told to Me) Story,0,Bess Kalb,0
1475,45186565,Uncanny Valley,0,Anna Wiener,0
1476,53358818,I Have Something to Tell You,0,Chasten Glezman Buttigieg,0
1477,46041442,The Adventurer's Son,0,Roman Dial,0
1478,52366322,Conditional Citizens: On Belonging in America,0,Laila Lalami,0
1479,48613168,Memorial Drive: A Daughter's Memoir,0,Natasha Trethewey,1
1480,51152447,Caste: The Origins of Our Discontents,0,Isabel Wilkerson,0
1481,51227088,"The Splendid and the Vile: A Saga of Churchill, Family, and Defiance During the Blitz",0,Erik Larson,1
1482,45153160,A Black Women's History of the United States,1,Daina Ramey Berry,0
1482,45153160,A Black Women's History of the United States,1,Kali Nicole Gross,0
1483,51285366,The House of Kennedy,1,James Patterson,1
1483,51285366,The House of Kennedy,1,Cynthia Fagen,0
1484,44909230,999: The Extraordinary Young Women of the First Official Jewish Transport to Auschwitz,1,Heather Dune Macadam,1
1484,44909230,999: The Extraordinary Young Women of the First Official Jewish Transport to Auschwitz,1,Caroline Moorehead,0
1485,51239966,You Never Forget Your First: A Biography of George Washington,0,Alexis Coe,0
1486,50092714,Fight of the Century: Writers Reflect on 100 Years of Landmark ACLU Cases,1,Michael Chabon,1
1486,50092714,Fight of the Century: Writers Reflect on 100 Years of Landmark ACLU Cases,1,Ann Patchett,1
1486,50092714,Fight of the Century: Writers Reflect on 100 Years of Landmark ACLU Cases,1,Ayelet Waldman,0
1487,45046690,"The Address Book: What Street Addresses Reveal About Identity, Race, Wealth, and Power",0,Deirdre Mask,0
1488,53431510,His Truth Is Marching On: John Lewis and the Power of Hope,1,Jon Meacham,1
1488,53431510,His Truth Is Marching On: John Lewis and the Power of Hope,1,John Lewis,1
1489,52863345,The Lincoln Conspiracy: The Secret Plot to Kill America's 16th President⁠—and Why It Failed,1,Brad Meltzer,1
1489,52863345,The Lincoln Conspiracy: The Secret Plot to Kill America's 16th President⁠—and Why It Failed,1,Josh Mensch,1
1490,52578861,Agent Sonya: Moscow's Most Daring Wartime Spy,0,Ben Macintyre,1
1491,48590165,Countdown 1945: The Extraordinary Story of the 116 Days that Changed the World,1,Chris Wallace,0
1491,48590165,Countdown 1945: The Extraordinary Story of the 116 Days that Changed the World,1,Mitch Weiss,0
1492,48868613,Dead Famous: An Unexpected History of Celebrity from Bronze Age to Silver Screen,0,Greg Jenner,0
1493,43908981,Overground Railroad: The Green Book and the Roots of Black Travel in America,0,Candacy A. Taylor,0
1494,45754985,Begin Again: James Baldwin's America and Its Urgent Lessons for Our Own,0,Eddie S. Glaude Jr.,0
1495,51542229,The Deviant's War: The Homosexual vs. the United States of America,0,Eric Cervini,0
1496,51934207,Wandering in Strange Lands: A Daughter of the Great Migration Reclaims Her Roots,0,Morgan Jerkins,0
1497,48925415,Killing Crazy Horse: The Merciless Indian Wars in America,1,Bill O'Reilly,1
1497,48925415,Killing Crazy Horse: The Merciless Indian Wars in America,1,Martin Dugard,1
1498,52879286,Humankind: A Hopeful History,1,Rutger Bregman,0
1498,52879286,Humankind: A Hopeful History,1,Elizabeth Manton,0
1498,52879286,Humankind: A Hopeful History,1,Erica Moore,0
1499,52048467,"How the South Won the Civil War: Oligarchy, Democracy, and the Continuing Fight for the Soul of America",0,Heather Cox Richardson,0
1500,53916142,A Life on Our Planet: My Witness Statement and a Vision for the Future,0,David Attenborough,0
1501,50734400,How to Argue With a Racist: What Our Genes Do (and Don't) Say About Human Difference,0,Adam Rutherford,0
1502,48890486,Breath: The New Science of a Lost Art,0,James Nestor,0
1503,52668915,"Entangled Life: How Fungi Make Our Worlds, Change Our Minds & Shape Our Futures",0,Merlin Sheldrake,0
1504,52767659,The End of Everything,0,Katie Mack,0
1505,50772888,No Filter: The Inside Story of Instagram,0,Sarah Frier,0
1506,52117860,The Future We Choose: Surviving the Climate Crisis,1,Christiana Figueres,0
1506,52117860,The Future We Choose: Surviving the Climate Crisis,1,Tom Rivett-Carnac,0
1507,50887097,"Why Fish Don’t Exist: A Story of Loss, Love, and the Hidden Order of Life",0,Lulu Miller,0
1508,52905471,Why We Swim,0,Bonnie Tsui,0
1509,48637750,Vesper Flights,0,Helen Macdonald,1
1510,43889825,"That Wild Country: An Epic Journey through the Past, Present, and Future of America's Public Lands",0,Mark Kenyon,0
1511,49960370,The Story of More: How We Got to Climate Change and Where to Go from Here,0,Hope Jahren,1
1512,51938590,The Book of Eels: Our Enduring Fascination with the Most Mysterious Creature in the Natural World,1,Patrik Svensson,0
1512,51938590,The Book of Eels: Our Enduring Fascination with the Most Mysterious Creature in the Natural World,1,Agnes Broomé,0
1513,51079278,The Next Great Migration: The Beauty and Terror of Life on the Move,0,Sonia Shah,0
1514,46114262,"Until the End of Time: Mind, Matter, and Our Search for Meaning in an Evolving Universe",0,Brian Greene,0
1515,51802456,"The Bird Way: A New Look at How Birds Talk, Work, Play, Parent, and Think",0,Jennifer Ackerman,1
1516,50173134,Apocalypse Never: Why Environmental Alarmism Hurts Us All,0,Michael Shellenberger,0
1517,51542211,Owls of the Eastern Ice: A Quest to Find and Save the World's Largest Owl,0,Jonathan C. Slaght,0
1518,51199750,"Some Assembly Required: Decoding Four Billion Years of Life, from Ancient Fossils to DNA",0,Neil Shubin,0
1519,49128526,T-Minus AI: Humanity's Countdown to Artificial Intelligence and the New Pursuit of Global Power,0,Michael Kanaan,0
1520,51154724,Modern Comfort Food: A Barefoot Contessa Cookbook,0,Ina Garten,1
1521,50998947,Gordon Ramsay Quick and Delicious: 100 Recipes to Cook in 30 Minutes or Less,0,Gordon Ramsay,0
1522,53064545,"Magnolia Table: A Collection of Recipes for Gathering, Volume 2",0,Joanna Gaines,1
1523,50998813,"100 Cookies: The Baking Book for Every Kitchen, with Classic Cookies, Novel Treats, Brownies, Bars, and More",0,Sarah Kieffer,0
1524,51700803,Eat a Peach,1,David Chang,0
1524,51700803,Eat a Peach,1,Gabe Ulla,0
1525,51620141,Outlander Kitchen: To the New World and Back Again: The Second Official Outlander Companion Cookbook,1,Theresa Carle-Sanders,1
1525,51620141,Outlander Kitchen: To the New World and Back Again: The Second Official Outlander Companion Cookbook,1,Diana Gabaldon,1
1526,51601913,Evolving Vegan: Deliciously Diverse Recipes from North America's Best Plant-Based Eateries—for Anyone Who Loves Food,0,Mena Massoud,0
1527,50669534,Ottolenghi Flavor: A Cookbook,1,Yotam Ottolenghi,1
1527,50669534,Ottolenghi Flavor: A Cookbook,1,Tara Wigley,1
1527,50669534,Ottolenghi Flavor: A Cookbook,1,Ixta Belfrage,0
1528,44781454,Frontier Follies: Adventures in Marriage and Motherhood in the Middle of Nowhere,0,Ree Drummond,1
1529,45895070,Vegetable Kingdom: The Abundant World of Vegan Recipes,0,Bryant Terry,0
1530,52843246,"Wine Girl: The Obstacles, Humiliations, and Triumphs of America's Youngest Sommelier",0,Victoria James,0
1531,43261128,"The Defined Dish: Whole30 Endorsed, Healthy and Wholesome Weeknight Recipes",1,Alex Snodgrass,0
1531,43261128,"The Defined Dish: Whole30 Endorsed, Healthy and Wholesome Weeknight Recipes",1,Melissa Hartwig Urban,0
1532,50165539,"The Honeysuckle Cookbook: 100 Healthy, Feel-Good Recipes to Live Deliciously",0,Dzung Lewis,0
1533,50437277,True Comfort: More Than 100 Cozy Recipes Free of Gluten and Refined Sugar,0,Kristin Cavallari,0
1534,48983247,"Dirt: Adventures in Lyon as a Chef in Training, Father, and Sleuth Looking for the Secret of French Cooking",0,Bill Buford,0
1535,49814631,Skinnytaste Meal Prep: Healthy Make-Ahead Meals and Freezer Recipes to Simplify Your Life: A Cookbook,0,Gina Homolka,1
1536,52028349,Dessert Person: Recipes and Guidance for Baking with Confidence,0,Claire Saffitz,0
1537,53370248,Oh She Glows for Dinner: Nourishing Plant-Based Meals to Keep You Glowing: A Cookbook,0,Angela Liddon,1
1538,51644251,Nourish Me Home: 125 Soul-Sustaining Recipes Inspired by the Elements,1,Cortney Burns,0
1538,51644251,Nourish Me Home: 125 Soul-Sustaining Recipes Inspired by the Elements,1,Heami Lee,0
1539,52520675,Falastin: A Cookbook,1,Tara Wigley,1
1539,52520675,Falastin: A Cookbook,1,Yotam Ottolenghi,1
1539,52520675,Falastin: A Cookbook,1,Sami Tamimi,0
1540,44779280,Heartstopper: Volume Three,0,Alice Oseman,1
1541,50898148,Fangs,0,Sarah Andersen,1
1542,50159129,I Will Judge You by Your Bookshelf,0,Grant Snider,0
1543,52854406,"Fangirl, Vol. 1: The Manga",1,Sam Maggs,1
1543,52854406,"Fangirl, Vol. 1: The Manga",1,Rainbow Rowell,1
1543,52854406,"Fangirl, Vol. 1: The Manga",1,Gabi Nam,1
1544,54110137,"Sapiens: A Graphic History, Volume 1 - The Birth of Humankind",1,Yuval Noah Harari,1
1544,54110137,"Sapiens: A Graphic History, Volume 1 - The Birth of Humankind",1,David Vandermeulen,0
1544,54110137,"Sapiens: A Graphic History, Volume 1 - The Birth of Humankind",1,Daniel Casanave,0
1545,52713814,Harleen,0,Stjepan Šejić,1
1546,44280825,"Check, Please! Book 2: Sticks & Scones",0,Ngozi Ukazu,1
1547,46127757,Teen Titans: Beast Boy,1,Kami Garcia,1
1547,46127757,Teen Titans: Beast Boy,1,Gabriel Picolo,1
1548,50490087,Basketful of Heads,1,Joe Hill,1
1548,50490087,Basketful of Heads,1,Dave Stewart,1
1548,50490087,Basketful of Heads,1,Leomacs,0
1549,50892014,The Times I Knew I Was Gay,0,Eleanor Crewes,0
1550,50010932,Dancing at the Pity Party: A Dead Mom Graphic Memoir,0,Tyler Feder,0
1551,45449811,Almost American Girl: An Illustrated Memoir,0,Robin Ha,0
1552,45169737,The Fire Never Goes Out: A Memoir in Pictures,0,N.D. Stevenson,1
1553,52024847,When Stars Are Scattered,1,Victoria Jamieson,1
1553,52024847,When Stars Are Scattered,1,Omar Mohamed,0
1554,52637764,"Monstress, Volume 5: Warchild",1,Marjorie M. Liu,1
1554,52637764,"Monstress, Volume 5: Warchild",1,Sana Takeda,1
1555,51601851,The Sacrifice of Darkness,1,Roxane Gay,1
1555,51601851,The Sacrifice of Darkness,1,Tracy Lynne Oliver,0
1556,51116307,"The Low, Low Woods",1,Carmen Maria Machado,1
1556,51116307,"The Low, Low Woods",1,DaNi,0
1557,52757853,"Fence, Vol. 4: Rivals",1,C.S. Pacat,1
1557,52757853,"Fence, Vol. 4: Rivals",1,Johanna the Mad,1
1558,46223323,The Adventure Zone Vol. 3: Petals to the Metal,1,Clint McElroy,1
1558,46223323,The Adventure Zone Vol. 3: Petals to the Metal,1,Griffin McElroy,1
1558,46223323,The Adventure Zone Vol. 3: Petals to the Metal,1,Travis McElroy,0
1559,50285848,The Magic Fish: A Graphic Novel,0,Trung Le Nguyen,0
1560,50706476,Dearly,0,Margaret Atwood,1
1561,54019416,Violet Bent Backwards Over the Grass,0,Lana Del Rey,0
1562,52945057,Break Your Glass Slippers,0,Amanda Lovelace,1
1563,52641647,Swimming Lessons: Poems,0,Lili Reinhart,0
1564,52854164,Home Body,0,Rupi Kaur,1
1565,51307102,On the Horizon,1,Lois Lowry,0
1565,51307102,On the Horizon,1,Kenard Pak,0
1566,49814602,The Girl and the Goddess: Stories and Poems of Divine Wisdom,0,Nikita Gill,1
1567,44094014,Homie,0,Danez Smith,1
1568,44441884,All Along You Were Blooming: Thoughts for Boundless Living,0,Morgan Harper Nichols,1
1569,50997643,What Kind of Woman: Poems,0,Kate Baer,1
1570,44094069,Postcolonial Love Poem,0,Natalie Díaz,0
1571,52584411,Whale Day: And Other Poems,0,Billy Collins,1
1572,45730512,Cast Away: Poems for Our Time,0,Naomi Shihab Nye,0
1573,48984964,Finna,0,Nate Marshall,0
1574,50898135,Sorry I Haven't Texted You Back,0,Alicia Cook,1
1575,53945491,Poems for the End of the World,0,Katie Wismer,0
1576,45895148,Romance or the End,0,Elaine Kahn,0
1577,49867447,How to Fly in Ten Thousand Easy Lessons,0,Barbara Kingsolver,1
1578,53299031,"Without: Body, Name, Country",0,Meg Johnson,0
1579,55596862,Sweetdark,0,Savannah Brown,1
1589,52377380,Valentine,0,Elizabeth Wetmore,0
1595,45895362,How Much of These Hills Is Gold,0,C Pam Zhang,1
1600,52516332,Clap When You Land,0,Elizabeth Acevedo,1
1601,45874065,A Good Girl's Guide to Murder,0,Holly Jackson,1
1602,44654627,One of Us Is Next,0,Karen M. McManus,1
1603,51931067,Felix Ever After,0,Kacen Callender,1
1604,55052604,You Should See Me in a Crown,0,Leah Johnson,0
1605,52439531,The Inheritance Games,0,Jennifer Lynn Barnes,1
1606,45240918,The Hand on the Wall,0,Maureen Johnson,1
1607,51518972,Majesty,1,Katharine McGee,1
1607,51518972,Majesty,1,Laureline Chaplain,0
1608,45045129,Tweet Cute,0,Emma Lord,1
1609,44281034,The Gravity of Us,0,Phil Stamper,1
1610,49397758,Grown,0,Tiffany D. Jackson,1
1611,45155609,Yes No Maybe So,1,Becky Albertalli,1
1611,45155609,Yes No Maybe So,1,Aisha Saeed,1
1612,51175739,The Henna Wars,0,Adiba Jaigirdar,1
1613,45046743,Only Mostly Devastated,0,Sophie Gonzales,1
1614,49151299,Punching the Air,1,Ibi Zoboi,0
1614,49151299,Punching the Air,1,Yusef Salaam,0
1615,52855024,This Is My America,0,Kim Johnson,0
1616,52766407,Today Tonight Tomorrow,0,Rachel Lynn Solomon,1
1617,49025767,Darius the Great Deserves Better,0,Adib Khorram,0
1618,49150990,Furia,0,Yamile Saied Méndez,0
1619,48589203,Beyond the Break,0,Heather Buchta,0
1620,44428899,The Queen of Nothing,0,Holly Black,1
1621,50794839,The Ballad of Songbirds and Snakes,0,Suzanne Collins,1
1622,17699853,Chain of Gold,0,Cassandra Clare,1
1623,53287484,Midnight Sun,0,Stephenie Meyer,1
1624,39122774,Children of Virtue and Vengeance,0,Tomi Adeyemi,1
1625,52339313,Cemetery Boys,0,Aiden Thomas,1
1626,43979540,Starsight,0,Brandon Sanderson,1
1627,44012880,Fable,0,Adrienne Young,1
1628,51079282,Cinderella Is Dead,0,Kalynn Bayron,0
1629,50892338,Legendborn,0,Tracy Deonn,1
1630,51182650,"Girl, Serpent, Thorn",0,Melissa Bashardoust,0
1631,49629448,A Song of Wraiths and Ruin,0,Roseanne A. Brown,0
1632,45872054,The Kingdom of Back,0,Marie Lu,1
1633,50892212,These Violent Delights,0,Chloe Gong,1
1634,44280868,All the Stars and Teeth,0,Adalyn Grace,1
1635,35702241,The Shadows Between Us,0,Tricia Levenseller,1
1636,52380340,The Extraordinaries,0,T.J. Klune,1
1637,11503920,Return of the Thief,0,Megan Whalen Turner,0
1638,50158128,Raybearer,0,Jordan Ifueko,0
1639,48717744,The Tower of Nero,0,Rick Riordan,1
1640,48613333,The One and Only Bob,1,Katherine Applegate,1
1640,48613333,The One and Only Bob,1,Patricia Castelao,1
1641,51988656,Before the Ever After,0,Jacqueline Woodson,1
1642,45343240,One True King,0,Soman Chainani,1
1643,46196106,Hollowpox: The Hunt for Morrigan Crow,0,Jessica Townsend,0
1644,45169415,From the Desk of Zoe Washington,0,Janae Marks,0
1645,52515165,We Dream of Space,0,Erin Entrada Kelly,1
1646,44900082,The List of Things That Will Not Change,0,Rebecca Stead,1
1647,36601937,Ghost Squad,0,Claribel A. Ortega,1
1648,44286536,Ali Cross,0,James Patterson,1
1649,51300436,Aru Shah and the Tree of Wishes,0,Roshani Chokshi,1
1650,44575111,King and the Dragonflies,0,Kacen Callender,1
1651,49917829,Clean Getaway,0,Nic Stone,0
1652,45485735,Here in the Real World,0,Sara Pennypacker,1
1653,50998132,A Tale of Witchcraft...,0,Chris Colfer,1
1654,36353103,Race to the Sun,0,Rebecca Roanhorse,1
1655,51323393,Unlocked,0,Shannon Messenger,1
1656,55124276,Lizzy Albright and the Attic Window,1,Ricky Tims,0
1656,55124276,Lizzy Albright and the Attic Window,1,Kat Bowser,0
1657,48945757,Fighting Words,0,Kimberly Brubaker Bradley,1
1658,52507955,Efrén Divided,0,Ernesto Cisneros,0
1659,52535437,Antiracist Baby,1,Ibram X. Kendi,1
1659,52535437,Antiracist Baby,1,Ashley Lukashevsky,1
1660,43659628,Just Like Me,0,Vanessa Brantley-Newton,1
1661,45730161,The Cool Bean,1,Jory John,1
1661,45730161,The Cool Bean,1,Pete Oswald,1
1662,49216540,The Serious Goose,0,Jimmy Kimmel,0
1663,43706730,This Book Is Gray,0,Lindsay Ward,1
1664,50438921,Sweet Child o' Mine,1,Guns N' Roses,0
1664,50438921,Sweet Child o' Mine,1,Jennifer Zivoin,0
1665,49024173,I Am Every Good Thing,1,Derrick Barnes,0
1665,49024173,I Am Every Good Thing,1,Gordon C. James,0
1666,52024896,The Seed of Compassion: Lessons from the Life and Teachings of His Holiness the Dalai Lama,1,Dalai Lama XIV,0
1666,52024896,The Seed of Compassion: Lessons from the Life and Teachings of His Holiness the Dalai Lama,1,Bao Luu,0
1667,50215810,The Oldest Student: How Mary Walker Learned to Read,1,Rita Lorraine Hubbard,0
1667,50215810,The Oldest Student: How Mary Walker Learned to Read,1,Oge Mora,0
1668,51038307,Bird Hugs,0,Ged Adamson,0
1669,51472378,Julián at the Wedding,0,Jessica Love,1
1670,51326665,Bedtime Bonnet,1,Nancy Redd,0
1670,51326665,Bedtime Bonnet,1,Nneka Myers,0
1671,55106555,Coronavirus,1,Elizabeth Jenner,0
1671,55106555,Coronavirus,1,Kate Wilson,0
1671,55106555,Coronavirus,1,Nia Roberts,0
1672,52027711,Grandma's Gardens,1,Hillary Rodham Clinton,1
1672,52027711,Grandma's Gardens,1,Chelsea Clinton,1
1672,52027711,Grandma's Gardens,1,Carme Lemniscates,0
1673,53105938,The World Needs More Purple People,1,Kristen Bell,0
1673,53105938,The World Needs More Purple People,1,Benjamin Hart,0
1673,53105938,The World Needs More Purple People,1,Daniel Wiseman,0
1674,52273975,Think Outside the Box,1,Justine Avery,0
1674,52273975,Think Outside the Box,1,Liuba Syrotiuk,0
1675,44581496,We Are Water Protectors,1,Carole Lindstrom,0
1675,44581496,We Are Water Protectors,1,Michaela Goade,0
1676,49699400,Dewdrop,0,Katie O'Neill,0
1677,48932414,We Will Rock Our Classmates,0,Ryan T. Higgins,1
1678,51457317,Wild Symphony,1,Dan Brown,1
1678,51457317,Wild Symphony,1,Susan Batori,0
1679,42975172,The Testaments,0,Margaret Atwood,1
1680,41057294,Normal People,0,Sally Rooney,1
1681,40545956,Where the Forest Meets the Stars,0,Glendy Vanderah,0
1682,42201996,"Ask Again, Yes",0,Mary Beth Keane,0
1683,40539165,Queenie,0,Candice Carty-Williams,0
1684,41880609,On Earth We're Briefly Gorgeous,0,Ocean Vuong,1
1685,34313931,A Woman Is No Man,0,Etaf Rum,1
1686,41723456,The Overdue Life of Amy Byler,0,Kelly Harms,0
1687,43984883,"Olive, Again",0,Elizabeth Strout,1
1688,41880044,The Most Fun We Ever Had,0,Claire Lombardo,1
1689,42431386,The Bookish Life of Nina Hill,0,Abbi Waxman,0
1690,40390714,The Last Romantics,0,Tara Conklin,1
1691,43697186,Red at the Bone,0,Jacqueline Woodson,1
1692,39863464,When All Is Said,0,Anne Griffin,0
1693,42207168,The Gifted School,0,Bruce Holsinger,1
1694,41880602,Fleishman Is in Trouble,0,Taffy Brodesser-Akner,0
1695,44581535,Find Me,0,André Aciman,0
1696,42976592,The Reckless Oath We Made,0,Bryn Greenwood,1
1697,52186796,"Girl, Woman, Other",0,Bernardine Evaristo,0
1698,41940306,Lanny,0,Max Porter,0
1699,40097951,The Silent Patient,0,Alex Michaelides,1
1700,38819868,"My Sister, the Serial Killer",0,Oyinkan Braithwaite,0
1701,42080142,The Turn of the Key,0,Ruth Ware,1
1702,39863488,The Lost Man,0,Jane Harper,1
1703,39863515,An Anonymous Girl,1,Greer Hendricks,1
1703,39863515,An Anonymous Girl,1,Sarah Pekkanen,1
1704,41940236,The Whisper Man,0,Alex North,0
1705,40697540,Run Away,0,Harlan Coben,1
1706,42368604,Lock Every Door,0,Riley Sager,1
1707,40121959,Miracle Creek,0,Angie Kim,1
1708,39863405,The Mother-in-Law,0,Sally Hepworth,1
1709,44034500,A Better Man,0,Louise Penny,1
1710,43822820,The Family Upstairs,0,Lisa Jewell,1
1711,42779092,The Chain,0,Adrian McKinty,0
1712,34563821,Disappearing Earth,0,Julia Phillips,0
1713,41716679,Searching for Sylvie Lee,0,Jean Kwok,1
1714,41081925,I'll Never Tell,0,Catherine McKenzie,0
1715,43885041,The Night Fire,0,Michael Connelly,1
1716,42599605,The Last Widow,0,Karin Slaughter,1
1717,39796904,My Lovely Wife,0,Samantha Downing,0
1718,38355304,The Line Between,0,Tosca Lee,0
1719,40597810,Daisy Jones & The Six,0,Taylor Jenkins Reid,1
1720,42279228,The Nickel Boys,0,Colson Whitehead,1
1721,40390766,The Huntress,0,Kate Quinn,1
1722,42135029,City of Girls,0,Elizabeth Gilbert,1
1723,43925876,The Giver of Stars,0,Jojo Moyes,1
1724,43982054,The Water Dancer,0,Ta-Nehisi Coates,1
1725,40130093,Once Upon a River,0,Diane Setterfield,0
1726,41556734,The Lost Girls of Paris,0,Pam Jenoff,0
1727,44318414,The Dutch House,0,Ann Patchett,1
1728,42283286,Summer of '69,0,Elin Hilderbrand,1
1729,40538657,The Island of Sea Women,0,Lisa See,1
1730,40546098,What the Wind Knows,0,Amy Harmon,1
1731,39863482,The Night Tiger,0,Yangsze Choo,1
1732,40988979,Lost Roses,0,Martha Hall Kelly,1
1733,42589678,Mrs. Everything,0,Jennifer Weiner,1
1734,45033931,Cilka's Journey,0,Heather Morris,1
1735,42366224,The Book Woman of Troublesome Creek,0,Kim Michele Richardson,1
1736,25813942,This Tender Land,0,William Kent Krueger,1
1737,41555942,Nottingham,0,Nathan Makaryk,0
1738,41454042,The Summer Country,0,Lauren Willig,1
1739,43263680,Ninth House,0,Leigh Bardugo,1
1740,43575115,The Starless Sea,0,Erin Morgenstern,1
1741,39943621,Fire & Blood,1,George R.R. Martin,1
1741,39943621,Fire & Blood,1,Doug Wheatley,0
1742,40381319,The Priory of the Orange Tree,0,Samantha Shannon,1
1743,35297403,The Red Scrolls of Magic,1,Cassandra Clare,1
1743,35297403,The Red Scrolls of Magic,1,Wesley Chu,1
1744,36906346,The Winter of the Witch,0,Katherine Arden,1
1745,37638128,Of Blood and Bone,0,Nora Roberts,1
1746,40524748,Storm Cursed,0,Patricia Briggs,1
1747,40524312,"Black Leopard, Red Wolf",0,Marlon James,0
1748,41893832,Middlegame,0,Seanan McGuire,1
1749,43521657,The Ten Thousand Doors of January,0,Alix E. Harrow,1
1750,36510722,Gods of Jade and Shadow,0,Silvia Moreno-Garcia,1
1751,39855052,The Kingdom of Copper,0,S.A. Chakraborty,1
1752,41212753,The Dragon Republic,0,R.F. Kuang,1
1753,37587820,Darkdawn,0,Jay Kristoff,1
1754,41555947,Magic for Liars,0,Sarah Gailey,1
1755,30169100,The Burning White,0,Brent Weeks,1
1756,42592353,Age of Legend,1,Michael J. Sullivan,1
1756,42592353,Age of Legend,1,Simonetti,0
1757,35606041,A Little Hatred,0,Joe Abercrombie,1
1758,38099642,Holy Sister,0,Mark Lawrence,1
1759,52410331,"Red, White & Royal Blue",0,Casey McQuiston,1
1760,43225180,Verity,0,Colleen Hoover,1
1761,52709482,The Unhoneymooners,0,Christina Lauren,1
1762,41150382,Things You Save in a Fire,0,Katherine Center,1
1763,39338454,The Bride Test,0,Helen Hoang,1
1764,42101728,The Savior,0,J.R. Ward,1
1765,41450662,The Kiss Thief,1,L.J. Shen,1
1765,41450662,The Kiss Thief,1,Charline McGregor,0
1766,41150287,The Flatshare,0,Beth O'Leary,1
1767,39709060,Pretty Reckless,0,L.J. Shen,1
1768,36117813,The Girl He Used to Know,0,Tracey Garvis Graves,0
1769,50206920,Ayesha at Last,0,Uzma Jalaluddin,0
1770,42785825,The Friend Zone,0,Abby Jimenez,1
1771,42599067,The Wedding Party,0,Jasmine Guillory,1
1772,41063454,Meet Cute,0,Helena Hunting,0
1773,43205122,Well Met,0,Jen DeLuca,0
1774,43603066,Sapphire Flames,0,Ilona Andrews,1
1775,53166909,Beard Necessities,0,Penny Reid,1
1776,52176814,The Best Thing,0,Mariana Zapata,1
1777,43616063,The Wallflower Wager,0,Tessa Dare,1
1778,42079209,Brazen and the Beast,0,Sarah MacLean,1
1779,42046112,Recursion,0,Blake Crouch,1
1780,37678631,Dark Age,0,Pierce Brown,1
1781,42036538,Gideon the Ninth,0,Tamsyn Muir,1
1782,41093489,This Is How You Lose the Time War,1,Amal El-Mohtar,0
1782,41093489,This Is How You Lose the Time War,1,Max Gladstone,0
1783,42201962,The Deep,1,Rivers Solomon,1
1783,42201962,The Deep,1,Daveed Diggs,0
1783,42201962,The Deep,1,William Hutson,0
1784,28335698,Tiamat's Wrath,0,James S.A. Corey,1
1785,42260978,Machines Like Me,0,Ian McEwan,1
1786,52222275,Exhalation,0,Ted Chiang,0
1787,41940388,The Test,0,Sylvain Neuvel,1
1788,41824495,"Fall; or, Dodge in Hell",0,Neal Stephenson,1
1789,42036965,One Word Kill,0,Mark Lawrence,1
1790,43190272,"To Be Taught, If Fortunate",0,Becky Chambers,1
1791,34019083,Wanderers,0,Chuck Wendig,1
1792,37534907,The City in the Middle of the Night,0,Charlie Jane Anders,1
1793,39863238,A Memory Called Empire,0,Arkady Martine,1
1794,43160651,Thrawn: Treason,0,Timothy Zahn,1
1795,43263237,The Future of Another Timeline,0,Annalee Newitz,1
1796,39217756,Here and Now and Then,0,Mike Chen,0
1797,41716930,Children of Ruin,0,Adrian Tchaikovsky,1
1798,40523931,The Light Brigade,0,Kameron Hurley,1
1799,43798285,The Institute,0,Stephen King,1
1800,43522576,Imaginary Friend,0,Stephen Chbosky,0
1801,42881101,The Girl in Red,0,Christina Henry,1
1802,40065317,The Invited,0,Jennifer McMahon,1
1803,44034616,The Lost Causes of Bleak Creek,1,Rhett McLaughlin,1
1803,44034616,The Lost Causes of Bleak Creek,1,Link Neal,1
1803,44034616,The Lost Causes of Bleak Creek,1,Lance Rubin,0
1804,43801817,Full Throttle,0,Joe Hill,1
1805,42815544,Bunny,0,Mona Awad,1
1806,40725252,Wakenhyrst,0,Michelle Paver,0
1807,42527596,The Twisted Ones,0,T. Kingfisher,1
1808,43506916,A Cosmology of Monsters,0,Shaun Hamill,0
1809,43706714,No One's Home,0,D.M. Pulley,0
1810,42118050,Growing Things and Other Stories,0,Paul Tremblay,1
1811,41888678,Song for the Unraveling of the World: Stories,0,Brian Evenson,0
1812,41555927,The Toll,0,Cherie Priest,0
1813,44349541,Violet,0,Scott Thomas,0
1814,44791629,The Remaking,0,Clay McLeod Chapman,0
1815,43263515,The Monster of Elendhaven,0,Jennifer Giesbrecht,0
1816,40696751,The Luminous Dead,0,Caitlin Starling,0
1817,42201850,The Need,0,Helen Phillips,0
1818,42186023,Petra's Ghost,0,C.S. O’Cinneide,0
1819,44600621,"Dear Girls: Intimate Tales, Untold Secrets, & Advice for Living Your Best Life",1,Ali Wong,0
1819,44600621,"Dear Girls: Intimate Tales, Untold Secrets, & Advice for Living Your Best Life",1,Justin Hakuta,0
1820,43885930,Life Will Be the Death of Me: . . . and you too!,0,Chelsea Handler,1
1821,42060068,William Shakespeare's Much Ado About Mean Girls,1,Ian Doescher,1
1821,42060068,William Shakespeare's Much Ado About Mean Girls,1,Kent Barton,0
1822,43263670,Do You Mind If I Cancel?: Things That Still Annoy Me,0,Gary Janetti,1
1823,40983137,Southern Lady Code: Essays,0,Helen Ellis,1
1824,41188319,The Field Guide to Dumb Birds of North America,0,Matt Kracht,1
1825,41429806,"Riding the Elephant: A Memoir of Altercations, Humiliations, Hallucinations, and Observations",0,Craig Ferguson,0
1826,42506471,Hope Rides Again,0,Andrew Shaffer,1
1827,43908975,Small Doses: Potent Truths for Everyday Use,0,Amanda Seales,0
1828,44419612,A Woman First: First Woman: A Memoir,0,Selina Meyer,0
1829,45181834,Twas the Nightshift before Christmas,0,Adam Kay,0
1830,43615787,Good Things Happen to People You Hate: Essays,0,Rebecca Fishbein,0
1831,41940280,Mr. Know-It-All: The Tarnished Wisdom of a Filth Elder,0,John Waters,0
1832,44527315,Effin' Birds: A Field Guide to Identification,0,Aaron Reynolds,1
1833,34315901,"Baby, Don't Hurt Me: Stories and Scars from Saturday Night Live",1,Chris Kattan,0
1833,34315901,"Baby, Don't Hurt Me: Stories and Scars from Saturday Night Live",1,Travis Thrasher,0
1833,34315901,"Baby, Don't Hurt Me: Stories and Scars from Saturday Night Live",1,Seth Meyers,0
1834,40819522,"Brilliant, Brilliant, Brilliant Brilliant Brilliant",0,Joel Golby,0
1835,44908180,Medallion Status: True Stories from Secret Rooms,0,John Hodgman,1
1836,43309518,Nice Try: Stories of Best Intentions and Mixed Results,0,Josh Gondelman,0
1837,44064563,"When Life Gives You Pears: The Healing Power of Family, Faith, and Funny People",0,Jeannie Gaffigan,0
1838,42046110,Someone Who Will Love You in All Your Damaged Glory: Stories,0,Raphael Bob-Waksberg,0
1839,40591267,"Girl, Stop Apologizing: A Shame-Free Plan for Embracing and Achieving Your Goals",0,Rachel Hollis,1
1840,41066983,Stay Sexy & Don't Get Murdered: The Definitive How-To Guide,1,Karen Kilgariff,0
1840,41066983,Stay Sexy & Don't Get Murdered: The Definitive How-To Guide,1,Georgia Hardstark,0
1841,37570546,"Maybe You Should Talk to Someone: A Therapist, Her Therapist, and Our Lives Revealed",0,Lori Gottlieb,0
1842,53011908,"Catch and Kill: Lies, Spies, and a Conspiracy to Protect Predators",0,Ronan Farrow,0
1843,40574441,Everything Is F*cked: A Book About Hope,0,Mark Manson,0
1844,43848929,Talking to Strangers: What We Should Know About the People We Don't Know,0,Malcolm Gladwell,1
1845,42201100,Three Women,0,Lisa Taddeo,0
1846,43231095,American Predator: The Hunt for the Most Meticulous Serial Killer of the 21st Century,0,Maureen Callahan,1
1847,44767249,She Said: Breaking the Sexual Harassment Story That Helped Ignite a Movement,1,Jodi Kantor,0
1847,44767249,She Said: Breaking the Sexual Harassment Story That Helped Ignite a Movement,1,Megan Twohey,0
1848,40776644,The Moment of Lift: How Empowering Women Changes the World,0,Melinda French Gates,0
1849,38362811,The Witches Are Coming,0,Lindy West,1
1850,41154327,Parkland: Birth of a Movement,0,Dave Cullen,0
1851,43822665,Embrace Your Weird: Face Your Fears and Unleash Creativity,0,Felicia Day,1
1852,40121993,The Collected Schizophrenias: Essays,0,Esmé Weijun Wang,0
1853,43126457,Trick Mirror: Reflections on Self-Delusion,0,Jia Tolentino,0
1854,41883932,"Furious Hours: Murder, Fraud, and the Last Trial of Harper Lee",0,Casey Cep,0
1855,44767265,"Blowout: Corrupted Democracy, Rogue State Russia, and the Richest, Most Destructive Industry on Earth",0,Rachel Maddow,1
1856,40265832,How to Be an Antiracist,0,Ibram X. Kendi,1
1857,40365093,Thick: And Other Essays,0,Tressie McMillan Cottom,0
1858,36742978,"Grace Will Lead Us Home: The Charleston Church Massacre and the Hard, Inspiring Journey to Forgiveness",0,Jennifer Berry Hawes,0
1859,43386674,Over the Top: A Raw Journey to Self-Love,0,Jonathan Van Ness,0
1860,46264398,Know My Name: A Memoir,0,Chanel Miller,0
1861,44286431,Home Work: A Memoir of My Hollywood Years,1,Julie Andrews Edwards,0
1861,44286431,Home Work: A Memoir of My Hollywood Years,1,Emma Walton Hamilton,0
1862,39218350,"Maid: Hard Work, Low Pay, and a Mother's Will to Survive",1,Stephanie Land,0
1862,39218350,"Maid: Hard Work, Low Pay, and a Mother's Will to Survive",1,Barbara Ehrenreich,0
1863,44303730,Me,0,Elton John,0
1864,40364332,"Inheritance: A Memoir of Genealogy, Paternity, and Love",0,Dani Shapiro,0
1865,45167624,Inside Out,1,Ariel Levy,1
1865,45167624,Inside Out,1,Demi Moore,0
1866,42202117,"From Scratch: A Memoir of Love, Sicily, and Finding Home",0,Tembi Locke,0
1867,43682552,How We Fight For Our Lives,0,Saeed Jones,1
1868,43263491,Toil & Trouble,0,Augusten Burroughs,1
1869,44776548,Year of the Monkey,0,Patti Smith,1
1870,42188604,In the Dream House: A Memoir,0,Carmen Maria Machado,1
1871,46223297,Permanent Record,0,Edward Snowden,0
1872,42729452,More Than Enough: Claiming Space for Who You Are,0,Elaine Welteroth,0
1873,40046084,Long Live the Tribe of Fatherless Girls,0,T Kira Madden,0
1874,43497893,Prognosis: A Memoir of My Brain,0,Sarah Vallance,0
1875,40180065,Sounds Like Titanic,0,Jessica Chiccehitto Hindman,0
1876,39216478,"The Unwinding of the Miracle: A Memoir of Life, Death, and Everything That Comes After",0,Julie Yip-Williams,0
1877,44288534,What Is a Girl Worth?: My Story of Breaking the Silence and Exposing the Truth about Larry Nassar and USA Gymnastics,0,Rachael Denhollander,0
1878,43261166,"Wild Game: My Mother, Her Lover, and Me",0,Adrienne Brodeur,0
1879,37570548,The Five: The Untold Lives of the Women Killed by Jack the Ripper,0,Hallie Rubenhold,0
1880,40538681,Midnight in Chernobyl: The Untold Story of the World's Greatest Nuclear Disaster,0,Adam Higginbotham,1
1881,40163119,Say Nothing: A True Story of Murder and Memory in Northern Ireland,0,Patrick Radden Keefe,1
1882,44908411,Before and After,1,Lisa Wingate,1
1882,44908411,Before and After,1,Judy Christie,0
1883,40595446,A Woman of No Importance: The Untold Story of the American Spy Who Helped Win World War II,0,Sonia Purnell,0
1884,43821991,The Only Plane in the Sky: An Oral History of 9/11,0,Garrett M. Graff,1
1885,42201377,The Pioneers: The Heroic Story of the Settlers Who Brought the American Ideal West,0,David McCullough,1
1886,40594422,First: Sandra Day O'Connor,0,Evan Thomas,0
1887,39863169,The First Conspiracy: The Secret Plot to Kill George Washington,1,Brad Meltzer,1
1887,39863169,The First Conspiracy: The Secret Plot to Kill George Washington,1,Josh Mensch,1
1888,41574287,The Heartbeat of Wounded Knee: Native America from 1890 to the Present,0,David Treuer,0
1889,41796203,Madame Fourcade's Secret War: The Daring Young Woman Who Led France's Largest Spy Network Against Hitler,0,Lynne Olson,1
1890,40121985,How to Hide an Empire: A History of the Greater United States,0,Daniel Immerwahr,0
1891,41219594,Dutch Girl: Audrey Hepburn and World War II,1,Robert Matzen,0
1891,41219594,Dutch Girl: Audrey Hepburn and World War II,1,Luca Dotti,0
1892,40165912,The Lady from the Black Lagoon: Hollywood Monsters and the Lost Legacy of Milicent Patrick,0,Mallory O'Meara,0
1893,40539126,Code Name: Lise: The True Story of the Woman Who Became WWII's Most Highly Decorated Spy,0,Larry Loftis,0
1894,41716904,Upheaval: Turning Points for Nations in Crisis,0,Jared Diamond,1
1895,41812830,"The British Are Coming: The War for America, Lexington to Princeton, 1775-1777",1,Rick Atkinson,1
1895,41812830,"The British Are Coming: The War for America, Lexington to Princeton, 1775-1777",1,John Sterling,0
1896,40360266,"Spearhead: An American Tank Gunner, His Enemy, and a Collision of Lives In World War II",0,Adam Makos,1
1897,40121946,The Death and Life of Aida Hernandez: A Border Story,0,Aaron Bobrow-Strain,0
1898,42972023,"The Anarchy: The East India Company, Corporate Violence, and the Pillage of an Empire",0,William Dalrymple,0
1899,43785830,Will My Cat Eat My Eyeballs? Big Questions from Tiny Mortals About Death,1,Caitlin Doughty,1
1899,43785830,Will My Cat Eat My Eyeballs? Big Questions from Tiny Mortals About Death,1,Dianné Ruz,0
1900,41104077,Invisible Women: Data Bias in a World Designed for Men,0,Caroline Criado Pérez,0
1901,43582376,The Body: A Guide for Occupants,0,Bill Bryson,1
1902,43852758,How To: Absurd Scientific Advice for Common Real-World Problems,0,Randall Munroe,1
1903,40180060,Mama's Last Hug: Animal Emotions and What They Tell Us about Ourselves,0,Frans de Waal,1
1904,40405444,Digital Minimalism: Choosing a Focused Life in a Noisy World,0,Cal Newport,1
1905,41552709,The Uninhabitable Earth: Life After Warming,0,David Wallace-Wells,0
1906,41817481,Underland: A Deep Time Journey,0,Robert Macfarlane,0
1907,44526650,"Crisis in the Red Zone: The Story of the Deadliest Ebola Outbreak in History, and of the Outbreaks to Come",0,Richard Preston,0
1908,43565381,We Are the Weather: Saving the Planet Begins at Breakfast,0,Jonathan Safran Foer,1
1909,39999461,Never Enough: The Neuroscience and Experience of Addiction,0,Judith Grisel,0
1910,40597264,Hacking Darwin: Genetic Engineering and the Future of Humanity,0,Jamie Metzl,0
1911,44595007,Indistractable: How to Control Your Attention and Choose Your Life,1,Nir Eyal,1
1911,44595007,Indistractable: How to Control Your Attention and Choose Your Life,1,Julie Li,0
1912,42397849,Burnout: The Secret to Unlocking the Stress Cycle,1,Emily Nagoski,1
1912,42397849,Burnout: The Secret to Unlocking the Stress Cycle,1,Amelia Nagoski,0
1913,36739320,Because Internet: Understanding the New Rules of Language,0,Gretchen McCulloch,0
1914,43723901,Lifespan: Why We Age―and Why We Don't Have To,0,David A. Sinclair,0
1915,36589701,The Perfect Predator: A Scientist's Race to Save Her Husband from a Deadly Superbug: A Memoir,1,Steffanie Strathdee,0
1915,36589701,The Perfect Predator: A Scientist's Race to Save Her Husband from a Deadly Superbug: A Memoir,1,Thomas Patterson,0
1916,44573628,Super Pumped: The Battle for Uber,0,Mike Isaac,0
1917,44065062,Something Deeply Hidden: Quantum Worlds and the Emergence of Spacetime,0,Sean Carroll,1
1918,40696923,Blueprint: The Evolutionary Origins of a Good Society,0,Nicholas A. Christakis,0
1919,39977443,Antoni in the Kitchen,1,Antoni Porowski,0
1919,39977443,Antoni in the Kitchen,1,Mindy Fox,0
1920,43884186,The Adventurous Eaters Club: Mastering the Art of Family Mealtime,1,Misha Collins,0
1920,43884186,The Adventurous Eaters Club: Mastering the Art of Family Mealtime,1,Vicki Collins,0
1921,40645634,Notes from a Young Black Chef,1,Kwame Onwuachi,0
1921,40645634,Notes from a Young Black Chef,1,Joshua David Stein,0
1922,44429515,The Little Women Cookbook: Tempting Recipes from the March Sisters and Their Friends and Family,1,Wini Moranville,0
1922,44429515,The Little Women Cookbook: Tempting Recipes from the March Sisters and Their Friends and Family,1,Louisa May Alcott,0
1923,43849324,Rachael Ray 50: Memories and Meals from a Sweet and Savory Life,0,Rachael Ray,0
1924,41948849,"Plant-Based on a Budget: Delicious Vegan Recipes for Under $30 a Week, in Less Than 30 Minutes a Meal",0,Toni Okamoto,0
1925,42583941,Let's Make Ramen!: A Comic Book Cookbook,1,Hugh Amano,0
1925,42583941,Let's Make Ramen!: A Comic Book Cookbook,1,Sarah Becan,0
1926,41644326,Save Me the Plums: My Gourmet Memoir,0,Ruth Reichl,1
1927,40796136,Indian-Ish: Recipes and Antics from a Modern American Family,0,Priya Krishna,0
1928,41155069,"Happiness Is Baking: Cakes, Pies, Tarts, Muffins, Brownies, Cookies: Favorite Desserts from the Queen of Cake",1,Maida Heatter,0
1928,41155069,"Happiness Is Baking: Cakes, Pies, Tarts, Muffins, Brownies, Cookies: Favorite Desserts from the Queen of Cake",1,Dorie Greenspan,0
1929,46131607,Forking Good: A Cookbook Inspired by The Good Place,1,Valya Dudycz Lupescu,0
1929,46131607,Forking Good: A Cookbook Inspired by The Good Place,1,Stephen H. Segal,0
1930,39858047,"The Clean Plate: Eat, Reset, Heal",0,Gwyneth Paltrow,1
1931,40180121,Zaitoun: Recipes from the Palestinian Kitchen,0,Yasmin Khan,0
1932,40796103,"No Crumbs Left: Whole30 Endorsed, Recipes for Everyday Food Made Marvelous",0,Teri Turner,0
1933,49630911,Sunny-Side Up: More Than 100 Breakfast & Brunch Recipes from the Essential Egg to the Perfect Pastry,0,Waylynn Lucas,0
1934,43261151,Binging with Babish: 100 Recipes Recreated from Your Favorite Movies and TV Shows,0,Andrew Rea,0
1935,37805223,Midnight Chicken: & Other Recipes Worth Living For,0,Ella Risbridger,0
1936,44767037,Nothing Fancy,0,Alison Roman,0
1937,40864247,Mostly Plants: 101 Delicious Flexitarian Recipes from the Pollan Family,1,Dana Pollan,1
1937,40864247,Mostly Plants: 101 Delicious Flexitarian Recipes from the Pollan Family,1,Lori Pollan,1
1937,40864247,Mostly Plants: 101 Delicious Flexitarian Recipes from the Pollan Family,1,Tracy Pollan,0
1938,40916358,Burn the Place: A Memoir,0,Iliana Regan,0
1939,40864790,Pumpkinheads,1,Rainbow Rowell,1
1939,40864790,Pumpkinheads,1,Faith Erin Hicks,1
1939,40864790,Pumpkinheads,1,Sarah Stern,0
1940,43307358,Heartstopper: Volume Two,0,Alice Oseman,1
1941,40766383,The Handmaid's Tale: The Graphic Novel,1,Margaret Atwood,1
1941,40766383,The Handmaid's Tale: The Graphic Novel,1,Renée Nault,0
1942,42527866,They Called Us Enemy,1,George Takei,0
1942,42527866,They Called Us Enemy,1,Justin Eisinger,0
1942,42527866,They Called Us Enemy,1,Steven Scott,0
1943,39296114,Book Love,0,Debbie Tung,1
1944,38452813,Teen Titans: Raven,1,Kami Garcia,1
1944,38452813,Teen Titans: Raven,1,Gabriel Picolo,1
1945,38524301,Shades of Magic Vol. 1: The Steel Prince,1,Victoria E. Schwab,1
1945,38524301,Shades of Magic Vol. 1: The Steel Prince,1,Andrea Olimpieri,0
1945,38524301,Shades of Magic Vol. 1: The Steel Prince,1,Enrica Eren Angiolini,0
1946,21801668,"The Umbrella Academy, Vol. 3: Hotel Oblivion",1,Gabriel Bá,1
1946,21801668,"The Umbrella Academy, Vol. 3: Hotel Oblivion",1,Gerard Way,0
1947,44774415,Mooncakes,1,Suzanne Walker,0
1947,44774415,Mooncakes,1,Wendy Xu,0
1948,38812893,"Paper Girls, Volume 5",1,Brian K. Vaughan,1
1948,38812893,"Paper Girls, Volume 5",1,Cliff Chiang,1
1948,38812893,"Paper Girls, Volume 5",1,Matt Wilson,1
1949,39073378,Kid Gloves: Nine Months of Careful Chaos,0,Lucy Knisley,1
1950,39073387,Bloom,1,Kevin Panetta,0
1950,39073387,Bloom,1,Savanna Ganucheau,0
1951,40864841,Laura Dean Keeps Breaking Up with Me,1,Mariko Tamaki,1
1951,40864841,Laura Dean Keeps Breaking Up with Me,1,Rosemary Valero-O'Connell,0
1952,36700347,Good Talk: A Memoir in Conversations,0,Mira Jacob,1
1953,41391399,Under the Moon: A Catwoman Tale,1,Lauren Myracle,1
1953,41391399,Under the Moon: A Catwoman Tale,1,Isaac Goodhart,0
1954,41812788,The Adventure Zone Vol. 2: Murder on the Rockport Limited!,1,Clint McElroy,1
1954,41812788,The Adventure Zone Vol. 2: Murder on the Rockport Limited!,1,Griffin McElroy,1
1954,41812788,The Adventure Zone Vol. 2: Murder on the Rockport Limited!,1,Justin McElroy,1
1955,45899240,"Monstress, Volume 4: The Chosen",1,Marjorie M. Liu,1
1955,45899240,"Monstress, Volume 4: The Chosen",1,Sana Takeda,1
1956,40538764,"Fence, Vol. 3",1,C.S. Pacat,1
1956,40538764,"Fence, Vol. 3",1,Johanna the Mad,1
1956,40538764,"Fence, Vol. 3",1,Joana La Fuente,0
1957,42835876,"The Wicked + The Divine, Vol. 9: Okay",1,Kieron Gillen,1
1957,42835876,"The Wicked + The Divine, Vol. 9: Okay",1,Jamie McKelvie,1
1957,42835876,"The Wicked + The Divine, Vol. 9: Okay",1,Matt Wilson,1
1958,42667807,"Die, Vol. 1: Fantasy Heartbreaker",1,Kieron Gillen,1
1958,42667807,"Die, Vol. 1: Fantasy Heartbreaker",1,Stephanie Hans,0
1958,42667807,"Die, Vol. 1: Fantasy Heartbreaker",1,Clayton Cowles,0
1959,40519259,Shout,0,Laurie Halse Anderson,1
1960,40680973,The Mermaid's Voice Returns in This One,0,Amanda Lovelace,1
1961,43838654,The Truth About Magic,0,Atticus Poetry,1
1962,39656141,Lord of the Butterflies,0,Andrea Gibson,1
1963,44157727,Great Goddesses: Life Lessons from Myths and Monsters,0,Nikita Gill,1
1964,41219132,Love Looks Pretty on You,0,Lang Leav,1
1965,40046136,A Bound Woman Is a Dangerous Thing: The Incarceration of African American Women from Harriet Tubman to Sandra Bland,0,DaMaris B. Hill,0
1966,43453732,When You Ask Me Where I'm Going,0,Jasmin Kaur,1
1967,40680971,Empty Bottles Full of Stories,1,R.H. Sin,1
1967,40680971,Empty Bottles Full of Stories,1,Robert M. Drake,1
1968,43124132,Life of the Party,0,Olivia Gatwood,1
1969,40611194,Magical Negro,0,Morgan Parker,1
1970,43822523,Almost Home: Poems,0,Madisen Kuhn,0
1971,41746324,The Tradition,0,Jericho Brown,1
1972,40121980,Deaf Republic,0,Ilya Kaminsky,0
1973,41745412,Soft Science,0,Franny Choi,1
1974,48510012,I'm Not Your Paper Princess,0,J.R. Rogue,1
1975,40909463,The Octopus Museum,0,Brenda Shaughnessy,0
1976,44313592,Aphrodite Made Me Do It,0,Trista Mateer,1
1977,43726619,A Fortune for Your Disaster,0,Hanif Abdurraqib,1
1978,42977358,The Girl Aquarium,0,Jen Campbell,1
1984,40514431,Evvie Drake Starts Over,0,Linda Holmes,0
1987,43426115,The Secrets We Kept,0,Lara Prescott,0
1992,40696776,Boy Swallows Universe,0,Trent Dalton,0
1994,39679076,House of Salt and Sorrows,0,Erin A. Craig,1
1999,38926328,Five Feet Apart,1,Rachael Lippincott,1
1999,38926328,Five Feet Apart,1,Mikki Daughtry,0
1999,38926328,Five Feet Apart,1,Tobias Iaconis,0
2000,35887567,On the Come Up,0,Angie Thomas,1
2001,41154268,With the Fire on High,0,Elizabeth Acevedo,1
2002,38225791,Two Can Keep a Secret,0,Karen M. McManus,1
2003,43220998,The Fountains of Silence,0,Ruta Sepetys,1
2004,41147279,"Again, But Better",0,Christine Riccio,0
2005,41473872,I Wish You All the Best,0,Mason Deaver,0
2006,39893545,The Vanishing Stair,0,Maureen Johnson,1
2007,43744300,American Royals,0,Katharine McGee,1
2008,42245770,The Rest of the Story,0,Sarah Dessen,1
2009,37539001,Capturing the Devil,0,Kerri Maniscalco,1
2010,40695682,Internment,0,Samira Ahmed,1
2011,39725622,The Princess and the Fangirl,0,Ashley Poston,1
2012,39847584,Frankly in Love,0,David Yoon,1
2013,36511805,Serious Moonlight,0,Jenn Bennett,1
2014,40536335,Opposite of Always,0,Justin A. Reynolds,0
2015,43263520,The Grace Year,0,Kim Liggett,0
2016,44107480,Lovely War,0,Julie Berry,0
2017,40148146,Love from A to Z,0,S.K. Ali,1
2018,39863399,Birthday,0,Meredith Russo,1
2019,38237340,The Wicked King,0,Holly Black,1
2020,44017627,Wayward Son,0,Rainbow Rowell,1
2021,36538785,Queen of Air and Darkness,0,Cassandra Clare,1
2022,39804936,King of Scars,0,Leigh Bardugo,1
2023,42505366,Wilder Girls,0,Rory Power,0
2024,43822024,The Toll,0,Neal Shusterman,1
2025,43204703,A Curse So Dark and Lonely,0,Brigid Kemmerer,1
2026,40381392,Finale,0,Stephanie Garber,1
2027,42201395,Sorcery of Thorns,0,Margaret Rogerson,0
2028,30075662,Aurora Rising,1,Amie Kaufman,1
2028,30075662,Aurora Rising,1,Jay Kristoff,1
2029,42771754,Supernova,0,Marissa Meyer,1
2030,34992959,Defy Me,0,Tahereh Mafi,1
2031,39863277,Bloodwitch,0,Susan Dennard,1
2032,31373184,Call Down the Hawk,0,Maggie Stiefvater,1
2033,40367270,Four Dead Queens,0,Astrid Scholte,0
2034,42121526,Rebel,0,Marie Lu,1
2035,44139418,The Secret Commonwealth,1,Philip Pullman,1
2035,44139418,The Secret Commonwealth,1,Christopher Wormell,0
2036,40024139,Serpent & Dove,0,Shelby Mahurin,1
2037,36492488,We Hunt the Flame,0,Hafsah Faizal,1
2038,39863498,The Gilded Wolves,0,Roshani Chokshi,1
2039,43128231,The Tyrant's Tomb,0,Rick Riordan,1
2040,43319657,Tunnel of Bones,0,Victoria E. Schwab,1
2041,42097227,Guts,0,Raina Telgemeier,1
2042,39280558,The Remarkable Journey of Coyote Sunrise,0,Dan Gemeinhart,1
2043,39893619,New Kid,0,Jerry Craft,0
2044,40139216,A Crystal of Time,0,Soman Chainani,1
2045,34966859,Dragon Pearl,0,Yoon Ha Lee,1
2046,43120234,Diary of an Awesome Friendly Kid: Rowley Jefferson's Journal,0,Jeff Kinney,1
2047,40390757,The Strangers,1,Margaret Peterson Haddix,0
2047,40390757,The Strangers,1,Anne Lambelet,0
2048,41067826,Aru Shah and the Song of Death,0,Roshani Chokshi,1
2049,40206380,The Bridge Home,0,Padma Venkatraman,0
2050,41154293,Other Words for Home,0,Jasmine Warga,1
2051,43822791,Legacy,0,Shannon Messenger,1
2052,41429527,Shouting at the Rain,0,Lynda Mullaly Hunt,1
2053,38609428,To Night Owl from Dogfish,1,Holly Goldberg Sloan,1
2053,38609428,To Night Owl from Dogfish,1,Meg Wolitzer,1
2054,43231099,Dead Voices,0,Katherine Arden,1
2055,39855034,The Unteachables,0,Gordon Korman,1
2056,44023770,A Tale of Magic...,0,Chris Colfer,1
2057,43453642,Dear Sweet Pea,0,Julie Murphy,1
2058,39884337,Tristan Strong Punches a Hole in the Sky,0,Kwame Mbalia,0
2059,42616620,A Beautiful Day in the Neighborhood: The Poetry of Mister Rogers,1,Luke Flowers,1
2059,42616620,A Beautiful Day in the Neighborhood: The Poetry of Mister Rogers,1,Fred Rogers,0
2060,42785750,Sulwe,1,Vashti Harrison,1
2060,42785750,Sulwe,1,Lupita Nyong'o,0
2061,40221498,The Good Egg,1,Jory John,1
2061,40221498,The Good Egg,1,Pete Oswald,1
2062,40944115,Hair Love,1,Vashti Harrison,1
2062,40944115,Hair Love,1,Matthew A. Cherry,0
2063,38595349,Unicorn Day,1,Luke Flowers,1
2063,38595349,Unicorn Day,1,Diana Murray,0
2064,42931503,A Tiger Like Me,1,Michael Engler,0
2064,42931503,A Tiger Like Me,1,Joëlle Tourlonias,0
2064,42931503,A Tiger Like Me,1,Laura Watkinson,0
2065,38791999,Because,0,Mo Willems,1
2066,41451728,We Are (Not) Friends,1,Anna Kang,1
2066,41451728,We Are (Not) Friends,1,Christopher Weyant,1
2067,43671848,Just Because,1,Mac Barnett,1
2067,43671848,Just Because,1,Isabelle Arsenault,0
2068,41183554,A Piglet Named Mercy,1,Kate DiCamillo,1
2068,41183554,A Piglet Named Mercy,1,Chris Van Dusen,0
2069,41954472,Pirates Don't Go to Kindergarten!,1,Lisa Robinson,0
2069,41954472,Pirates Don't Go to Kindergarten!,1,Eda Kaban,0
2070,43853210,The Proudest Blue,1,S.K. Ali,1
2070,43853210,The Proudest Blue,1,Ibtihaj Muhammad,0
2070,43853210,The Proudest Blue,1,Hatem Aly,0
2071,32335532,How to Read a Book,1,Kwame Alexander,1
2071,32335532,How to Read a Book,1,Melissa Sweet,1
2072,40607588,It's Not Hansel and Gretel,1,Josh Funk,1
2072,40607588,It's Not Hansel and Gretel,1,Edwardian Taylor,0
2073,42642044,Fry Bread: A Native American Family Story,1,Kevin Noble Maillard,0
2073,42642044,Fry Bread: A Native American Family Story,1,Juana Martinez-Neal,0
2074,41954471,What If Everybody Thought That?,1,Ellen Javernick,0
2074,41954471,What If Everybody Thought That?,1,Colleen Madden,0
2075,41451729,Vacation for Dexter!,0,Lindsay Ward,1
2076,40796177,The Undefeated,1,Kwame Alexander,1
2076,40796177,The Undefeated,1,Kadir Nelson,1
2077,41954470,Rosie the Dragon and Charlie Make Waves,1,Lauren H. Kerstein,0
2077,41954470,Rosie the Dragon and Charlie Make Waves,1,Nate Wragg,0
2078,43662690,Snow Globe Wishes,1,Erin Dealey,1
2078,43662690,Snow Globe Wishes,1,Claire Shorrock,0
2079,35791968,Still Me,0,Jojo Moyes,1
2080,33590210,An American Marriage,0,Tayari Jones,1
2081,36373463,Us Against You,0,Fredrik Backman,1
2082,39280445,Nine Perfect Strangers,0,Liane Moriarty,1
2083,38186611,An Absolutely Remarkable Thing,0,Hank Green,1
2084,38820047,Killing Commendatore,0,Haruki Murakami,1
2085,36692478,There There,0,Tommy Orange,1
2086,34275212,Girls Burn Brighter,0,Shobha Rao,0
2087,36723031,All We Ever Wanted,0,Emily Giffin,1
2088,36082326,Every Note Played,0,Lisa Genova,1
2089,35480518,The Female Persuasion,0,Meg Wolitzer,1
2090,36840397,A Place for Us,0,Fatima Farheen Mirza,0
2091,39072220,A Spark of Light,0,Jodi Picoult,1
2092,36203391,My Year of Rest and Relaxation,0,Ottessa Moshfegh,0
2093,34262106,Everything Here Is Beautiful,0,Mira T. Lee,0
2094,35187203,The Overstory,0,Richard Powers,1
2095,35952871,"You Think It, I'll Say It",0,Curtis Sittenfeld,1
2096,36249638,How to Walk Away,0,Katherine Center,1
2097,36723245,The Book of Essie,0,Meghan MacLean Weir,0
2098,36373648,The Mars Room,0,Rachel Kushner,0
2099,36124936,The Outsider,0,Stephen King,1
2100,34848682,The Woman in the Window,0,A.J. Finn,0
2101,40696964,Lethal White,0,Robert Galbraith,1
2102,34189556,The Wife Between Us,1,Greer Hendricks,1
2102,34189556,The Wife Between Us,1,Sarah Pekkanen,1
2103,35297426,Then She Was Gone,0,Lisa Jewell,1
2104,35085389,The President Is Missing,1,James Patterson,1
2104,35085389,The President Is Missing,1,Bill Clinton,0
2105,36373481,The Death of Mrs. Westaway,0,Ruth Ware,1
2106,39723581,The Witch Elm,0,Tana French,1
2107,34275222,Force of Nature,0,Jane Harper,1
2108,34275231,Sometimes I Lie,0,Alice Feeney,1
2109,36337550,The 7 1/2 Deaths of Evelyn Hardcastle,0,Stuart Turton,1
2110,36388243,Something in the Water,0,Catherine Steadman,1
2111,35356382,The Chalk Man,0,C.J. Tudor,0
2112,35133064,The Widows of Malabar Hill,0,Sujata Massey,0
2113,37638161,Leverage in Death,0,J.D. Robb,1
2114,36448554,Bring Me Back,0,B.A. Paris,1
2115,35305625,The Broken Girls,0,Simone St. James,1
2116,36750068,The Last Time I Lied,0,Riley Sager,1
2117,36604959,Jane Doe,0,Victoria Helen Stone,0
2118,38496758,Wrecked,0,Joe Ide,1
2119,34927828,The Great Alone,0,Kristin Hannah,1
2120,37486222,The Tattooist of Auschwitz,0,Heather Morris,1
2121,30288282,The Immortalists,0,Chloe Benjamin,0
2122,38530939,The Clockmaker's Daughter,0,Kate Morton,1
2123,37703550,Where the Crawdads Sing,0,Delia Owens,0
2124,34374628,Next Year in Havana,0,Chanel Cleeton,0
2125,36373417,The Map of Salt and Stars,0,Zeyn Joukhadar,0
2126,37946414,Transcription,0,Kate Atkinson,1
2127,36723246,Warlight,0,Michael Ondaatje,0
2128,36381085,The Summer Wives,0,Beatriz Williams,1
2129,35397026,My Dear Hamilton,1,Stephanie Dray,1
2129,35397026,My Dear Hamilton,1,Laura Kamoie,1
2130,38236861,Unsheltered,0,Barbara Kingsolver,1
2131,36097619,The Tuscan Child,0,Rhys Bowen,0
2132,36636727,Fruit of the Drunken Tree,0,Ingrid Rojas Contreras,1
2133,36614133,Love and Ruin,0,Paula McLain,1
2134,35889209,"White Rose, Black Forest",0,Eoin Dempsey,0
2135,37946116,War of the Wolf,0,Bernard Cornwell,1
2136,39828805,Bellewether,0,Susanna Kearsley,1
2137,35995489,The Extraordinary Life of Sam Hell,0,Robert Dugoni,0
2138,36739329,The Great Believers,0,Rebecca Makkai,1
2139,35959740,Circe,0,Madeline Miller,0
2140,36521316,The Shape of Water,1,Guillermo del Toro,1
2140,36521316,The Shape of Water,1,Daniel Kraus,0
2141,37168303,Spinning Silver,0,Naomi Novik,1
2142,34311452,Year One,0,Nora Roberts,1
2143,35126152,Iron and Magic,0,Ilona Andrews,1
2144,35887181,The Poppy War,0,R.F. Kuang,1
2145,27366528,Beneath the Sugar Sky,0,Seanan McGuire,1
2146,35457273,High Voltage,0,Karen Marie Moning,1
2147,35839437,Burn Bright,0,Patricia Briggs,1
2148,35710709,Grey Sister,0,Mark Lawrence,1
2149,36204070,The Book of M,0,Peng Shepherd,0
2150,34050917,The Girl in the Tower,0,Katherine Arden,1
2151,35342928,Age of War,0,Michael J. Sullivan,1
2152,40629159,The Land: Predators,0,Aleron Kong,1
2153,38395454,Time's Convert,0,Deborah Harkness,1
2154,17333180,Magic Triumphs,0,Ilona Andrews,1
2155,35271523,Senlin Ascends,0,Josiah Bancroft,0
2156,28811018,Wrath of Empire,0,Brian McClellan,1
2157,37007781,Foundryside,0,Robert Jackson Bennett,1
2158,35052265,Bloody Rose,0,Nicholas Eames,1
2162,4667024,The Help,0,Kathryn Stockett,0
2167,6148028,Catching Fire,0,Suzanne Collins,1
2179,36577586,The Kiss Quotient,0,Helen Hoang,1
2180,37588357,All Your Perfects,0,Colleen Hoover,1
2181,35259631,The Wedding Date,0,Jasmine Guillory,1
2182,35819729,The Thief,0,J.R. Ward,1
2183,32024902,Darker,0,E.L. James,1
2184,37769929,Pestilence,0,Laura Thalassa,1
2185,38503484,From Lukov with Love,0,Mariana Zapata,1
2186,34466910,Roomies,0,Christina Lauren,1
2187,36587905,The Hookup,0,Kristen Ashley,1
2188,35271196,Hello Stranger,0,Lisa Kleypas,1
2189,39862558,Birthday Girl,0,Penelope Douglas,1
2190,36593240,"Sex, Not Love",0,Vi Keeland,1
2191,35271238,A Princess in Theory,0,Alyssa Cole,1
2192,39086215,Robbie,0,Ella Frank,1
2193,36301036,Wicked and the Wallflower,0,Sarah MacLean,1
2194,40189670,Josh and Hazel's Guide to Not Dating,0,Christina Lauren,1
2195,36395874,Dr. Strange Beard,0,Penny Reid,1
2196,36373564,The Simple Wild,0,K.A. Tucker,1
2197,36395764,Marriage of Inconvenience,0,Penny Reid,1
2198,39655232,Alphas Like Us,1,Krista Ritchie,1
2198,39655232,Alphas Like Us,1,Becca Ritchie,0
2199,37534835,Vengeful,0,Victoria E. Schwab,1
2200,33257757,Iron Gold,0,Pierce Brown,1
2201,37796866,Vox,0,Christina Dalcher,0
2202,35820656,Only Human,0,Sylvain Neuvel,1
2203,35099035,Red Clocks,0,Leni Zumas,0
2204,34386617,The Night Masquerade,0,Nnedi Okorafor,1
2205,33357930,Persepolis Rising,0,James S.A. Corey,1
2206,36223860,Artificial Condition,0,Martha Wells,1
2207,35230913,The Oracle Year,0,Charles Soule,1
2208,35018901,Head On,0,John Scalzi,1
2209,36220698,Record of a Spaceborn Few,0,Becky Chambers,1
2210,36385830,Thrawn: Alliances,0,Timothy Zahn,1
2211,36348525,Severance,0,Ling Ma,0
2212,33080122,The Calculating Stars,0,Mary Robinette Kowal,1
2213,38362809,Rosewater,0,Tade Thompson,0
2214,32076670,Ball Lightning,1,Liu Cixin,1
2214,32076670,Ball Lightning,1,Joel Martinsen,1
2215,35297390,Space Opera,0,Catherynne M. Valente,1
2216,33413556,The Gone World,0,Tom Sweterlitsch,0
2217,36373688,Revenant Gun,0,Yoon Ha Lee,1
2218,37534901,The Consuming Fire,0,John Scalzi,1
2219,38355410,Elevation,0,Stephen King,1
2220,35410511,Baby Teeth,0,Zoje Stage,0
2221,38363799,Dracul,1,J.D. Barker,1
2221,38363799,Dracul,1,Dacre Stoker,0
2222,34449265,The Passion of Cleopatra,1,Anne Rice,1
2222,34449265,The Passion of Cleopatra,1,Christopher Rice,0
2223,36373398,The Woman in the Woods,0,John Connolly,1
2224,36381091,The Cabin at the End of the World,0,Paul Tremblay,1
2225,37824221,Craven Manor,0,Darcy Coates,1
2226,30285766,The Hunger,0,Alma Katsu,1
2227,39790706,We Sold Our Souls,0,Grady Hendrix,1
2228,39217966,Flight or Fright: 17 Turbulent Tales,1,Stephen King,1
2228,39217966,Flight or Fright: 17 Turbulent Tales,1,Bev Vincent,0
2228,39217966,Flight or Fright: 17 Turbulent Tales,1,E. Michael Lewis,0
2229,36342156,The Anomaly,0,Michael Rutger,0
2230,35035160,The Merry Spinster: Tales of Everyday Horror,0,Daniel M. Lavery,0
2231,37510662,Foe,0,Iain Reid,1
2232,39707880,The Carrow Haunt,0,Darcy Coates,1
2233,35655156,The Summer Children,0,Dot Hutchison,1
2234,38608066,The Siren and the Specter,0,Jonathan Janz,0
2235,38392331,Generation Z,0,Peter Meredith,0
2236,35297544,Zero Day,0,Ezekiel Boone,0
2237,36049101,The Devil and the Deep,1,Seanan McGuire,1
2237,36049101,The Devil and the Deep,1,Ellen Datlow,0
2237,36049101,The Devil and the Deep,1,Brian Hodge,0
2238,36694914,The Labyrinth Index,0,Charles Stross,1
2239,34974310,The Last Black Unicorn,0,Tiffany Haddish,0
2240,36341620,Calypso,0,David Sedaris,1
2241,38919266,The Greatest Love Story Ever Told,1,Nick Offerman,1
2241,38919266,The Greatest Love Story Ever Told,1,Megan Mullally,0
2242,40598936,This Will Only Hurt a Little,0,Busy Philipps,0
2243,36875820,Hope Never Dies,0,Andrew Shaffer,1
2244,36467874,"So Close to Being the Sh*t, Y’all Don’t Even Know",0,Retta,0
2245,38649805,"Everything's Trash, But It's Okay",1,Phoebe Robinson,1
2245,38649805,"Everything's Trash, But It's Okay",1,Ilana Glazer,0
2246,36261280,I See Life Through Rosé-Colored Glasses,1,Lisa Scottoline,1
2246,36261280,I See Life Through Rosé-Colored Glasses,1,Francesca Serritella,1
2247,35959613,How to American: An Immigrant's Guide to Disappointing Your Parents,0,Jimmy O. Yang,0
2248,40170039,How Not to Get Shot: And Other Advice From White People,1,D.L. Hughley,1
2248,40170039,How Not to Get Shot: And Other Advice From White People,1,Doug Moe,1
2249,38532145,My Squirrel Days,0,Ellie Kemper,0
2250,39022876,Always Look on the Bright Side of Life: A Sortabiography,0,Eric Idle,0
2251,36373406,My Life as a Goddess: A Memoir through (Un)Popular Culture,0,Guy Branum,0
2252,36220700,"Springfield Confidential: Jokes, Secrets, and Outright Lies from a Lifetime Writing for The Simpsons",1,Mike Reiss,0
2252,36220700,"Springfield Confidential: Jokes, Secrets, and Outright Lies from a Lifetime Writing for The Simpsons",1,Mathew Klickstein,0
2253,30531870,Just the Funny Parts: ... And a Few Hard Truths About Sneaking Into the Hollywood Boys' Club,1,Sheryl Sandberg,1
2253,30531870,Just the Funny Parts: ... And a Few Hard Truths About Sneaking Into the Hollywood Boys' Club,1,Nell Scovell,0
2254,36546633,Hits and Misses: Stories,0,Simon Rich,1
2255,35259574,Look Alive Out There,0,Sloane Crosley,1
2256,36742998,Your Dad Stole My Rake: And Other Family Dilemmas,0,Tom Papa,1
2257,37954228,Feminasty: The Complicated Woman's Guide to Surviving the Patriarchy Without Drinking Herself to Death,0,Erin Gibson,0
2258,36906099,Maeve in America: Essays by a Girl from Somewhere Else,0,Maeve Higgins,0
2259,35271190,I'll Be Gone in the Dark,1,Gillian Flynn,1
2259,35271190,I'll Be Gone in the Dark,1,Patton Oswalt,1
2259,35271190,I'll Be Gone in the Dark,1,Michelle McNamara,0
2260,35754629,"Girl, Wash Your Face: Stop Believing the Lies About Who You Are So You Can Become Who You Were Meant to Be",0,Rachel Hollis,1
2261,41012533,Fear: Trump in the White House,0,Bob Woodward,1
2262,40009804,"Whiskey in a Teacup: What Growing Up in the South Taught Me About Life, Love, and Baking Biscuits",0,Reese Witherspoon,0
2263,39507318,The Library Book,0,Susan Orlean,0
2264,38820046,21 Lessons for the 21st Century,0,Yuval Noah Harari,1
2265,36381052,Not That Bad: Dispatches from Rape Culture,0,Roxane Gay,1
2266,35099718,So You Want to Talk About Race,0,Ijeoma Oluo,1
2267,30257963,12 Rules for Life: An Antidote to Chaos,0,Jordan B. Peterson,0
2268,40933227,Factfulness: Ten Reasons We're Wrong About the World – and Why Things Are Better Than You Think,1,Hans Rosling,0
2268,40933227,Factfulness: Ten Reasons We're Wrong About the World – and Why Things Are Better Than You Think,1,Ola Rosling,0
2268,40933227,Factfulness: Ten Reasons We're Wrong About the World – and Why Things Are Better Than You Think,1,Anna Rosling Rönnlund,0
2269,37976541,Bad Blood: Secrets and Lies in a Silicon Valley Startup,0,John Carreyrou,0
2270,35820413,Fascism: A Warning,0,Madeleine K. Albright,1
2271,35181833,"All-American Murder: The Rise and Fall of Aaron Hernandez, the Superstar Whose Life Ended on Murderers' Row",1,James Patterson,1
2271,35181833,"All-American Murder: The Rise and Fall of Aaron Hernandez, the Superstar Whose Life Ended on Murderers' Row",1,Alex Abramovich,0
2271,35181833,"All-American Murder: The Rise and Fall of Aaron Hernandez, the Superstar Whose Life Ended on Murderers' Row",1,Mike Harvkey,0
2272,35696171,"Enlightenment Now: The Case for Reason, Science, Humanism, and Progress",0,Steven Pinker,1
2273,40121378,Atomic Habits: An Easy & Proven Way to Build Good Habits & Break Bad Ones,0,James Clear,0
2274,36222733,Russian Roulette: The Inside Story of Putin's War on America and the Election of Donald Trump,1,Michael Isikoff,0
2274,36222733,Russian Roulette: The Inside Story of Putin's War on America and the Election of Donald Trump,1,David Corn,0
2275,37486540,"Dopesick: Dealers, Doctors, and the Drug Company that Addicted America",0,Beth Macy,1
2276,35901186,The Feather Thief,0,Kirk Wallace Johnson,0
2277,36507099,Skin in the Game: Hidden Asymmetries in Daily Life,0,Nassim Nicholas Taleb,0
2278,36638638,The Path Between Us: An Enneagram Journey to Healthy Relationships,0,Suzanne Stabile,0
2279,35133922,Educated,0,Tara Westover,0
2280,38744839,Becoming,0,Michelle Obama,0
2281,38508771,In Pieces,0,Sally Field,0
2282,35582344,This Is Me: Loving the Person You Are Today,0,Chrissy Metz,0
2283,35718164,A River in Darkness: One Man's Escape from North Korea,1,Masaji Ishikawa,0
2283,35718164,A River in Darkness: One Man's Escape from North Korea,1,Risa Kobayashi,0
2283,35718164,A River in Darkness: One Man's Escape from North Korea,1,Martin Brown,0
2284,34964998,When They Call You a Terrorist: A Black Lives Matter Memoir,1,Patrisse Khan-Cullors,0
2284,34964998,When They Call You a Terrorist: A Black Lives Matter Memoir,1,Asha Bandele,0
2284,34964998,When They Call You a Terrorist: A Black Lives Matter Memoir,1,Angela Y. Davis,0
2285,35108805,"A Higher Loyalty: Truth, Lies, and Leadership",0,James B. Comey,0
2286,35137915,"I Am, I Am, I Am: Seventeen Brushes with Death",0,Maggie O'Farrell,1
2287,36086537,The Girl Who Smiled Beads: A Story of War and What Comes After,1,Clemantine Wamariya,0
2287,36086537,The Girl Who Smiled Beads: A Story of War and What Comes After,1,Elizabeth Weil,0
2288,35133923,Everything Happens for a Reason: And Other Lies I've Loved,0,Kate Bowler,0
2289,34964905,The Sun Does Shine: How I Found Life and Freedom on Death Row,1,Lara Love Hardin,1
2289,34964905,The Sun Does Shine: How I Found Life and Freedom on Death Row,1,Anthony Ray Hinton,0
2289,34964905,The Sun Does Shine: How I Found Life and Freedom on Death Row,1,Bryan Stevenson,0
2290,35840657,Heart Berries,0,Terese Marie Mailhot,0
2291,30297153,All You Can Ever Know,0,Nicole Chung,1
2292,35018200,Tell Me More: Stories About the 12 Hardest Things I'm Learning to Say,0,Kelly Corrigan,1
2293,39218044,Small Fry: A Memoir,0,Lisa Brennan-Jobs,0
2294,35068683,Brave,0,Rose McGowan,0
2295,35959678,And Now We Have Everything: On Motherhood Before I Was Ready,0,Meaghan O'Connell,0
2296,35340555,Room to Dream,1,David Lynch,0
2296,35340555,Room to Dream,1,Kristine McKenna,0
2297,36373407,Tragedy Plus Time: A Tragi-Comic Memoir,0,Adam Cayton-Holland,0
2298,29430746,Heavy,0,Kiese Laymon,0
2299,38656999,The Good Neighbor: The Life and Work of Fred Rogers,0,Maxwell King,0
2300,37534762,Robin,0,Dave Itzkoff,0
2301,35959199,Barracoon: The Story of the Last “Black Cargo”,1,Alice Walker,1
2301,35959199,Barracoon: The Story of the Last “Black Cargo”,1,Zora Neale Hurston,0
2301,35959199,Barracoon: The Story of the Last “Black Cargo”,1,Deborah G. Plant,0
2302,36369872,House of Dreams: The Life of L. M. Montgomery,1,Julie Morstad,1
2302,36369872,House of Dreams: The Life of L. M. Montgomery,1,Liz Rosenberg,0
2303,35743037,The Woman's Hour: The Great Fight to Win the Vote,0,Elaine F. Weiss,0
2304,34859714,"Jefferson's Daughters: Three Sisters, White and Black, in a Young America",0,Catherine Kerrison,0
2305,37488430,Fly Girls: How Five Daring Women Defied All Odds and Made Aviation History,0,Keith O'Brien,0
2306,35414997,Rocket Men: The Daring Odyssey of Apollo 8 and the Astronauts Who Made Man's First Journey to the Moon,0,Robert Kurson,1
2307,38363272,In the Hurricane's Eye: The Genius of George Washington and the Victory at Yorktown,0,Nathaniel Philbrick,1
2308,35342927,The Monk of Mokha,0,Dave Eggers,0
2309,38657386,Leadership: In Turbulent Times,0,Doris Kearns Goodwin,1
2310,36743867,Lincoln's Last Trial: The Murder Case That Propelled Him to the Presidency,1,David Fisher,1
2310,36743867,Lincoln's Last Trial: The Murder Case That Propelled Him to the Presidency,1,Dan Abrams,0
2311,36204285,Origin Story: A Big History of Everything,0,David Christian,0
2312,38212158,These Truths: A History of the United States,0,Jill Lepore,0
2313,33598223,Rise and Kill First: The Secret History of Israel's Targeted Assassinations,0,Ronen Bergman,0
2314,22318476,"Boom Town: The Fantastical Saga of Oklahoma City, Its Chaotic Founding, Its Apocalyptic Weather, Its Purloined Basketball Team, and the Dream of Becoming a World-class Metropolis",0,Sam Anderson,0
2315,35457359,God Save Texas: A Journey into the Soul of the Lone Star State,0,Lawrence Wright,1
2316,38714362,Killing the SS: The Hunt for the Worst War Criminals in History,1,Bill O'Reilly,1
2316,38714362,Killing the SS: The Hunt for the Worst War Criminals in History,1,Martin Dugard,1
2317,36373560,Indianapolis: The True Story of the Worst Sea Disaster in U.S. Naval History and the Fifty-Year Fight to Exonerate an Innocent Man,1,Lynn Vincent,0
2317,36373560,Indianapolis: The True Story of the Worst Sea Disaster in U.S. Naval History and the Fifty-Year Fight to Exonerate an Innocent Man,1,Sara Vladic,0
2318,38525349,The Soul of America: The Battle for Our Better Angels,0,Jon Meacham,1
2319,35820369,The Rise and Fall of the Dinosaurs: A New History of a Lost World,0,Steve Brusatte,0
2320,40277241,Brief Answers to the Big Questions,0,Stephen Hawking,0
2321,36391536,"She Has Her Mother's Laugh: The Powers, Perversions, and Potential of Heredity",0,Carl Zimmer,0
2322,35953464,Broad Band: The Untold Story of the Women Who Made the Internet,0,Claire L. Evans,0
2323,36710811,"How to Change Your Mind: What the New Science of Psychedelics Teaches Us About Consciousness, Dying, Addiction, Depression, and Transcendence",0,Michael Pollan,1
2324,36739330,"Spying on Whales: The Past, Present, and Future of Earth's Most Awesome Creatures",0,Nick Pyenson,0
2325,36407347,"The Future of Humanity: Terraforming Mars, Interstellar Travel, Immortality and Our Destiny Beyond Earth",0,Michio Kaku,1
2326,35412097,When: The Scientific Secrets of Perfect Timing,0,Daniel H. Pink,1
2327,36442813,The Order of Time,0,Carlo Rovelli,0
2328,38589832,Accessory to War: The Unspoken Alliance Between Astrophysics and the Military,1,Neil deGrasse Tyson,1
2328,38589832,Accessory to War: The Unspoken Alliance Between Astrophysics and the Military,1,Avis Lang,0
2329,35604796,What Is Real?: The Unfinished Quest for the Meaning of Quantum Physics,0,Adam Becker,0
2330,36205015,"The Space Barons: Elon Musk, Jeff Bezos, and the Quest to Colonize the Cosmos",0,Christian Davenport,0
2331,38749668,"The Sawbones Book: The Hilarious, Horrifying Road to Modern Medicine",1,Justin McElroy,1
2331,38749668,"The Sawbones Book: The Hilarious, Horrifying Road to Modern Medicine",1,Sydnee McElroy,0
2331,38749668,"The Sawbones Book: The Hilarious, Horrifying Road to Modern Medicine",1,Teylor Smirl,0
2332,36341728,Lost in Math: How Beauty Leads Physics Astray,0,Sabine Hossenfelder,0
2333,35876360,The Big Ones: How Natural Disasters Have Shaped Us and What We Can Do about Them,0,Lucy Jones,0
2334,39026990,How to Invent Everything: A Survival Guide for the Stranded Time Traveler,0,Ryan North,1
2335,36722606,Taming the Sun: Innovations to Harness Solar Energy and Power the Planet,0,Varun Sivaram,0
2336,35749414,Who We Are and How We Got Here: Ancient DNA and the New Science of the Human Past,0,David Reich,0
2337,34762552,Algorithms of Oppression: How Search Engines Reinforce Racism,0,Safiya Umoja Noble,0
2338,36373639,The Tangled Tree: A Radical New History of Life,0,David Quammen,0
2339,40004097,Cravings: Hungry for More,1,Chrissy Teigen,1
2339,40004097,Cravings: Hungry for More,1,Adeena Sussman,1
2340,36381100,Magnolia Table: A Collection of Recipes for Gathering,1,Joanna Gaines,1
2340,36381100,Magnolia Table: A Collection of Recipes for Gathering,1,Marah Stets,0
2341,36627287,Tasty Latest and Greatest: Everything You Want to Cook Right Now,0,Tasty,0
2342,35804613,"A Literary Tea Party: Blends and Treats for Alice, Bilbo, Dorothy, Jo, and Book Lovers Everywhere",1,Alison Walsh,0
2342,35804613,"A Literary Tea Party: Blends and Treats for Alice, Bilbo, Dorothy, Jo, and Book Lovers Everywhere",1,Sara Letourneau,0
2343,40006421,Cook Like a Pro: Recipes and Tips for Home Cooks: A Barefoot Contessa Cookbook,0,Ina Garten,1
2344,38502290,"Are You There God? It's Me, Margarita: More Cocktails with a Literary Twist",1,Tim Federle,1
2344,38502290,"Are You There God? It's Me, Margarita: More Cocktails with a Literary Twist",1,Lauren Mortimer,1
2345,35306053,Hot for Food Vegan Comfort Classics: 101 Recipes to Feed Your Face,0,Lauren Toyota,0
2346,36001408,Sweet Revenge: Passive-Aggressive Desserts for Your Exes & Enemies,0,Heather Kim,0
2347,35741051,Giada's Italy: My Recipes for La Dolce Vita: A Cookbook,0,Giada De Laurentiis,0
2348,35398011,Vegan 100: Over 100 Incredible Recipes from Avant-Garde Vegan,1,Gaz Oakley,0
2348,35398011,Vegan 100: Over 100 Incredible Recipes from Avant-Garde Vegan,1,Simon Smith,0
2348,35398011,Vegan 100: Over 100 Incredible Recipes from Avant-Garde Vegan,1,Adam Laycock,0
2349,33656178,Bobby Flay Fit: 200 Recipes for a Healthy Lifestyle: A Cookbook,1,Bobby Flay,0
2349,33656178,Bobby Flay Fit: 200 Recipes for a Healthy Lifestyle: A Cookbook,1,Stephanie Banyas,0
2349,33656178,Bobby Flay Fit: 200 Recipes for a Healthy Lifestyle: A Cookbook,1,Sally Jackson,0
2350,38532190,Baking All Year Round: Holidays & Special Occasions,0,Rosanna Pansino,1
2351,35342935,The Food Explorer: The True Adventures of the Globe-Trotting Botanist Who Transformed What America Eats,0,Daniel Stone,0
2352,35592077,Buttermilk Graffiti: A Chef’s Journey to Discover America’s New Melting-Pot Cuisine,0,Edward Lee,0
2353,38121211,"Skinnytaste One and Done: 140 No-Fuss Dinners for Your Instant Pot®, Slow Cooker, Air Fryer, Sheet Pan, Skillet, Dutch Oven, and More",0,Gina Homolka,1
2354,39797678,Ottolenghi Simple,0,Yotam Ottolenghi,1
2355,36711236,"Milk! A 10,000-Year Food Fracas",0,Mark Kurlansky,0
2356,36856216,Killing It: An Education,0,Camas Davis,0
2357,34017050,"Hippie Food: How Back-to-the-Landers, Longhairs, and Revolutionaries Changed the Way We Eat",0,Jonathan Kauffman,0
2358,37826508,"Now & Again: Go-To Recipes, Inspired Menus  + Endless Ideas for Reinventing Leftovers",1,Julia Turshen,1
2358,37826508,"Now & Again: Go-To Recipes, Inspired Menus  + Endless Ideas for Reinventing Leftovers",1,David Loftus,0
2359,35924705,Herding Cats,0,Sarah Andersen,1
2360,36374390,Little Moments of Love,0,Catana Chetwynd,1
2361,43307890,"Saga, Volume 8",1,Brian K. Vaughan,1
2361,43307890,"Saga, Volume 8",1,Fiona Staples,1
2362,34849019,"Ms. Marvel, Vol. 8: Mecca",1,G. Willow Wilson,1
2362,34849019,"Ms. Marvel, Vol. 8: Mecca",1,Adrian Alphona,1
2362,34849019,"Ms. Marvel, Vol. 8: Mecca",1,Takeshi Miyazawa,1
2363,34506912,The Prince and the Dressmaker,0,Jen Wang,1
2364,35989512,"Paper Girls, Volume 4",1,Brian K. Vaughan,1
2364,35989512,"Paper Girls, Volume 4",1,Cliff Chiang,1
2364,35989512,"Paper Girls, Volume 4",1,Matt Wilson,1
2365,35684941,The Adventure Zone Vol.1: Here There Be Gerblins,1,Clint McElroy,1
2365,35684941,The Adventure Zone Vol.1: Here There Be Gerblins,1,Griffin McElroy,1
2365,35684941,The Adventure Zone Vol.1: Here There Be Gerblins,1,Justin McElroy,1
2366,34506937,Brazen: Rebel Ladies Who Rocked the World,0,Pénélope Bagieu,0
2367,36373825,"Fence, Vol. 1",1,C.S. Pacat,1
2367,36373825,"Fence, Vol. 1",1,Johanna the Mad,1
2367,36373825,"Fence, Vol. 1",1,Rebecca Nalty,0
2368,35758072,"Am I There Yet? The Loop-de-Loop, Zigzagging Journey to Adulthood",0,Mari Andrew,0
2369,30623067,Be Prepared,0,Vera Brosgol,1
2370,36963204,Bingo Love,1,Tee Franklin,0
2370,36963204,Bingo Love,1,Jenn St-Onge,0
2370,36963204,Bingo Love,1,Joy San,0
2371,34930815,Gone Rogue,1,Marissa Meyer,1
2371,34930815,Gone Rogue,1,Stephen Gilpin,1
2371,34930815,Gone Rogue,1,Douglas Holgate,1
2372,37534577,"Check, Please! Book 1: #Hockey",0,Ngozi Ukazu,1
2373,37533587,Sabrina,0,Nick Drnaso,0
2374,35651693,"The Wicked + The Divine, Vol. 6: Imperial Phase, Part II",1,Kieron Gillen,1
2374,35651693,"The Wicked + The Divine, Vol. 6: Imperial Phase, Part II",1,Jamie McKelvie,1
2374,35651693,"The Wicked + The Divine, Vol. 6: Imperial Phase, Part II",1,Matt Wilson,1
2375,37491890,"Monstress, Volume 3: Haven",1,Marjorie M. Liu,1
2375,37491890,"Monstress, Volume 3: Haven",1,Sana Takeda,1
2376,37822649,"Hey, Kiddo",0,Jarrett J. Krosoczka,0
2377,34954925,"Black Hammer, Vol. 2: The Event",1,Jeff Lemire,1
2377,34954925,"Black Hammer, Vol. 2: The Event",1,Dean Ormston,1
2377,34954925,"Black Hammer, Vol. 2: The Event",1,Dave Stewart,1
2378,34849021,"Black Bolt, Vol. 1: Hard Time",1,Saladin Ahmed,1
2378,34849021,"Black Bolt, Vol. 1: Hard Time",1,Christian Ward,0
2379,35924698,The Witch Doesn't Burn in This One,0,Amanda Lovelace,1
2380,35396841,The Poet X,0,Elizabeth Acevedo,1
2381,38255339,Useless Magic: Lyrics and Poetry,0,Florence Welch,0
2382,38926449,The Dark Between Stars,0,Atticus Poetry,1
2383,38532187,Taking the Arrow Out of the Heart,1,Alice Walker,1
2383,38532187,Taking the Arrow Out of the Heart,1,Manuel Garcia Verdecia,0
2384,35999004,Rebound,0,Kwame Alexander,1
2385,36477795,If They Come for Us,0,Fatimah Asghar,0
2386,35260128,Take Me With You,0,Andrea Gibson,1
2387,36100966,Sea of Strangers,0,Lang Leav,1
2388,36456129,She Felt Like Feeling Nothing (Volume 1),0,R.H. Sin,1
2389,34594981,Helium,0,Rudy Francisco,1
2390,35297455,For Every One,0,Jason Reynolds,1
2391,35782247,Wade in the Water: Poems,0,Tracy K. Smith,0
2392,36479694,The Future,0,Neil Hilborn,0
2393,41241311,A Love Letter from the Girls Who Feel Everything,1,Brittainy C. Cherry,1
2393,41241311,A Love Letter from the Girls Who Feel Everything,1,Kandi Steiner,0
2394,36036176,Heart Talk: Poetic Wisdom for a Better Life,0,Cleo Wade,0
2395,36479356,American Sonnets for My Past and Future Assassin,0,Terrance Hayes,1
2396,35540804,Blood Water Paint,0,Joy McCullough,0
2397,37941942,The Flame,0,Leonard Cohen,0
2398,35356376,Brown: Poems,0,Kevin Young,0
2403,34499221,To Kill a Kingdom,0,Alexandra Christo,0
2417,36187116,Witchmark,0,C.L. Polk,0
2418,35297106,The Terminal List,0,Jack Carr,0
2419,31180248,Leah on the Offbeat,0,Becky Albertalli,1
2420,34810320,Sadie,0,Courtney Summers,1
2421,36341204,What If It's Us,1,Becky Albertalli,1
2421,36341204,What If It's Us,1,Adam Silvera,1
2422,36987719,All the Little Lights,0,Jamie McGuire,1
2423,37880094,The Lady's Guide to Petticoats and Piracy,0,Mackenzi Lee,1
2424,35604686,The Astonishing Color of After,0,Emily X.R. Pan,0
2425,32333338,Save the Date,0,Morgan Matson,1
2426,29589074,"Truly, Devious",0,Maureen Johnson,1
2427,35887533,Puddin',0,Julie Murphy,1
2428,35297272,Emergency Contact,0,Mary H.K. Choi,1
2429,35520012,"Love, Life, and the List",0,Kasie West,1
2430,31625048,Let's Talk About Love,0,Claire Kann,0
2431,35297469,Starry Eyes,0,Jenn Bennett,1
2432,30969755,The Cheerleaders,0,Kara Thomas,0
2433,33810737,The Case for Jamie,0,Brittany Cavallaro,1
2434,31207017,"Love, Hate & Other Filters",0,Samira Ahmed,1
2435,38720939,A Very Large Expanse of Sea,0,Tahereh Mafi,1
2436,35604682,Tyler Johnson Was Here,0,Jay Coles,0
2437,34325090,I Was Born for This,0,Alice Oseman,1
2438,40239755,The Accidentals,0,Sarina Bowen,1
2439,33590260,Kingdom of Ash,0,Sarah J. Maas,1
2440,34728667,Children of Blood and Bone,0,Tomi Adeyemi,1
2441,26032825,The Cruel Prince,0,Holly Black,1
2442,27188596,War Storm,0,Victoria Aveyard,1
2443,31076583,A Court of Frost and Starlight,0,Sarah J. Maas,1
2444,24909347,Obsidio,1,Amie Kaufman,1
2444,24909347,Obsidio,1,Jay Kristoff,1
2445,33555224,Thunderhead,0,Neal Shusterman,1
2446,34992929,Restore Me,0,Tahereh Mafi,1
2447,30809786,A Reaper at the Gates,0,Sabaa Tahir,1
2448,29386918,Wildcard,0,Marie Lu,1
2449,23197837,The Belles,0,Dhonielle Clayton,1
2450,30223025,Dread Nation,0,Justina Ireland,1
2451,35820633,The Fates Divide,0,Veronica Roth,1
2452,34726469,Sky in the Deep,0,Adrienne Young,1
2453,25446343,Muse of Nightmares,0,Laini Taylor,1
2454,39348113,Skyward,0,Brandon Sanderson,1
2455,34275232,The Hazel Wood,0,Melissa Albert,0
2456,36329818,Legendary,0,Stephanie Garber,1
2457,29456569,LIFEL1K3,0,Jay Kristoff,1
2458,35495083,Sightwitch,1,Susan Dennard,1
2458,35495083,Sightwitch,1,Rhys Davies,0
2459,28006096,The Burning Maze,0,Rick Riordan,1
2460,35403058,City of Ghosts,0,Victoria E. Schwab,1
2461,33784323,The Magic Misfits,1,Neil Patrick Harris,1
2461,33784323,The Magic Misfits,1,Lissy Marlin,0
2461,33784323,The Magic Misfits,1,Kyle Hilton,0
2462,36222611,Aru Shah and the End of Time,0,Roshani Chokshi,1
2463,36086513,Amal Unbound,0,Aisha Saeed,1
2464,35959634,Ghost Boys,0,Jewell Parker Rhodes,0
2465,36644148,The Penderwicks at Last,0,Jeanne Birdsall,1
2466,36546966,Willa of the Wood,0,Robert Beatty,1
2467,33004208,The Miscalculations of Lightning Girl,0,Stacy McAnulty,0
2468,36443315,Bob,1,Rebecca Stead,1
2468,36443315,Bob,1,Wendy Mass,0
2468,36443315,Bob,1,Nicholas Gannon,0
2469,36127488,Front Desk,0,Kelly Yang,1
2470,35297562,Sunny,0,Jason Reynolds,1
2471,35068526,You Go First,0,Erin Entrada Kelly,1
2472,35464020,The Night Diary,0,Veera Hiranandani,0
2473,32618983,The Serpent's Secret,0,Sayantani DasGupta,0
2474,39217633,Louisiana's Way Home,0,Kate DiCamillo,1
2475,37822631,The Golden Tower,1,Holly Black,1
2475,37822631,The Golden Tower,1,Cassandra Clare,1
2476,38903002,Wrath of the Dragon King,0,Brandon Mull,1
2477,36959639,Small Spaces,0,Katherine Arden,1
2478,36373280,The Unforgettable Guinevere St. Clair,0,Amy Makechnie,0
2479,35396839,I Am Enough,1,Grace Byers,0
2479,35396839,I Am Enough,1,Keturah A. Bobo,0
2480,39319247,A Day in the Life of Marlon Bundo,1,Jill Twiss,0
2480,39319247,A Day in the Life of Marlon Bundo,1,E.G. Keller,0
2481,35488059,Little Leaders: Bold Women in Black History,0,Vashti Harrison,1
2482,36341954,We Don't Eat Our Classmates,0,Ryan T. Higgins,1
2483,35138182,Petra,0,Marianna Coppo,0
2484,35248504,The Rabbit Listened,0,Cori Doerrfeld,0
2485,35580105,Hello Lighthouse,0,Sophie Blackall,1
2486,36373562,Ocean Meets Sky,1,Terry Fan,0
2486,36373562,Ocean Meets Sky,1,Eric Fan,0
2487,35356379,Love,1,Matt de la Peña,1
2487,35356379,Love,1,Loren Long,1
2488,26532714,Julián Is a Mermaid,0,Jessica Love,1
2489,35566693,The Word Collector,0,Peter H. Reynolds,0
2490,35182933,"Baby Monkey, Private Eye",1,Brian Selznick,1
2490,35182933,"Baby Monkey, Private Eye",1,David Serlin,0
2491,34791219,Drawn Together,1,Dan Santat,1
2491,34791219,Drawn Together,1,Minh Lê,0
2492,35631757,Islandborn,1,Junot Díaz,1
2492,35631757,Islandborn,1,Leo Espinosa,0
2493,40524608,Lulu is a Rhinoceros,1,Jason Flom,0
2493,40524608,Lulu is a Rhinoceros,1,Allison Flom,0
2493,40524608,Lulu is a Rhinoceros,1,Sophie Corrigan,0
2494,37506301,The Day You Begin,1,Jacqueline Woodson,1
2494,37506301,The Day You Begin,1,Rafael López,1
2495,34204247,Prince & Knight,1,Daniel Haack,0
2495,34204247,Prince & Knight,1,Stevie Lewis,0
2496,35833840,They Say Blue,0,Jillian Tamaki,1
2497,41443051,The Truth Pixie,1,Matt Haig,1
2497,41443051,The Truth Pixie,1,Chris Mould,0
2498,38495981,Franklin and Luna Go to the Moon,1,Jen Campbell,1
2498,38495981,Franklin and Luna Go to the Moon,1,Katie Harnett,1
2499,34273236,Little Fires Everywhere,0,Celeste Ng,1
2500,31443394,Beartown,1,Fredrik Backman,1
2500,31443394,Beartown,1,Neil Smith,1
2501,31434883,Eleanor Oliphant Is Completely Fine,0,Gail Honeyman,0
2502,30688763,My Not So Perfect Life,0,Sophie Kinsella,1
2503,33828743,The Keeper of Lost Things,0,Ruth Hogan,0
2504,30688435,Exit West,0,Mohsin Hamid,0
2505,32920226,"Sing, Unburied, Sing",0,Jesmyn Ward,1
2506,29864343,Rich People Problems,0,Kevin Kwan,1
2507,32498122,The Identicals,0,Elin Hilderbrand,1
2508,32080126,Anything Is Possible,0,Elizabeth Strout,1
2509,30358505,The Refugees,0,Viet Thanh Nguyen,1
2510,28820997,This Is How It Always Is,0,Laurie Frankel,1
2511,30753987,The Leavers,0,Lisa Ko,0
2512,31522415,What It Means When a Man Falls from the Sky,0,Lesley Nneka Arimah,0
2513,34139539,The Ministry of Utmost Happiness,0,Arundhati Roy,0
2514,33621427,Home Fire,0,Kamila Shamsie,0
2515,32600726,The Almost Sisters,0,Joshilyn Jackson,1
2516,33916024,Sourdough,0,Robin Sloan,1
2517,33572350,My Absolute Darling,0,Gabriel Tallent,0
2518,33590214,Young Jane Young,0,Gabrielle Zevin,1
2519,33151805,Into the Water,0,Paula Hawkins,1
2520,32283133,Origin,0,Dan Brown,1
2521,33602101,Glass Houses,0,Louise Penny,1
2522,33199875,The Good Daughter,0,Karin Slaughter,1
2523,28220971,The Dry,0,Jane Harper,1
2524,32835140,Secrets in Death,0,J.D. Robb,1
2525,28016509,The Girl Before,0,J.P. Delaney,0
2526,33398243,Stillhouse Lake,0,Rachel Caine,0
2527,30653828,Mississippi Blood,0,Greg Iles,1
2528,31450633,The Breakdown,0,B.A. Paris,1
2529,29939148,Never Let You Go,0,Chevy Stevens,1
2530,34061743,Silent Child,0,Sarah A. Denzil,0
2531,31379212,Golden Prey,0,John Sandford,1
2532,29095401,The Marriage Lie,0,Kimberly Belle,0
2533,30962267,The Ghostwriter,0,A.R. Torre,1
2534,28965131,Behind Her Eyes,0,Sarah Pinborough,0
2535,31184479,The Night Bird,0,Brian Freeman,0
2536,34219801,Righteous,0,Joe Ide,1
2537,34685945,Last Breath,0,Robert Bryndza,1
2538,31125554,The Fourth Monkey,0,J.D. Barker,1
2539,32148570,Before We Were Yours,0,Lisa Wingate,1
2540,29906980,Lincoln in the Bardo,0,George Saunders,1
2541,33571713,A Column of Fire,0,Ken Follett,1
2542,32051912,The Alice Network,0,Kate Quinn,1
2543,32487617,Beneath a Scarlet Sky,0,Mark T. Sullivan,0
2544,32620332,The Seven Husbands of Evelyn Hugo,0,Taylor Jenkins Reid,1
2545,30753646,The Tea Girl of Hummingbird Lane,0,Lisa See,1
2546,29983711,Pachinko,0,Min Jin Lee,0
2547,26795307,Moonglow,0,Michael Chabon,1
2548,29904278,From Sand and Ash,0,Amy Harmon,1
2549,33368917,The Last Tudor,0,Philippa Gregory,1
2550,34467031,Manhattan Beach,0,Jennifer Egan,0
2551,32336154,The Stars are Fire,0,Anita Shreve,0
2552,33253215,The Heart's Invisible Furies,0,John Boyne,0
2553,30256224,A Piece of the World,0,Christina Baker Kline,1
2554,30653967,The Women in the Castle,0,Jessica Shattuck,0
2555,30267929,We Were the Lucky Ones,0,Georgia Hunter,0
2556,30971664,Salt Houses,0,Hala Alyan,0
2557,33572784,Love and Other Consolation Prizes,0,Jamie Ford,1
2558,31752152,Lilli de Jong,0,Janet Benton,0
2559,29363501,Fantastic Beasts and Where to Find Them: The Original Screenplay,0,J.K. Rowling,1
2560,30809689,Norse Mythology,0,Neil Gaiman,1
2561,29939230,A Conjuring of Light,0,Victoria E. Schwab,1
2562,25489134,The Bear and the Nightingale,0,Katherine Arden,1
2563,34002132,Oathbringer,0,Brandon Sanderson,1
2564,33541526,One Fell Sweep,0,Ilona Andrews,1
2565,23401438,Feversong,0,Karen Marie Moning,1
2566,30688013,Assassin's Fate,0,Robin Hobb,1
2567,31817749,The Stone Sky,0,N.K. Jemisin,1
2568,26542535,The Fate of the Tearling,0,Erika Johansen,1
2569,22062213,Etched in Bone,0,Anne Bishop,1
2570,25895524,Red Sister,0,Mark Lawrence,1
2571,24154742,Eleventh Grave in Moonlight,0,Darynda Jones,1
2572,30687916,Silence Fallen,0,Patricia Briggs,1
2573,30841984,Kings of the Wyld,0,Nicholas Eames,1
2574,31159601,The Witchwood Crown,0,Tad Williams,0
2575,28811016,Sins of Empire,0,Brian McClellan,1
2576,34040263,The Land: Raiders,0,Aleron Kong,1
2577,32337902,Age of Swords,1,Michael J. Sullivan,1
2577,32337902,Age of Swords,1,Marc Simonetti,0
2578,31522139,City of Miracles,0,Robert Jackson Bennett,1
2579,34684620,Without Merit,0,Colleen Hoover,1
2580,31415529,Come Sundown,0,Nora Roberts,1
2581,30166573,Devil in Spring,0,Lisa Kleypas,1
2582,22303684,White Hot,0,Ilona Andrews,1
2583,29496208,Blood Vow,0,J.R. Ward,1
2584,33597147,Wait For It,0,Mariana Zapata,1
2585,32848471,Egomaniac,0,Vi Keeland,1
2586,34913174,The Gravity of Us,0,Brittainy C. Cherry,1
2587,31324863,Royally Matched,0,Emma Chase,1
2588,32573185,Silver Silence,0,Nalini Singh,1
2589,33785828,Vicious,0,L.J. Shen,1
2590,35173603,Tease,0,Ella Frank,1
2591,32145091,Dirty Filthy Rich Men,0,Laurelin Paige,0
2592,35920112,Beard in Mind,0,Penny Reid,1
2593,34757023,Dating-ish,0,Penny Reid,1
2594,30166695,Breathless,0,Beverly Jenkins,0
2595,29095429,Forged in Desire,0,Brenda Jackson,0
2596,33296129,The Duchess Deal,0,Tessa Dare,1
2597,36263943,Damaged Like Us,0,Krista Ritchie,1
2598,34950852,Drive,0,Kate Stewart,0
2599,34928122,Artemis,0,Andy Weir,1
2600,30134847,Waking Gods,0,Sylvain Neuvel,1
2601,31140332,Thrawn,0,Timothy Zahn,1
2602,32283423,American War,0,Omar El Akkad,0
2603,30038988,Home,0,Nnedi Okorafor,1
2604,31451186,Borne,0,Jeff VanderMeer,1
2605,25877663,Babylon’s Ashes,0,James S.A. Corey,1
2606,30153293,All Our Wrong Todays,0,Elan Mastai,0
2607,29939160,The Collapsing Empire,0,John Scalzi,1
2608,31213373,And the Rest Is History,0,Jodi Taylor,1
2609,34878094,For We Are Many,0,Dennis E. Taylor,0
2610,33387769,All Systems Red,0,Martha Wells,1
2611,34219845,Provenance,0,Ann Leckie,1
2612,32075825,The Rise and Fall of D.O.D.O.,1,Neal Stephenson,1
2612,32075825,The Rise and Fall of D.O.D.O.,1,Nicole Galland,0
2613,32927239,Raven Stratagem,0,Yoon Ha Lee,1
2614,28962996,Six Wakes,0,Mur Lafferty,1
2615,31340859,Fields of Fire,0,Marko Kloos,1
2616,32922275,The Stars Are Legion,0,Kameron Hurley,1
2617,32446949,The Punch Escrow,0,Tal M. Klein,0
2618,28220647,Seven Surrenders,0,Ada Palmer,1
2619,34466922,Sleeping Beauties,1,Stephen King,1
2619,34466922,Sleeping Beauties,1,Owen King,0
2620,32796253,Final Girls,0,Riley Sager,1
2621,23267873,Prince Lestat and the Realms of Atlantis,0,Anne Rice,1
2622,32905343,Meddling Kids,0,Edgar Cantero,0
2623,31554413,The Boy on the Bridge,0,M.R. Carey,1
2624,32828538,Lost Boy: The True Story of Captain Hook,0,Christina Henry,1
2625,32336166,Full Wolf Moon,0,Lincoln Child,0
2626,31147267,The Changeling,0,Victor LaValle,1
2627,32604351,The Roses of May,0,Dot Hutchison,1
2628,31396389,A Game of Ghosts,0,John Connolly,1
2629,29326301,The Awakening,0,Amanda Stevens,1
2630,31183180,Dusk or Dark or Dawn or Day,0,Seanan McGuire,1
2631,33574090,What the Hell Did I Just Read,1,David Wong,1
2631,33574090,What the Hell Did I Just Read,1,Jason Pargin,1
2632,30780283,White Tears,0,Hari Kunzru,0
2633,34066621,Strange Weather: Four Short Novels,0,Joe Hill,1
2634,31450774,The Delirium Brief,0,Charles Stross,1
2635,32051902,The Kill Society,0,Richard Kadrey,1
2636,31574739,The Grip of It,0,Jac Jemc,0
2637,30221892,A God in the Shed,0,J.-F. Dubeau,0
2638,32920015,Bone White,0,Ronald Malfi,1
2639,30253864,"Talking as Fast as I Can: From Gilmore Girls to Gilmore Girls, and Everything in Between",0,Lauren Graham,1
2640,33347428,I Can't Make This Up: Life Lessons,1,Kevin Hart,0
2640,33347428,I Can't Make This Up: Life Lessons,1,Neil Strauss,0
2641,34130008,Unqualified,1,Anna Faris,0
2641,34130008,Unqualified,1,Chris Pratt,0
2642,33381433,We Are Never Meeting in Real Life.,0,Samantha Irby,1
2643,30971731,This Is Just My Face: Try Not to Stare,0,Gabourey Sidibe,0
2644,29214727,"The Daily Show: An Oral History as Told by Jon Stewart, the Correspondents, Staff and Guests",1,Chris Smith,0
2644,29214727,"The Daily Show: An Oral History as Told by Jon Stewart, the Correspondents, Staff and Guests",1,Jon Stewart,0
2645,32498038,Theft by Finding: Diaries 1977-2002,0,David Sedaris,1
2646,24612045,"Believe Me: A Memoir of Love, Death, and Jazz Chickens",0,Eddie Izzard,0
2647,30658435,One Day We'll All Be Dead and None of This Will Matter,0,Scaachi Koul,0
2648,32337904,"The Awkward Thoughts of W. Kamau Bell: Tales of a 6' 4"", African American, Heterosexual, Cisgender, Left-Leaning, Asthmatic, Black and Proud Blerd, Mama's Boy, Dad, and Stand-Up Comedian",0,W. Kamau Bell,0
2649,31934379,Al Franken: Giant of the Senate,0,Al Franken,0
2650,34427199,I'm Fine...And Other Lies,0,Whitney Cummings,0
2651,34947549,"Rhett & Link's Book of Mythicality: A Field Guide to Curiosity, Creativity, and Tomfoolery",1,Rhett McLaughlin,1
2651,34947549,"Rhett & Link's Book of Mythicality: A Field Guide to Curiosity, Creativity, and Tomfoolery",1,Link Neal,1
2652,30653928,Revolution for Dummies: Laughing Through the Arab Spring,0,Bassem Youssef,0
2653,34347433,Vacationland: True Stories from Painful Beaches,0,John Hodgman,1
2654,34853119,Stephen Colbert's Midnight Confessions,1,Stephen Colbert,1
2654,34853119,Stephen Colbert's Midnight Confessions,1,The Staff of the Late Show,0
2654,34853119,Stephen Colbert's Midnight Confessions,1,Sean Kelly,0
2655,31450739,I Need a Lifeguard Everywhere But the Pool,1,Lisa Scottoline,1
2655,31450739,I Need a Lifeguard Everywhere But the Pool,1,Francesca Serritella,1
2656,31707101,This Is Really Happening,0,Erin Chack,0
2657,34466893,Everything Is Awful: And Other Observations,0,Matt Bellassai,0
2658,33898867,Waiting for the Punch: Words to Live by from the WTF Podcast,1,Marc Maron,0
2658,33898867,Waiting for the Punch: Words to Live by from the WTF Podcast,1,John Oliver,0
2659,31202835,How to Be a Bawse: A Guide to Conquering Life,0,Lilly Singh,0
2660,33585392,"Dear Ijeawele, or A Feminist Manifesto in Fifteen Suggestions",0,Chimamanda Ngozi Adichie,1
2661,30689330,The Stranger in the Woods: The Extraordinary Story of the Last True Hermit,0,Michael Finkel,1
2662,30145126,The Lost City of the Monkey God: A True Story,0,Douglas Preston,1
2663,34068481,From Here to Eternity: Traveling the World to Find the Good Death,1,Caitlin Doughty,1
2663,34068481,From Here to Eternity: Traveling the World to Find the Good Death,1,Landis Blair,0
2664,33916061,We Were Eight Years in Power: An American Tragedy,0,Ta-Nehisi Coates,1
2665,32938155,"Option B: Facing Adversity, Building Resilience, and Finding Joy",1,Sheryl Sandberg,1
2665,32938155,"Option B: Facing Adversity, Building Resilience, and Finding Joy",1,Adam M. Grant,1
2666,33099371,Of Mess and Moxie: Wrangling Delight Out of This Wild and Glorious Life,0,Jen Hatmaker,1
2667,30781490,Word by Word: The Secret Life of Dictionaries,0,Kory Stamper,0
2668,31247643,Hallelujah Anyway: Rediscovering Mercy,0,Anne Lamott,1
2669,31421117,Tears We Cannot Stop: A Sermon to White America,0,Michael Eric Dyson,0
2670,30820956,Tools of Titans,0,Timothy Ferriss,0
2671,30629730,A Colony in a Nation,0,Chris Hayes,0
2672,34565022,Braving the Wilderness,0,Brené Brown,1
2673,31920777,American Kingpin: The Epic Hunt for the Criminal Mastermind Behind the Silk Road,0,Nick Bilton,0
2674,33670466,Paperbacks from Hell: The Twisted History of '70s and '80s Horror Fiction,1,Grady Hendrix,1
2674,33670466,Paperbacks from Hell: The Twisted History of '70s and '80s Horror Fiction,1,Will Errickson,0
2675,33965707,Unshakeable,1,Anthony Robbins,0
2675,33965707,Unshakeable,1,Tony Robbins,0
2675,33965707,Unshakeable,1,Peter Mallouk,0
2676,35105799,No Is Not Enough: Resisting Trump's Shock Politics and Winning the World We Need,0,Naomi Klein,1
2677,32191677,"American Fire: Love, Arson, and Life in a Vanishing Land",0,Monica Hesse,0
2678,33916342,Daring to Hope: Finding God's Goodness in the Broken and the Beautiful,1,Katie Davis Majors,0
2678,33916342,Daring to Hope: Finding God's Goodness in the Broken and the Beautiful,1,Ann Voskamp,0
2679,34138013,What Happened,0,Hillary Rodham Clinton,1
2680,26074156,Hunger: A Memoir of (My) Body,0,Roxane Gay,1
2681,32737127,"Unfiltered: No Shame, No Regrets, Just Me",0,Lily Collins,0
2682,32620356,Daring to Drive: A Saudi Woman's Awakening,0,Manal Al-Sharif,0
2683,31420708,You Don't Have to Say You Love Me,0,Sherman Alexie,1
2684,32052074,The Most Beautiful: My Life with Prince,0,Mayte Garcia,0
2685,31371728,My Lovely Wife in the Psych Ward,0,Mark Lukach,0
2686,31208653,How to Murder Your Life,0,Cat Marnell,0
2687,31751594,How Dare the Sun Rise: Memoirs of a War Child,1,Sandra Uwiringiyimana,0
2687,31751594,How Dare the Sun Rise: Memoirs of a War Child,1,Abigail Pesta,0
2688,32076678,The Fact of a Body: A Murder and a Memoir,0,Alexandria Marzano-Lesnevich,0
2689,30649506,At Home in the World: Reflections on Belonging While Wandering the Globe,0,Tsh Oxenreider,0
2690,32572166,The Rules Do Not Apply,0,Ariel Levy,1
2691,34104392,The Bright Hour: A Memoir of Living and Dying,0,Nina Riggs,0
2692,27917674,When We Rise: My Life in the Movement,0,Cleve Jones,0
2693,30038960,"Insomniac City: New York, Oliver, and Me",0,Bill Hayes,0
2694,30956087,The Polygamist's Daughter,1,Anna LeBaron,0
2694,30956087,The Polygamist's Daughter,1,Leslie Wilson,0
2695,33898878,Happiness: The Crooked Little Road to Semi-Ever After,0,Heather Harpham,0
2696,34275220,Voice Lessons: A Sisters Story,0,Cara Mentzel,0
2697,31848282,I Was Told to Come Alone: My Journey Behind the Lines of Jihad,0,Souad Mekhennet,0
2698,31920820,Priestdaddy,0,Patricia Lockwood,1
2699,31409135,The Radium Girls: The Dark Story of America’s Shining Women,0,Kate Moore,1
2700,29496196,Killers of the Flower Moon: The Osage Murders and the Birth of the FBI,0,David Grann,1
2701,24212581,Victoria The Queen: An Intimate Biography of the Woman Who Ruled an Empire,0,Julia Baird,0
2702,31450766,Jane Austen at Home,0,Lucy Worsley,0
2703,31848288,Apollo 8: The Thrilling Story of the First Mission to the Moon,0,Jeffrey Kluger,0
2704,34237826,Grant,0,Ron Chernow,0
2705,30078650,"A Hope More Powerful Than the Sea: One Refugee's Incredible Story of Love, Loss, and Survival",0,Melissa Fleming,0
2706,30334134,The Undoing Project: A Friendship That Changed Our Minds,0,Michael Lewis,1
2707,33917107,On Tyranny: Twenty Lessons from the Twentieth Century,0,Timothy Snyder,0
2708,30753852,The Blood of Emmett Till,0,Timothy B. Tyson,0
2709,30753828,The Road to Jonestown: Jim Jones and Peoples Temple,0,Jeff Guinn,1
2710,34684622,Leonardo da Vinci,0,Walter Isaacson,1
2711,30199426,Get Well Soon: History's Worst Plagues and the Heroes Who Fought Them,0,Jennifer Wright,0
2712,29635592,Churchill's Ministry of Ungentlemanly Warfare: The Mavericks Who Plotted Hitler's Defeat,0,Giles Milton,0
2713,31159759,The Gatekeepers: How the White House Chiefs of Staff Define Every Presidency,0,Chris Whipple,0
2714,30107571,All the Gallant Men: An American Sailor's Firsthand Account of Pearl Harbor,1,Donald Stratton,0
2714,30107571,All the Gallant Men: An American Sailor's Firsthand Account of Pearl Harbor,1,Ken Gire,0
2715,34928902,Huế 1968: A Turning Point of the American War in Vietnam,0,Mark Bowden,0
2716,34184069,The Storm Before the Storm: The Beginning of the End of the Roman Republic,0,Mike Duncan,0
2717,34593560,Killing England: The Brutal Struggle for American Independence,1,Bill O'Reilly,1
2717,34593560,Killing England: The Brutal Struggle for American Independence,1,Martin Dugard,1
2718,30688762,"Last Hope Island: Britain, Occupied Europe, and the Brotherhood That Helped Turn the Tide of War",0,Lynne Olson,1
2719,32191710,Astrophysics for People in a Hurry,0,Neil deGrasse Tyson,1
2720,31869108,Inferior: How Science Got Women Wrong—and the New Research That's Rewriting the Story,0,Angela Saini,0
2721,28512671,"Everybody Lies: Big Data, New Data, and What the Internet Can Tell Us About Who We Really Are",1,Steven Pinker,1
2721,28512671,"Everybody Lies: Big Data, New Data, and What the Internet Can Tell Us About Who We Really Are",1,Seth Stephens-Davidowitz,0
2722,31625636,We Have No Idea: A Guide to the Unknown Universe,1,Jorge Cham,0
2722,31625636,We Have No Idea: A Guide to the Unknown Universe,1,Daniel Whiteson,0
2723,30231729,The Death and Life of the Great Lakes,0,Dan Egan,0
2724,28116739,Other Minds,0,Peter Godfrey-Smith,0
2725,29889716,The Case Against Sugar,0,Gary Taubes,1
2726,28110850,Cannibalism: A Perfectly Natural History,0,Bill Schutt,0
2727,30231812,"The Nature Fix: Why Nature Makes Us Happier, Healthier, and More Creative",0,Florence Williams,0
2728,30901608,Hit Makers: The Science of Popularity in an Age of Distraction,0,Derek Thompson,0
2729,31170723,Behave: The Biology of Humans at Our Best and Worst,0,Robert M. Sapolsky,0
2730,31751591,Barking Up the Wrong Tree: The Surprising Science Behind Why Everything You Know About Success Is (Mostly) Wrong,0,Eric Barker,0
2731,30962055,Irresistible: The Rise of Addictive Technology and the Business of Keeping Us Hooked,0,Adam Alter,0
2732,30213950,Pandora's Lab: Seven Stories of Science Gone Wrong,0,Paul A. Offit,0
2733,30753821,The Greatest Story Ever Told—So Far: Why Are We Here?,0,Lawrence M. Krauss,1
2734,30971755,A Crack in Creation: Gene Editing and the Unthinkable Power to Control Evolution,1,Jennifer A. Doudna,0
2734,30971755,A Crack in Creation: Gene Editing and the Unthinkable Power to Control Evolution,1,Samuel H. Sternberg,0
2735,28450775,Whiplash: How to Survive Our Faster Future,1,Joichi Ito,0
2735,28450775,Whiplash: How to Survive Our Faster Future,1,Jeff Howe,0
2736,34490192,Soonish: Ten Emerging Technologies That'll Improve and/or Ruin Everything,1,Kelly Weinersmith,0
2736,34490192,Soonish: Ten Emerging Technologies That'll Improve and/or Ruin Everything,1,Zach Weinersmith,0
2737,32940866,Caesar's Last Breath: Decoding the Secrets of the Air Around Us,0,Sam Kean,1
2738,34274957,Life 3.0: Being Human in the Age of Artificial Intelligence,0,Max Tegmark,0
2739,34016988,"The Pioneer Woman Cooks: Come and Get It! Simple, Scrumptious Recipes for Crazy Busy Lives",0,Ree Drummond,1
2740,35069206,5 Ingredients – Quick & Easy Food,0,Jamie Oliver,0
2741,31423449,"Stirring Up Fun with Food: Over 115 Simple, Delicious Ways to Be Creative in the Kitchen",1,Sarah Michelle Gellar,0
2741,31423449,"Stirring Up Fun with Food: Over 115 Simple, Delicious Ways to Be Creative in the Kitchen",1,Gia Russo,0
2742,32148009,Give a Girl a Knife,0,Amy Thielen,0
2743,31329547,"Whole New You: How Real Food Transforms Your Life, for a Healthier, More Gorgeous You",1,Tia Mowry,0
2743,31329547,"Whole New You: How Real Food Transforms Your Life, for a Healthier, More Gorgeous You",1,Jessica Porter,0
2744,34129998,Smitten Kitchen Every Day: Triumphant and Unfussy New Favorites,0,Deb Perelman,1
2745,32191664,BraveTart: Iconic American Desserts,0,Stella Parks,0
2746,29100223,The Cooking Gene: A Journey Through African American Culinary History in the Old South,0,Michael W. Twitty,0
2747,30760782,"Food, Health and Happiness: 115 On-Point Recipes for Great Meals and a Better Life",0,Oprah Winfrey,1
2748,30753841,"Salt, Fat, Acid, Heat: Mastering the Elements of Good Cooking",1,Michael Pollan,1
2748,30753841,"Salt, Fat, Acid, Heat: Mastering the Elements of Good Cooking",1,Samin Nosrat,0
2748,30753841,"Salt, Fat, Acid, Heat: Mastering the Elements of Good Cooking",1,Wendy MacNaughton,0
2749,31624473,"Cork Dork: A Wine-Fueled Adventure Among the Obsessive Sommeliers, Big Bottle Hunters, and Rogue Scientists Who Taught Me to Live for Taste",0,Bianca Bosker,0
2750,31915218,Grocery: The Buying and Selling of Food in America,0,Michael Ruhlman,0
2751,28814765,The Wellness Mama Cookbook: 200 Easy-to-Prepare Recipes and Time-Saving Advice for the Busy Cook,0,Katie Wells,0
2752,33516589,Coming to My Senses: The Making of a Counterculture Cook,0,Alice Waters,0
2753,32894542,"Ready or Not!: 150+ Make-Ahead, Make-Over, and Make-Now Recipes by Nom Nom Paleo",1,Michelle Tam,1
2753,32894542,"Ready or Not!: 150+ Make-Ahead, Make-Over, and Make-Now Recipes by Nom Nom Paleo",1,Henry Fong,1
2754,31451086,Love Real Food: More Than 100 Feel-Good Vegetarian Favorites to Delight the Senses and Nourish the Body,0,Kathryne Taylor,0
2755,29430845,Eight Flavors: The Untold Story of American Cuisine,0,Sarah Lohman,0
2756,32714100,A Really Big Lunch: The Roving Gourmand on Food and Life,0,Jim Harrison,0
2757,34063669,Sweet: Desserts from London's Ottolenghi,1,Yotam Ottolenghi,1
2757,34063669,Sweet: Desserts from London's Ottolenghi,1,Helen Goh,0
2758,33571767,Half Baked Harvest Cookbook: Recipes from My Barn in the Mountains,0,Tieghan Gerard,0
2759,30754980,Big Mushy Happy Lump,0,Sarah Andersen,1
2760,31223882,"Wonder Woman, Vol. 1: The Lies",1,Greg Rucka,0
2760,31223882,"Wonder Woman, Vol. 1: The Lies",1,Liam Sharp,0
2760,31223882,"Wonder Woman, Vol. 1: The Lies",1,Jodi Wynne,0
2761,29237211,"Saga, Volume 7",1,Brian K. Vaughan,1
2761,29237211,"Saga, Volume 7",1,Fiona Staples,1
2762,29772863,Wires and Nerve,1,Marissa Meyer,1
2762,29772863,Wires and Nerve,1,Douglas Holgate,1
2762,29772863,Wires and Nerve,1,Stephen Gilpin,1
2763,33540347,"Monstress, Volume 2: The Blood",1,Marjorie M. Liu,1
2763,33540347,"Monstress, Volume 2: The Blood",1,Sana Takeda,1
2764,31145178,Real Friends,1,Shannon Hale,1
2764,31145178,Real Friends,1,LeUyen Pham,0
2764,31145178,Real Friends,1,Jane Poole,0
2765,29775583,"Ms. Marvel, Vol. 6: Civil War II",1,G. Willow Wilson,1
2765,29775583,"Ms. Marvel, Vol. 6: Civil War II",1,Takeshi Miyazawa,1
2766,32497911,Everyone's a Aliebn When Ur a Aliebn Too,0,Jomny Sun,0
2767,29936927,The Best We Could Do,0,Thi Bui,0
2768,31338724,"Paper Girls, Volume 2",1,Brian K. Vaughan,1
2768,31338724,"Paper Girls, Volume 2",1,Cliff Chiang,1
2768,31338724,"Paper Girls, Volume 2",1,Matt Wilson,1
2769,28953803,"Lumberjanes, Vol. 5: Band Together",1,N.D. Stevenson,1
2769,28953803,"Lumberjanes, Vol. 5: Band Together",1,Shannon Watters,1
2769,28953803,"Lumberjanes, Vol. 5: Band Together",1,Kat Leyh,1
2770,29069374,"My Favorite Thing Is Monsters, Vol. 1",0,Emil Ferris,0
2771,33161035,"The Legend of Korra: Turf Wars, Part One",0,Michael Dante DiMartino,1
2771,33161035,"The Legend of Korra: Turf Wars, Part One",0,Irene Koh,0
2772,29507117,"The Vision, Vol. 2: Little Better Than a Beast",1,Tom King,1
2772,29507117,"The Vision, Vol. 2: Little Better Than a Beast",1,Gabriel Hernández Walta,1
2772,29507117,"The Vision, Vol. 2: Little Better Than a Beast",1,Michael Walsh,0
2773,31387199,"The Black Monday Murders, Vol. 1: All Hail, God Mammon",1,Jonathan Hickman,0
2773,31387199,"The Black Monday Murders, Vol. 1: All Hail, God Mammon",1,Tomm Coker,0
2773,31387199,"The Black Monday Murders, Vol. 1: All Hail, God Mammon",1,Michael Garland,0
2774,25893783,"Black Hammer, Vol. 1: Secret Origins",1,Jeff Lemire,1
2774,25893783,"Black Hammer, Vol. 1: Secret Origins",1,Dean Ormston,1
2775,29972029,"Bitch Planet, Vol. 2: President Bitch",1,Kelly Sue DeConnick,1
2775,29972029,"Bitch Planet, Vol. 2: President Bitch",1,Taki Soma,0
2775,29972029,"Bitch Planet, Vol. 2: President Bitch",1,Valentine De Landro,0
2776,33585540,"The Wicked + The Divine, Vol. 5: Imperial Phase, Part I",1,Kieron Gillen,1
2776,33585540,"The Wicked + The Divine, Vol. 5: Imperial Phase, Part I",1,Jamie McKelvie,1
2776,33585540,"The Wicked + The Divine, Vol. 5: Imperial Phase, Part I",1,Matt Wilson,1
2777,36206433,Username: Uprising,1,Joe Sugg,1
2777,36206433,Username: Uprising,1,Amrit Birdi,0
2778,31145185,Spill Zone,1,Scott Westerfeld,1
2778,31145185,Spill Zone,1,Alex Puvilland,0
2779,35606560,The Sun and Her Flowers,0,Rupi Kaur,1
2780,34594982,Depression & Other Magic Tricks,0,Sabrina Benaim,0
2781,33004293,Solo,1,Kwame Alexander,1
2781,33004293,Solo,1,Mary Rand Hess,0
2782,33208115,Love Her Wild,0,Atticus Poetry,1
2783,22552026,Long Way Down,0,Jason Reynolds,1
2784,34753166,We Come Apart,1,Sarah Crossan,0
2784,34753166,We Come Apart,1,Brian Conaghan,0
2785,33921696,New American Best Friend,0,Olivia Gatwood,1
2786,30304222,There Are More Beautiful Things Than Beyoncé,0,Morgan Parker,1
2787,34451544,Plum,0,Hollie McNish,0
2788,34144863,Electric Arches,0,Eve L. Ewing,0
2789,30231755,Magdalene,0,Marie Howe,0
2790,34466674,Adultolescence,0,Gabbie Hanna,0
2791,33631747,Broken Wishbones and Empty Spaces,0,Pyrokardia,0
2792,31944953,When I Grow Up I Want to Be a List of Further Possibilities,1,Jericho Brown,1
2792,31944953,When I Grow Up I Want to Be a List of Further Possibilities,1,Chen Chen,0
2793,32311036,Nature Poem,0,Tommy Pico,0
2794,33606259,"Exits, Desires, and Slow Fires",0,J.R. Rogue,1
2795,34376890,Magic with Skin On,1,Morgan Nikola-Wren,0
2795,34376890,Magic with Skin On,1,Kimberly Ito,0
2795,34376890,Magic with Skin On,1,Julie Guzzetta,0
2796,32566407,Portrait of the Alcoholic,0,Kaveh Akbar,1
2797,33375618,Don't Call Us Dead,0,Danez Smith,1
2798,31944749,Hard Child,0,Natalie Shapero,0
2803,32620349,Midnight at the Bright Ideas Bookstore,0,Matthew J. Sullivan,0
2806,30269104,The Chilbury Ladies' Choir,0,Jennifer Ryan,0
2809,32969150,Stay with Me,0,Ayọ̀bámi Adébáyọ̀,0
2811,27746288,"Goodbye, Vitamin",0,Rachel Khong,1
2812,30090925,The Animators,0,Kayla Rae Whitaker,0
2813,29875926,I Liked My Life,0,Abby Fabiaschi,0
2814,33280160,What We Lose,0,Zinzi Clemmons,0
2816,34484359,The Coppersmith Farmhouse,0,Devney Perry,0
2817,31450913,The Idea of You,0,Robinne Lee,0
2818,31212988,The Caledonian Gambit,0,Dan Moren,0
2819,32075671,The Hate U Give,0,Angie Thomas,1
2820,35504431,Turtles All the Way Down,0,John Green,1
2821,32682118,One of Us Is Lying,0,Karen M. McManus,1
2822,29283884,The Gentleman's Guide to Vice and Virtue,0,Mackenzi Lee,1
2823,35247769,"Always and Forever, Lara Jean",0,Jenny Han,1
2824,30724132,Geekerella,0,Ashley Poston,1
2825,31931941,Eliza and Her Monsters,0,Francesca Zappia,1
2826,32078787,Once and for All,0,Sarah Dessen,1
2827,28458598,When Dimple Met Rishi,0,Sandhya Menon,0
2828,30256248,By Your Side,0,Kasie West,1
2829,30653853,The Upside of Unrequited,0,Becky Albertalli,1
2830,30102870,History Is All You Left Me,0,Adam Silvera,1
2831,23447923,The Inexplicable Logic of My Life,0,Benjamin Alire Sáenz,1
2832,25613472,A List of Cages,0,Robin Roe,0
2833,33385229,They Both Die at the End,0,Adam Silvera,1
2834,31694016,Stranger Than Fanfiction,0,Chris Colfer,1
2835,28243032,We Are Okay,0,Nina LaCour,1
2836,30649795,Goodbye Days,0,Jeff Zentner,1
2837,28919058,Autoboyography,0,Christina Lauren,1
2838,33163378,Moxie,0,Jennifer Mathieu,1
2839,23766634,A Court of Wings and Ruin,0,Sarah J. Maas,1
2840,30312891,Lord of Shadows,0,Cassandra Clare,1
2841,30227022,King's Cage,0,Victoria Aveyard,1
2842,28449207,Strange the Dreamer,0,Laini Taylor,1
2843,27883214,Caraval,0,Stephanie Garber,1
2844,31450852,Tower of Dawn,0,Sarah J. Maas,1
2845,29385546,Warcross,0,Marie Lu,1
2846,28954189,Scythe,0,Neal Shusterman,1
2847,30117284,Carve the Mark,0,Veronica Roth,1
2848,32075662,Our Dark Duet,0,Victoria E. Schwab,1
2849,24763621,Wintersong,0,S. Jae-Jones,0
2850,23308087,Flame in the Mist,0,Renée Ahdieh,1
2851,34128219,La Belle Sauvage,0,Philip Pullman,1
2852,34076952,The Language of Thorns: Midnight Tales and Dangerous Magic,1,Leigh Bardugo,1
2852,34076952,The Language of Thorns: Midnight Tales and Dangerous Magic,1,Sara Kipin,0
2853,29739361,Traitor to the Throne,0,Alwyn Hamilton,1
2854,28260402,The Song Rising,0,Samantha Shannon,1
2855,30025336,All the Crooked Saints,0,Maggie Stiefvater,1
2856,23367261,Crystal Storm,0,Morgan Rhodes,1
2857,31944679,In Other Lands,0,Sarah Rees Brennan,0
2858,25740412,The Black Witch,0,Laurie Forest,0
2859,28006120,The Ship of the Dead,0,Rick Riordan,1
2860,30145666,The Dark Prophecy,0,Rick Riordan,1
2861,30145677,Beauty and the Beast: Lost in a Book,0,Jennifer Donnelly,1
2862,32940857,Worlds Collide,0,Chris Colfer,1
2863,30312547,Amina's Voice,0,Hena Khan,0
2864,33282947,See You in the Cosmos,0,Jack Cheng,0
2865,32623542,Beyond the Bright Sea,0,Lauren Wolk,1
2866,29563587,Dragonwatch,0,Brandon Mull,1
2867,27242442,Star-Crossed,0,Barbara Dee,0
2868,33386034,Rise of the Isle of the Lost,0,Melissa de la Cruz,1
2869,31213737,The Goldfish Boy,0,Lisa Thompson,0
2870,30758586,Flying Lessons & Other Stories,1,Kwame Alexander,1
2870,30758586,Flying Lessons & Other Stories,1,Ellen Oh,0
2870,30758586,Flying Lessons & Other Stories,1,Kelly J. Baptist,0
2871,32711417,Quests for Glory,0,Soman Chainani,1
2872,33158525,Wishtree,0,Katherine Applegate,1
2873,30254963,Talons of Power,0,Tui T. Sutherland,1
2874,30037871,The Ethan I Was Before,0,Ali Standish,0
2875,30037873,The Someday Birds,1,Sally J. Pla,0
2875,30037873,The Someday Birds,1,Julie McLaughlin,0
2876,33785205,The Empty Grave,0,Jonathan Stroud,1
2877,33865643,The War I Finally Won,0,Kimberly Brubaker Bradley,1
2878,31145091,"I Love You, Michael Collins",0,Lauren Baratz-Logsted,0
2879,32777609,We're All Wonders,0,R.J. Palacio,1
2880,34219824,Malala's Magic Pencil,1,Malala Yousafzai,1
2880,34219824,Malala's Magic Pencil,1,Kerascoët,0
2881,34504361,She Persisted: 13 American Women Who Changed the World,1,Chelsea Clinton,1
2881,34504361,She Persisted: 13 American Women Who Changed the World,1,Alexandra Boiger,0
2882,30364127,Over and Under the Pond,1,Kate Messner,0
2882,30364127,Over and Under the Pond,1,Christopher Silas Neal,0
2883,30268071,"A Greyhound, a Groundhog",1,Emily Jenkins,1
2883,30268071,"A Greyhound, a Groundhog",1,Chris Appelhans,1
2884,31247841,Triangle,1,Mac Barnett,1
2884,31247841,Triangle,1,Jon Klassen,1
2885,31456756,The Book of Mistakes,0,Corinna Luyken,0
2886,30555639,Little Fox in the Forest,0,Stephanie Graegin,0
2887,31215005,The Legend of Rock Paper Scissors,1,Drew Daywalt,1
2887,31215005,The Legend of Rock Paper Scissors,1,Adam Rex,1
2888,20670612,"The Youngest Marcher: The Story of Audrey Faye Hendricks, a Young Civil Rights Activist",1,Vanessa Brantley-Newton,1
2888,20670612,"The Youngest Marcher: The Story of Audrey Faye Hendricks, a Young Civil Rights Activist",1,Cynthia Levinson,0
2889,34137106,A Different Pond,0,Bao Phi,0
2890,31340805,Duck and Hippo in the Rainstorm,1,Jonathan London,0
2890,31340805,Duck and Hippo in the Rainstorm,1,Andrew Joyner,0
2891,30254920,Spunky Little Monkey,1,Bill Martin Jr.,0
2891,30254920,Spunky Little Monkey,1,Michael Sampson,0
2891,30254920,Spunky Little Monkey,1,Brian Won,0
2892,34445373,Franklin's Flying Bookshop,1,Jen Campbell,1
2892,34445373,Franklin's Flying Bookshop,1,Katie Harnett,1
2893,31423547,Be Quiet!,0,Ryan T. Higgins,1
2894,30312747,Not Quite Narwhal,0,Jessie Sima,0
2895,31625795,Jabari Jumps,0,Gaia Cornwall,0
2896,32508692,The Case of the Stinky Stench,1,Josh Funk,1
2896,32508692,The Case of the Stinky Stench,1,Brendan Kearney,0
2897,30375426,Trollbella Throws a Party,1,Chris Colfer,1
2897,30375426,Trollbella Throws a Party,1,Brandon Dorman,1
2898,33376257,After the Fall: How Humpty Dumpty Got Back up Again,0,Dan Santat,1
2899,26247008,Truly Madly Guilty,0,Liane Moriarty,1
2900,26114135,All the Ugly and Wonderful Things,0,Bryn Greenwood,1
2901,26893819,The Girls,0,Emma Cline,0
2902,25781157,The Nest,0,Cynthia D'Aprix Sweeney,0
2903,28587957,Small Great Things,0,Jodi Picoult,1
2904,25852870,Eligible: A Modern Retelling of Pride & Prejudice,0,Curtis Sittenfeld,1
2905,28214365,Commonwealth,0,Ann Patchett,1
2906,27276262,Lily and the Octopus,0,Steven Rowley,1
2907,25893709,My Name Is Lucy Barton,0,Elizabeth Strout,1
2908,25810500,What Is Not Yours Is Not Yours,0,Helen Oyeyemi,0
2909,27213163,Another Brooklyn,0,Jacqueline Woodson,1
2910,28116847,Here I Am,0,Jonathan Safran Foer,1
2911,27068575,Everybody's Fool,0,Richard Russo,0
2912,28251002,The Nix,0,Nathan Hill,1
2913,25688974,Shelter,0,Jung Yun,0
2914,25810398,The Association of Small Bombs,0,Karan Mahajan,0
2915,30008702,Nutshell,0,Ian McEwan,1
2916,31246481,Silver Threads,0,Bette Lee Crosby,0
2917,26114523,The Summer that Melted Everything,0,Tiffany McDaniel,1
2918,29776246,An Ishmael of Syria,0,Asaad Almohammad,0
2919,25526965,End of Watch,0,Stephen King,1
2920,28220985,A Great Reckoning,0,Louise Penny,1
2921,28187230,The Woman in Cabin 10,0,Ruth Ware,1
2922,25337081,Brotherhood in Death,0,J.D. Robb,1
2923,29437949,Behind Closed Doors,0,B.A. Paris,1
2924,26245850,Before the Fall,0,Noah Hawley,0
2925,29430013,The Trespasser,0,Tana French,1
2926,27276324,All the Missing Girls,0,Megan Miranda,0
2927,26109394,Fool Me Once,0,Harlan Coben,1
2928,28815474,The Couple Next Door,0,Shari Lapena,1
2929,26245853,The Last Mile,0,David Baldacci,1
2930,27213121,The Black Widow,0,Daniel Silva,1
2931,25734248,The Widow,0,Fiona Barton,0
2932,27276292,The Vanishing Year,0,Kate Moretti,0
2933,28721136,The Girl In The Ice,0,Robert Bryndza,1
2934,28374062,The Kept Woman,0,Karin Slaughter,1
2935,28090846,Into the Light,0,Aleatha Romig,1
2936,30221492,Play Dead,0,Angela Marsons,0
2937,28503798,The Queen's Accomplice,0,Susan Elia MacNeal,0
2938,26883206,Redemption Road,0,John Hart,1
2939,30555488,The Underground Railroad,0,Colson Whitehead,1
2940,25893693,Lilac Girls,0,Martha Hall Kelly,1
2941,25817162,America's First Daughter,1,Stephanie Dray,1
2941,25817162,America's First Daughter,1,Laura Kamoie,1
2942,29430012,A Gentleman in Moscow,0,Amor Towles,1
2943,28449257,The Wonder,0,Emma Donoghue,1
2944,27071490,Homegoing,0,Yaa Gyasi,1
2945,28251813,"Three Sisters, Three Queens",0,Philippa Gregory,1
2946,25776122,The Summer Before the War,0,Helen Simonson,0
2947,25279165,The Swans of Fifth Avenue,0,Melanie Benjamin,1
2948,17912498,The Queen of the Night,0,Alexander Chee,0
2949,28363972,The Last Days of Night,0,Graham Moore,0
2950,25577005,The Moon in the Palace,0,Weina Dai Randel,1
2951,27917957,To The Bright Edge of the World,0,Eowyn Ivey,1
2952,25813937,Glory Over Everything: Beyond The Kitchen House,0,Kathleen Grissom,0
2953,25666046,The North Water,0,Ian McGuire,0
2954,25817493,News of the World,0,Paulette Jiles,0
2955,27876415,Do Not Say We Have Nothing,0,Madeleine Thien,0
2956,25894024,Modern Girls,0,Jennifer S. Brown,0
2957,25763894,Green Island,0,Shawna Yang Ryan,0
2958,25663717,The Two-Family House,0,Lynda Cohen Loigman,1
2959,29056083,Harry Potter and the Cursed Child: Parts One and Two,1,J.K. Rowling,1
2959,29056083,Harry Potter and the Cursed Child: Parts One and Two,1,Jack Thorne,0
2959,29056083,Harry Potter and the Cursed Child: Parts One and Two,1,John Tiffany,0
2960,20764879,A Gathering of Shadows,0,Victoria E. Schwab,1
2961,24019186,The Bands of Mourning,0,Brandon Sanderson,1
2962,12444298,Feverborn,0,Karen Marie Moning,1
2963,25776210,Fire Touched,0,Patricia Briggs,1
2964,25372801,All the Birds in the Sky,0,Charlie Jane Anders,1
2965,17333174,Magic Binds,0,Ilona Andrews,1
2966,29008738,The Bird and the Sword,0,Amy Harmon,1
2967,22062202,Marked in Flesh,0,Anne Bishop,1
2968,26114340,The Curse of Tenth Grave,0,Darynda Jones,1
2969,26228034,The Obelisk Gate,0,N.K. Jemisin,1
2970,24885533,The Paper Menagerie and Other Stories,0,Ken Liu,1
2971,26863057,Age of Myth,0,Michael J. Sullivan,1
2972,16280689,Staked,0,Kevin Hearne,1
2973,25695756,Stiletto,0,Daniel O'Malley,1
2974,25526296,Every Heart a Doorway,0,Seanan McGuire,1
2975,27154427,The Wheel of Osheim,0,Mark Lawrence,1
2976,29627784,Vampire Girl,0,Karpov Kinrade,0
2977,29467232,The Blood Mirror,0,Brent Weeks,1
2978,23909755,City of Blades,0,Robert Jackson Bennett,1
2979,27276318,It Ends with Us,0,Colleen Hoover,1
2980,24035804,Storm and Silence,0,Robert Thier,0
2981,26236956,The Obsession,0,Nora Roberts,1
2982,25293695,The Beast,0,J.R. Ward,1
2983,17876897,One with You,0,Sylvia Day,1
2984,25657772,Because of Miss Bridgerton,0,Julia Quinn,1
2985,25810368,Kings Rising,0,C.S. Pacat,1
2986,29508471,Paper Princess,0,Erin Watt,0
2987,27213238,The Hating Game,0,Sally Thorne,1
2988,32572872,Beard Science,0,Penny Reid,1
2989,28524443,The Score,0,Elle Kennedy,1
2990,29852207,The Wall of Winnipeg and Me,0,Mariana Zapata,1
2991,27158834,Born of Legend,0,Sherrilyn Kenyon,1
2992,25611416,Beautiful Burn,0,Jamie McGuire,1
2993,29382691,Stuck-Up Suit,1,Vi Keeland,1
2993,29382691,Stuck-Up Suit,1,Penelope Ward,1
2994,26252659,Big Rock,0,Lauren Blakely,0
2995,27083865,RoomHate,0,Penelope Ward,1
2996,32766597,Punk 57,0,Penelope Douglas,1
2997,31345271,Blackwing Dragon,0,T.S. Joyce,0
2998,31154244,"Preppy: The Life and Death of Samuel Clearwater, Part One",0,T.M. Frazier,0
2999,18966806,Morning Star,0,Pierce Brown,1
3000,27833670,Dark Matter,0,Blake Crouch,1
3001,25733885,Bloodline,0,Claudia Gray,0
3002,25859268,The Long Cosmos,1,Terry Pratchett,1
3002,25859268,The Long Cosmos,1,Stephen Baxter,1
3003,25790952,A Murder in Time,0,Julie McElwain,0
3004,25733990,Sleeping Giants,0,Sylvain Neuvel,1
3005,27245997,The Last One,0,Alexandra Oliva,0
3006,26308512,"Lies, Damned Lies, and History",0,Jodi Taylor,1
3007,23208397,Underground Airlines,0,Ben H. Winters,1
3008,25430566,Crosstalk,0,Connie Willis,0
3009,25814184,Gentleman Jole and the Red Queen,0,Lois McMaster Bujold,1
3010,25451264,Death's End,1,Liu Cixin,1
3010,25451264,Death's End,1,Ken Liu,1
3011,31667137,Star Nomad,0,Lindsay Buroker,1
3012,26114545,Too Like the Lightning,0,Ada Palmer,1
3013,29475447,A Closed and Common Orbit,0,Becky Chambers,1
3014,25828674,Written in Fire,0,Marcus Sakey,1
3015,28439513,A Night Without Stars,0,Peter F. Hamilton,1
3016,25329437,Remanence,0,Jennifer Foehner Wells,0
3017,27276118,Ninefox Gambit,0,Yoon Ha Lee,1
3018,30806103,Kill Process,0,William Hertling,0
3019,25816688,The Fireman,0,Joe Hill,1
3020,27383717,The Butterfly Garden,0,Dot Hutchison,1
3021,26891429,The City of Mirrors,0,Justin Cronin,1
3022,27276336,Ink and Bone,0,Lisa Unger,1
3023,23629836,Over Your Dead Body,0,Dan Wells,0
3024,26118005,My Best Friend's Exorcism,0,Grady Hendrix,1
3025,26030697,Fellside,0,M.R. Carey,1
3026,25142937,Lovecraft Country,0,Matt Ruff,0
3027,25930352,A Time of Torment,0,John Connolly,1
3028,32593030,Wicked Little Words,0,Stevie J. Cole,0
3029,23719481,Mr. Splitfoot,0,Samantha Hunt,0
3030,26154355,The Visitor,0,Amanda Stevens,1
3031,26883558,The Ballad of Black Tom,0,Victor LaValle,1
3032,24997064,The Nightmare Stacks,0,Charles Stross,1
3033,21400082,Kill Switch,0,Jonathan Maberry,1
3034,27276237,Grunge,1,Larry Correia,1
3034,27276237,Grunge,1,John Ringo,1
3035,29104144,Extinction End,0,Nicholas Sansbury Smith,1
3036,32198636,24690,1,A.A. Dark,0
3036,32198636,24690,1,Alaska Angelini,0
3037,28765598,The Last Days of Jack Sparks,0,Jason Arnopp,0
3038,27064358,Disappearance at Devil's Rock,0,Paul Tremblay,1
3039,29405093,The Girl with the Lower Back Tattoo,0,Amy Schumer,0
3040,29868610,Scrappy Little Nobody,0,Anna Kendrick,0
3041,29429875,Where Am I Now?,0,Mara Wilson,0
3042,26895155,"Mother, Can You Not?",0,Kate Siegel,0
3043,29496435,You Can't Touch My Hair: And Other Things I Still Have to Explain,1,Phoebe Robinson,1
3043,29496435,You Can't Touch My Hair: And Other Things I Still Have to Explain,1,Jessica Williams,0
3044,27276226,It Gets Worse: A Collection of Essays,0,Shane Dawson,1
3045,28696602,I'm Judging You: The Do-Better Manual,0,Luvvie Ajayi,0
3046,30613790,Dan and Phil Go Outside,1,Daniel Howell,1
3046,30613790,Dan and Phil Go Outside,1,Phil Lester,1
3047,28686959,Based on a True Story: A Memoir,0,Norm Macdonald,0
3048,25817690,I Want My Epidural Back: Adventures in Mediocre Parenting,0,Karen Alpert,0
3049,26890698,I'm Just a Person,0,Tig Notaro,0
3050,27171845,Seinfeldia: How a Show About Nothing Changed Everything,0,Jennifer Keishin Armstrong,0
3051,27245977,Housebroken: Admissions of an Untidy Life,0,Laurie Notaro,1
3052,27170141,You'll Grow Out of It,0,Jessi Klein,1
3053,25814361,I Know What I'm Doing and Other Lies I Tell Myself: Dispatches from a Life Under Construction,0,Jen Kirkman,0
3054,25666058,If at Birth You Don't Succeed: My Adventures with Disaster and Destiny,0,Zach Anner,0
3055,25817261,Real Artists Have Day Jobs: And Other Awesome Things They Don't Teach You in School,0,Sara Benincasa,0
3056,25111121,"Navel Gazing: True Tales of Bodies, Mostly Mine",0,Michael Ian Black,1
3057,29093310,Best. State. Ever.: A Florida Man Defends His Homeland,0,Dave Barry,1
3058,31188362,Alan Partridge: Nomad,1,Alan Partridge,0
3058,31188362,Alan Partridge: Nomad,1,Neil Gibbons,0
3058,31188362,Alan Partridge: Nomad,1,Rob Gibbons,0
3059,26200563,Hamilton: The Revolution,1,Lin-Manuel Miranda,0
3059,26200563,Hamilton: The Revolution,1,Jeremy McCarter,0
3060,24331386,The View from the Cheap Seats: Selected Nonfiction,0,Neil Gaiman,1
3061,25816707,Girls & Sex: Navigating the Complicated New Landscape,0,Peggy Orenstein,1
3062,27883209,Adnan's Story: The Search for Truth and Justice After Serial,0,Rabia Chaudry,0
3063,25852784,Evicted: Poverty and Profit in the American City,0,Matthew Desmond,1
3064,25667449,The Lonely City: Adventures in the Art of Being Alone,0,Olivia Laing,0
3065,27068734,But What If We're Wrong? Thinking About the Present As If It Were the Past,0,Chuck Klosterman,1
3066,27833614,Dark Money: The Hidden History of the Billionaires Behind the Rise of the Radical Right,0,Jane Mayer,0
3067,25614523,Originals: How Non-Conformists Move the World,0,Adam M. Grant,1
3068,26114477,The Geek Feminist Revolution,0,Kameron Hurley,1
3069,25814485,Grit: The Power of Passion and Perseverance,0,Angela Duckworth,0
3070,28119237,Tribe: On Homecoming and Belonging,0,Sebastian Junger,0
3071,26792284,The Only Rule Is It Has to Work: Our Wild Experiment Building a New Kind of Baseball Team,1,Ben Lindbergh,0
3071,26792284,The Only Rule Is It Has to Work: Our Wild Experiment Building a New Kind of Baseball Team,1,Sam Miller,0
3072,25814413,And Then All Hell Broke Loose: Two Decades in the Middle East,0,Richard Engel,0
3073,27036528,Ego Is the Enemy,0,Ryan Holiday,1
3074,25733966,Smarter Faster Better: The Secrets of Being Productive in Life and Business,0,Charles Duhigg,1
3075,25744928,Deep Work: Rules for Focused Success in a Distracted World,0,Cal Newport,1
3076,29502379,Another Day in the Death of America: A Chronicle of Ten Short Lives,0,Gary Younge,0
3077,28505023,The Fire This Time: A New Generation Speaks About Race,0,Jesmyn Ward,1
3078,25779641,"Don't Be a Jerk: And Other Practical Advice from Dogen, Japan's Greatest Zen Master",0,Brad Warner,0
3079,25614898,When Breath Becomes Air,1,Abraham Verghese,1
3079,25614898,When Breath Becomes Air,1,Paul Kalanithi,0
3080,25330544,The Only Pirate at the Party,1,Lindsey Stirling,0
3080,25330544,The Only Pirate at the Party,1,Brooke S. Passey,0
3081,26074224,"The Rainbow Comes and Goes: A Mother and Son On Life, Love, and Loss",1,Anderson Cooper,1
3081,26074224,"The Rainbow Comes and Goes: A Mother and Son On Life, Love, and Loss",1,Gloria Vanderbilt,0
3082,31845516,Love Warrior,0,Glennon Doyle,1
3083,29072594,Born to Run,0,Bruce Springsteen,0
3084,25733983,Lab Girl,0,Hope Jahren,1
3085,27161156,Hillbilly Elegy: A Memoir of a Family and Culture in Crisis,0,J.D. Vance,0
3086,16130440,"Hungry Heart: Adventures in Life, Love, and Writing",0,Jennifer Weiner,1
3087,28218973,Buffering: Unshared Tales of a Life Fully Loaded,0,Hannah Hart,1
3088,29340182,Shrill: Notes from a Loud Woman,0,Lindy West,1
3089,25937937,A Mother's Reckoning: Living in the Aftermath of Tragedy,1,Sue Klebold,0
3089,25937937,A Mother's Reckoning: Living in the Aftermath of Tragedy,1,Andrew Solomon,0
3090,25111005,A Thousand Naked Strangers: a Paramedic's Wild Ride to the Edge and Back,0,Kevin Hazzard,0
3091,25802615,Unashamed,0,Lecrae Moore,0
3092,25332115,The Sound of Gravel,0,Ruth Wariner,0
3093,26192600,Party of One: A Memoir in 21 Songs,0,Dave Holmes,0
3094,25663652,Lust & Wonder,0,Augusten Burroughs,1
3095,27220736,Shoe Dog: A Memoir by the Creator of Nike,0,Phil Knight,0
3096,26795372,Sex Object: A Memoir,0,Jessica Valenti,0
3097,31248693,"Keeping Kyrie: A True Story of Faith, Family, and Foster Care",1,Emily Christensen,0
3097,31248693,"Keeping Kyrie: A True Story of Faith, Family, and Foster Care",1,Nathan Christensen,0
3098,30634883,A Smile in One Eye: a Tear in the Other,0,Ralph Webster,0
3099,25819509,Leonard: My Fifty-Year Friendship with a Remarkable Man,1,David Fisher,1
3099,25819509,Leonard: My Fifty-Year Friendship with a Remarkable Man,1,William Shatner,0
3100,21094391,"The Romanovs, 1613-1918",0,Simon Sebag Montefiore,0
3101,25817804,First Women: The Grace and Power of America's Modern First Ladies,0,Kate Andersen Brower,1
3102,26030711,"Rise of the Rocket Girls: The Women Who Propelled Us, from Missiles to the Moon to Mars",0,Nathalia Holt,1
3103,25814394,All the Single Ladies,0,Rebecca Traister,0
3104,27209433,White Trash: The 400-Year Untold History of Class in America,0,Nancy Isenberg,0
3105,25953369,Hidden Figures,0,Margot Lee Shetterly,0
3106,23168778,"The Midnight Assassin: Panic, Scandal, and the Hunt for America's First Serial Killer",0,Skip Hollandsworth,0
3107,26240780,Blood Brothers: The Fatal Friendship Between Muhammad Ali and Malcolm X,1,Randy W. Roberts,0
3107,26240780,Blood Brothers: The Fatal Friendship Between Muhammad Ali and Malcolm X,1,Johnny Smith,0
3108,29370481,Killing the Rising Sun: How America Vanquished World War II Japan,1,Bill O'Reilly,1
3108,29370481,Killing the Rising Sun: How America Vanquished World War II Japan,1,Martin Dugard,1
3109,26109390,"Valiant Ambition: George Washington, Benedict Arnold, and the Fate of the American Revolution",0,Nathaniel Philbrick,1
3110,25897805,The Immortal Irishman: The Irish Revolutionary Who Became an American Hero,0,Timothy Egan,1
3111,27214080,"Five Presidents: My Extraordinary Journey with Eisenhower, Kennedy, Johnson, Nixon, and Ford",1,Clint Hill,1
3111,27214080,"Five Presidents: My Extraordinary Journey with Eisenhower, Kennedy, Johnson, Nixon, and Ford",1,Lisa McCubbin Hill,0
3112,25817182,Midnight in Broad Daylight: A Japanese American Family Caught Between Two Worlds,0,Pamela Rotner Sakamoto,0
3113,25897720,The Winter Fortress: The Epic Mission to Sabotage Hitler’s Atomic Bomb,0,Neal Bascomb,0
3114,25897691,"Spain in Our Hearts: Americans in the Spanish Civil War, 1936–1939",0,Adam Hochschild,1
3115,28789677,Shirley Jackson: A Rather Haunted Life,0,Ruth Franklin,0
3116,27064368,Eve of a Hundred Midnights: The Star-Crossed Love Story of Two WWII Correspondents and their Epic Escape Across the Pacific,0,Bill Lascher,0
3117,26891468,"Hero of the Empire: The Boer War, a Daring Escape, and the Making of Winston Churchill",0,Candice Millard,1
3118,28789644,Blood at the Root: A Racial Cleansing in America,0,Patrick Phillips,0
3119,26530322,Are We Smart Enough to Know How Smart Animals Are?,0,Frans de Waal,1
3120,27276428,The Gene: An Intimate History,0,Siddhartha Mukherjee,1
3121,26530320,Grunt: The Curious Science of Humans at War,0,Mary Roach,1
3122,25938481,The Genius of Birds,0,Jennifer Ackerman,1
3123,26150770,"The Big Picture: On the Origins of Life, Meaning, and the Universe Itself",0,Sean Carroll,1
3124,25937922,"Patient H.M.: A Story of Memory, Madness, and Family Secrets",0,Luke Dittrich,0
3125,26530389,Idiot Brain: What Your Head Is Really Up To,0,Dean Burnett,0
3126,25733658,Into the Magic Shop: A Neurosurgeon's Quest to Discover the Mysteries of the Brain and the Secrets of the Heart,0,James R. Doty,0
3127,25329850,Thing Explainer: Complicated Stuff in Simple Words,0,Randall Munroe,1
3128,25430558,In a Different Key: The Story of Autism,1,John Donvan,0
3128,25430558,In a Different Key: The Story of Autism,1,Caren Zucker,0
3129,25664449,"Unseen City: The Majesty of Pigeons, the Discreet Charm of Snails & Other Wonders of the Urban Wilderness",0,Nathanael Johnson,0
3130,27276431,On Trails: An Exploration,0,Robert Moor,0
3131,25666050,Algorithms to Live By: The Computer Science of Human Decisions,1,Brian Christian,1
3131,25666050,Algorithms to Live By: The Computer Science of Human Decisions,1,Tom Griffiths,0
3132,25430578,Cure: A Journey into the Science of Mind Over Body,0,Jo Marchant,0
3133,27213168,I Contain Multitudes: The Microbes Within Us and a Grander View of Life,0,Ed Yong,1
3134,27209431,The Inevitable: Understanding the 12 Technological Forces That Will Shape Our Future,0,Kevin Kelly,0
3135,28587950,Time Travel: A History,0,James Gleick,1
3136,28186015,Weapons of Math Destruction: How Big Data Increases Inequality and Threatens Democracy,0,Cathy O'Neil,0
3137,25897940,Baby Birds: An Artist Looks into the Nest,0,Julie Zickefoose,0
3138,22580997,Citizen Scientist: Searching for Heroes and Hope in an Age of Extinction,0,Mary Ellen Hannibal,0
3139,25982685,Cravings: Recipes for All the Food You Want to Eat,1,Chrissy Teigen,1
3139,25982685,Cravings: Recipes for All the Food You Want to Eat,1,Adeena Sussman,1
3139,25982685,Cravings: Recipes for All the Food You Want to Eat,1,Aubrie Pick,0
3140,26832930,Outlander Kitchen: The Official Outlander Companion Cookbook,0,Theresa Carle-Sanders,1
3141,25982612,The Bob's Burgers Burger Book: Real Recipes for Joke Burgers,1,Loren Bouchard,0
3141,25982612,The Bob's Burgers Burger Book: Real Recipes for Joke Burgers,1,Cole Bowden,0
3142,28503835,EveryDayCook,0,Alton Brown,1
3143,26240710,"Layered: Baking, Building, and Styling Spectacular Cakes",0,Tessa Huff,0
3144,26031228,It's All Easy: Delicious Weekday Recipes for the Super-Busy Home Cook,0,Gwyneth Paltrow,1
3145,28186250,Oh She Glows Every Day: Quick and Simply Satisfying Plant-Based Recipes,0,Angela Liddon,1
3146,28110861,Real Food/Fake Food: Why You Don’t Know What You’re Eating and What You Can Do About It,0,Larry Olmsted,0
3147,28588001,Skinnytaste Fast and Slow: Knockout Quick-Fix and Slow Cooker Recipes: A Cookbook,1,Gina Homolka,1
3147,28588001,Skinnytaste Fast and Slow: Knockout Quick-Fix and Slow Cooker Recipes: A Cookbook,1,Heather K. Jones,1
3148,26247044,Raw. Vegan. Not Gross.: All Vegan and Mostly Raw Recipes for People Who Love to Eat,0,Laura Miller,0
3149,25852800,Eating in the Middle: A Mostly Wholesome Cookbook,0,Andie Mitchell,1
3150,25810693,"The Vegetable Butcher: How to Select, Prep, Slice, Dice, and Masterfully Cook Vegetables from Artichokes to Zucchini",0,Cara Mangini,0
3151,25810687,Project Smoke: Seven Steps to Smoked Food Nirvana,0,Steven Raichlen,0
3152,25938485,"Locally Laid: How We Built a Plucky, Industry-Changing Egg Farm—from Scratch",0,Lucie B. Amundsen,0
3153,25614890,Koreatown: A Cookbook,1,Deuki Hong,0
3153,25614890,Koreatown: A Cookbook,1,Matt Rodbard,0
3154,24944924,"The Big Book of Kombucha: Brewing, Flavoring, and Enjoying the Health Benefits of Fermented Tea",1,Sandor Ellix Katz,1
3154,24944924,"The Big Book of Kombucha: Brewing, Flavoring, and Enjoying the Health Benefits of Fermented Tea",1,Hannah Crum,0
3154,24944924,"The Big Book of Kombucha: Brewing, Flavoring, and Enjoying the Health Benefits of Fermented Tea",1,Alex LaGory,0
3155,27208950,"Smuggler's Cove: Exotic Cocktails, Rum, and the Cult of Tiki",1,Martin Cate,0
3155,27208950,"Smuggler's Cove: Exotic Cocktails, Rum, and the Cult of Tiki",1,Rebecca Cate,0
3156,28925236,Appetites: A Cookbook,1,Anthony Bourdain,0
3156,28925236,Appetites: A Cookbook,1,Laurie Woolever,0
3157,28260591,Run Fast. Eat Slow.,1,Shalane Flanagan,0
3157,28260591,Run Fast. Eat Slow.,1,Elyse Kopecky,0
3158,28962990,Deep Run Roots: Stories and Recipes from My Corner of the South,0,Vivian Howard,0
3159,25855506,Adulthood Is a Myth,0,Sarah Andersen,1
3160,28862528,"Saga, Volume 6",1,Brian K. Vaughan,1
3160,28862528,"Saga, Volume 6",1,Fiona Staples,1
3161,28508624,Ghosts,0,Raina Telgemeier,1
3162,27163013,"Ms. Marvel, Vol. 5: Super Famous",1,G. Willow Wilson,1
3162,27163013,"Ms. Marvel, Vol. 5: Super Famous",1,Takeshi Miyazawa,1
3162,27163013,"Ms. Marvel, Vol. 5: Super Famous",1,Saladin Ahmed,1
3163,25667474,"Orange: The Complete Collection, Volume 1",0,Ichigo Takano,0
3164,55883882,"Monstress, Volume 1: Awakening",1,Marjorie M. Liu,1
3164,55883882,"Monstress, Volume 1: Awakening",1,Sana Takeda,1
3165,27168412,Dark Night: A True Batman Story,1,Paul Dini,0
3165,27168412,Dark Night: A True Batman Story,1,Eduardo Risso,0
3166,25761329,"Lumberjanes, Vol. 3: A Terrible Plan",1,N.D. Stevenson,1
3166,25761329,"Lumberjanes, Vol. 3: A Terrible Plan",1,Shannon Watters,1
3166,25761329,"Lumberjanes, Vol. 3: A Terrible Plan",1,Casey Nowak,0
3167,28204534,"Paper Girls, Volume 1",1,Brian K. Vaughan,1
3167,28204534,"Paper Girls, Volume 1",1,Cliff Chiang,1
3167,28204534,"Paper Girls, Volume 1",1,Matt Wilson,1
3168,29812803,Black Panther (2016-2018) #1,1,Ta-Nehisi Coates,1
3168,29812803,Black Panther (2016-2018) #1,1,Brian Stelfreeze,0
3169,29990987,DC Universe: Rebirth (2016) #1,1,Geoff Johns,0
3169,29990987,DC Universe: Rebirth (2016) #1,1,Gary Frank,0
3169,29990987,DC Universe: Rebirth (2016) #1,1,Ethan Van Sciver,0
3170,28762820,"Rat Queens, Vol. 3: Demons",1,Kurtis J. Wiebe,1
3170,28762820,"Rat Queens, Vol. 3: Demons",1,Tess Fowler,0
3171,25853351,"The Wicked + The Divine, Vol. 3: Commercial Suicide",1,Kieron Gillen,1
3171,25853351,"The Wicked + The Divine, Vol. 3: Commercial Suicide",1,Jamie McKelvie,1
3171,25853351,"The Wicked + The Divine, Vol. 3: Commercial Suicide",1,Tula Lotay,0
3172,25618818,Rosalie Lightning: A Graphic Memoir,0,Tom Hart,0
3173,27163019,"The Vision, Vol. 1: Little Worse Than a Man",1,Tom King,1
3173,27163019,"The Vision, Vol. 1: Little Worse Than a Man",1,Gabriel Hernández Walta,1
3173,27163019,"The Vision, Vol. 1: Little Worse Than a Man",1,Jordie Bellaire,0
3174,27245604,Small Gods: A Discworld Graphic Novel,1,Terry Pratchett,1
3174,27245604,Small Gods: A Discworld Graphic Novel,1,Ray Friesen,0
3175,22694572,Something New: Tales from a Makeshift Bride,0,Lucy Knisley,1
3176,25652706,Patience,0,Daniel Clowes,1
3177,28862254,"White Sand, Volume 1",1,Brandon Sanderson,1
3177,28862254,"White Sand, Volume 1",1,Rik Hoskin,0
3177,28862254,"White Sand, Volume 1",1,Julius Gopez,0
3178,29436571,March: Book Three,1,John Lewis,1
3178,29436571,March: Book Three,1,Andrew Aydin,1
3178,29436571,March: Book Three,1,Nate Powell,1
3179,30075802,The Princess Saves Herself in This One,0,Amanda Lovelace,1
3180,29431081,The Universe of Us (Volume 4),0,Lang Leav,1
3181,26196204,Then Come Back: The Lost Neruda Poems,1,Pablo Neruda,0
3181,26196204,Then Come Back: The Lost Neruda Poems,1,Forrest Gander,0
3182,28871313,Graffiti,1,Savannah Brown,1
3182,28871313,Graffiti,1,Ed Stockham,0
3183,26031215,"Quarter Life Poetry: Poems for the Young, Broke and Hangry",0,Samantha Jayne,0
3184,25897953,Booked,0,Kwame Alexander,1
3185,25986828,Today Means Amen,0,Sierra DeMulder,0
3186,29996717,Beautiful And Damned,0,Robert M. Drake,1
3187,29059581,Stuff I've Been Feeling Lately,0,Alicia Cook,1
3188,30230550,La Douleur Exquise,0,J.R. Rogue,1
3189,29499443,Whiskey Words & a Shovel II,0,R.H. Sin,1
3190,30245389,Night Sky with Exit Wounds,0,Ocean Vuong,1
3191,28818619,Even This Page Is White,0,Vivek Shraya,0
3192,25746714,The Type,0,Sarah Kay,1
3193,30227846,Bitter Sweet Love,0,Michael Faudet,1
3194,28503713,The Rain in Portugal,0,Billy Collins,1
3195,28482146,Tales of a Receding Hairline,0,K.W. Peery,0
3196,26114310,Look: Poems,0,Solmaz Sharif,0
3197,29872928,Field Guide to the End of the World,0,Jeannine Hall Gailey,1
3198,25664566,The Darkening Trapeze: Last Poems,1,Larry Levis,0
3198,25664566,The Darkening Trapeze: Last Poems,1,David St. John,0
3201,25203675,The Star-Touched Queen,0,Roshani Chokshi,1
3204,31115325,Like a Boss,0,Logan Chance,0
3205,21979832,The Girl from Everywhere,0,Heidi Heilig,0
3207,28815371,The Mothers,0,Brit Bennett,1
3208,27015399,A Promise of Fire,0,Amanda Bouchet,0
3209,25064648,The Reader,0,Traci Chee,0
3211,30514112,The Sister,0,Louise Jensen,0
3212,26025588,Behold the Dreamers,0,Imbolo Mbue,0
3213,26530351,Here Comes the Sun,0,Nicole Y. Dennis-Benn,0
3214,22929602,What Belongs to You,0,Garth Greenwell,0
3216,28110139,The City Baker's Guide to Country Living,0,Louise Miller,0
3217,27037954,Center Ring,0,Nicole Waggoner,0
3218,29448966,"Beat the Rain: A dark, twisting 'fall out of love' story with an epic end you won’t see coming",0,Nigel Jay Cooper,0
3219,25614492,Salt to the Sea,0,Ruta Sepetys,1
3220,26721568,The Problem with Forever,0,Jennifer L. Armentrout,1
3221,28763485,The Sun Is Also a Star,0,Nicola Yoon,1
3222,29559363,A Thousand Boy Kisses,0,Tillie Cole,1
3223,17838528,The Unexpected Everything,0,Morgan Matson,1
3224,24529123,This Is Where It Ends,0,Marieke Nijkamp,0
3225,25486998,P.S. I Like You,0,Kasie West,1
3226,23272028,A Study in Charlotte,0,Brittany Cavallaro,1
3227,28686840,Holding Up the Universe,0,Jennifer Niven,1
3228,26156987,If I Was Your Girl,0,Meredith Russo,1
3229,25739107,The Serpent King,0,Jeff Zentner,1
3230,25785649,The Way I Used to Be,0,Amber Smith,0
3231,22692740,Symptoms of Being Human,0,Jeff Garvin,0
3232,25756328,Love & Gelato,0,Jenna Evans Welch,0
3233,25893582,Tell Me Three Things,0,Julie Buxbaum,0
3234,17928147,Walk the Edge,0,Katie McGarry,1
3235,25663637,When We Collided,0,Emery Lord,1
3236,28512548,The Female of the Species,0,Mindy McGinnis,0
3237,30065209,First Kiss,0,C.L. Stone,0
3238,25022128,Inferno,0,Catherine Doyle,0
3239,26073150,A Court of Mist and Fury,0,Sarah J. Maas,1
3240,25494343,Lady Midnight,0,Cassandra Clare,1
3241,28260587,Empire of Storms,0,Sarah J. Maas,1
3242,27840861,Crooked Kingdom,0,Leigh Bardugo,1
3243,17378527,The Raven King,0,Maggie Stiefvater,1
3244,23174274,Glass Sword,0,Victoria Aveyard,1
3245,26074181,The Crown,0,Kiera Cass,1
3246,15704486,Calamity,0,Brandon Sanderson,1
3247,18584855,Heartless,0,Marissa Meyer,1
3248,25558608,A Torch Against the Night,0,Sabaa Tahir,1
3249,27220730,We Are the Ants,0,Shaun David Hutchinson,0
3250,23308084,The Rose & the Dagger,0,Renée Ahdieh,1
3251,20443235,The Winner's Kiss,0,Marie Rutkoski,1
3252,27161189,United as One,0,Pittacus Lore,1
3253,25776221,Rebel of the Sands,0,Alwyn Hamilton,1
3254,29236299,Gemina,1,Amie Kaufman,1
3254,29236299,Gemina,1,Jay Kristoff,1
3254,29236299,Gemina,1,Marie Lu,1
3255,26795352,My Lady Jane,1,Cynthia Hand,1
3255,26795352,My Lady Jane,1,Brodi Ashton,0
3255,26795352,My Lady Jane,1,Jodi Meadows,0
3256,28588345,The Midnight Star,0,Marie Lu,1
3257,27190613,And I Darken,0,Kiersten White,1
3258,27064385,Ivory and Bone,0,Julie Eshbaugh,0
3259,26252859,The Hidden Oracle,0,Rick Riordan,1
3260,22098550,Pax,1,Sara Pennypacker,1
3260,22098550,Pax,1,Jon Klassen,1
3261,27904311,The Hammer of Thor,0,Rick Riordan,1
3262,27415451,An Author's Odyssey,0,Chris Colfer,1
3263,28110143,Furthermore,0,Tahereh Mafi,1
3264,17731927,Summerlost,0,Ally Condie,0
3265,25387393,Mr. Lemoncello's Library Olympics,0,Chris Grabenstein,1
3266,25817353,The Apprentice's Quest,0,Erin Hunter,1
3267,25937866,Raymie Nightingale,0,Kate DiCamillo,1
3268,13612965,The Bronze Key,1,Holly Black,1
3268,13612965,The Bronze Key,1,Cassandra Clare,1
3269,26026063,Wolf Hollow,0,Lauren Wolk,1
3270,25937857,Hour of the Bees,0,Lindsay Eagar,0
3271,23922381,The Creeping Shadow,0,Jonathan Stroud,1
3272,26030734,The Wild Robot,0,Peter Brown,1
3273,23203257,Lily and Dunkin,0,Donna Gephart,0
3274,25749841,Death Weavers (4),0,Brandon Mull,1
3275,25779100,Escaping Peril,0,Tui T. Sutherland,1
3276,25817074,All Rise for the Honorable Perry T. Cook,0,Leslie Connor,0
3277,26114421,The Dark Talent,0,Brandon Sanderson,1
3278,27833683,Dr. Fell and the Playground of Doom,0,David Neilsen,0
3279,27247476,The Thank You Book,0,Mo Willems,1
3280,28645670,They All Saw A Cat,0,Brendan Wenzel,0
3281,26030671,Are We There Yet?,0,Dan Santat,1
3282,28863341,What Do You Do With a Problem?,1,Kobi Yamada,1
3282,28863341,What Do You Do With a Problem?,1,Mae Besom,1
3283,25785760,"Ida, Always",1,Caron Levis,0
3283,25785760,"Ida, Always",1,Charles Santoso,0
3284,28686931,A Child of Books,1,Oliver Jeffers,1
3284,28686931,A Child of Books,1,Sam Winston,0
3285,25689038,Nobody Likes a Goblin,0,Ben Hatke,1
3286,28507895,"Ada Twist, Scientist: A Picture Book",1,Andrea Beaty,0
3286,28507895,"Ada Twist, Scientist: A Picture Book",1,David Roberts,0
3287,27064356,Otter Goes to School,0,Sam Garton,1
3288,28586748,We Found a Hat,0,Jon Klassen,1
3289,26244910,Thunder Boy Jr.,1,Sherman Alexie,1
3289,26244910,Thunder Boy Jr.,1,Yuyi Morales,0
3290,25332008,When Green Becomes Tomatoes: Poems for All Seasons,1,Julie Fogliano,1
3290,25332008,When Green Becomes Tomatoes: Poems for All Seasons,1,Julie Morstad,1
3291,25817352,Worm Loves Worm,1,J.J. Austrian,0
3291,25817352,Worm Loves Worm,1,Mike Curato,0
3292,25489475,Snappsy the Alligator,1,Julie Falatko,0
3292,25489475,Snappsy the Alligator,1,Tim Miller,0
3293,25689022,School's First Day of School,1,Adam Rex,1
3293,25689022,School's First Day of School,1,Christian Robinson,1
3294,25785644,"A Hungry Lion, or A Dwindling Assortment of Animals",0,Lucy Ruth Cummins,0
3295,24833423,Twenty Yawns,1,Jane Smiley,1
3295,24833423,Twenty Yawns,1,Lauren Castillo,0
3296,26031162,Flora and the Peacocks,0,Molly Idle,1
3297,28691962,King Baby,0,Kate Beaton,1
3298,25897837,Maybe Something Beautiful: How Art Transformed a Neighborhood,1,Rafael López,1
3298,25897837,Maybe Something Beautiful: How Art Transformed a Neighborhood,1,F. Isabel Campoy,0
3298,25897837,Maybe Something Beautiful: How Art Transformed a Neighborhood,1,Theresa Howell,0
3299,24817626,Go Set a Watchman,0,Harper Lee,0
3300,24941288,After You,0,Jojo Moyes,1
3301,22875451,The Royal We,1,Heather Cocks,1
3301,22875451,The Royal We,1,Jessica Morgan,1
3302,22822858,A Little Life,0,Hanya Yanagihara,1
3303,23604559,My Grandmother Asked Me to Tell You She's Sorry,1,Fredrik Backman,1
3303,23604559,My Grandmother Asked Me to Tell You She's Sorry,1,Henning Koch,0
3304,24612118,Fates and Furies,0,Lauren Groff,1
3305,22716194,Inside the O'Briens,0,Lisa Genova,1
3306,23209971,Girl at War,0,Sara Nović,1
3307,23602562,Our Souls at Night,0,Kent Haruf,0
3308,23417396,Trail of Broken Wings,0,Sejal Badani,0
3309,23398961,The Sound of Glass,0,Karen White,0
3310,23398625,Kitchens of the Great Midwest,0,J. Ryan Stradal,0
3311,21853633,First Frost,0,Sarah Addison Allen,1
3312,22217702,The Secret Wisdom of the Earth,0,Christopher Scotton,0
3313,24452249,Did You Ever Have a Family,0,Bill Clegg,0
3314,23447506,When the Moon is Low,0,Nadia Hashimi,1
3315,22318507,A Spool of Blue Thread,0,Anne Tyler,0
3316,23901089,The Perfect Son,0,Barbara Claypole White,0
3317,21535546,Signs Preceding the End of the World,1,Yuri Herrera,0
3317,21535546,Signs Preceding the End of the World,1,Lisa Dillman,0
3318,23754479,Purity,0,Jonathan Franzen,1
3319,22557272,The Girl on the Train,0,Paula Hawkins,1
3320,23492589,Finders Keepers,0,Stephen King,1
3321,25735012,Career of Evil,0,Robert Galbraith,1
3322,22571696,Obsession in Death,0,J.D. Robb,1
3323,25465056,Pretty Girls,0,Karin Slaughter,1
3324,25379213,Marrow,0,Tarryn Fisher,1
3325,24586590,The Nature of the Beast,0,Louise Penny,1
3326,23460947,The English Spy,0,Daniel Silva,1
3327,21489683,Die Again,0,Tess Gerritsen,1
3328,22571540,The Stranger,0,Harlan Coben,1
3329,21437200,Mr. Kiss and Tell,1,Rob Thomas,1
3329,21437200,Mr. Kiss and Tell,1,Jennifer Graham,1
3330,23153154,Memory Man,0,David Baldacci,1
3331,20892558,Lamentation,0,C.J. Sansom,0
3332,25074850,The Girl in the Spider's Web,0,David Lagercrantz,0
3333,20767918,The Escape,0,David Baldacci,1
3334,21936809,The Kind Worth Killing,0,Peter Swanson,0
3335,23281640,Gathering Prey,0,John Sandford,1
3336,23602561,The Cartel,0,Don Winslow,0
3337,21874813,As Chimney Sweepers Come to Dust,0,Alan Bradley,1
3338,22609317,Luckiest Girl Alive,0,Jessica Knoll,1
3339,21853621,The Nightingale,0,Kristin Hannah,1
3340,3722183,A God in Ruins,0,Kate Atkinson,1
3341,23209927,At the Water's Edge,0,Sara Gruen,0
3342,22609433,Rebel Queen,0,Michelle Moran,1
3343,23899174,In the Unlikely Event,0,Judy Blume,0
3344,22450859,The Boston Girl,0,Anita Diamant,0
3345,22544024,Secrets of a Charmed Life,0,Susan Meissner,0
3346,23492741,The Marriage of Opposites,0,Alice Hoffman,1
3347,23995231,Circling the Sun,0,Paula McLain,1
3348,22221136,A Desperate Fortune,0,Susanna Kearsley,1
3349,22571629,The Architect's Apprentice,0,Elif Shafak,1
3350,25106953,The Taming of the Queen,0,Philippa Gregory,1
3351,22609128,The Lake House,0,Kate Morton,1
3352,23014759,Letters to the Lost,0,Iona Grey,0
3353,22635858,The Bookseller,0,Cynthia Swanson,0
3354,22543480,Epitaph,0,Mary Doria Russell,1
3355,24611868,The Gilded Hour,0,Sara Donati,0
3356,22585891,Mademoiselle Chanel,0,C.W. Gortner,0
3357,23719378,Girl Waits with Gun,0,Amy Stewart,1
3358,22929476,Flood of Fire,0,Amitav Ghosh,0
3359,22522808,Trigger Warning: Short Fictions and Disturbances,0,Neil Gaiman,1
3360,22055262,A Darker Shade of Magic,0,Victoria E. Schwab,1
3361,16065004,Shadows of Self,0,Brandon Sanderson,1
3362,17333171,Magic Shifts,0,Ilona Andrews,1
3363,24876258,The Aeronaut's Windlass,0,Jim Butcher,1
3364,23157777,Fool's Quest,0,Robin Hobb,1
3365,21457243,Vision in Silver,0,Anne Bishop,1
3366,22571699,Dead Heat,0,Patricia Briggs,1
3367,12444297,Burned,0,Karen Marie Moning,1
3368,19161852,The Fifth Season,0,N.K. Jemisin,1
3369,22698568,The Invasion of the Tearling,0,Erika Johansen,1
3370,23398677,The Liar's Key,0,Mark Lawrence,1
3371,22522805,The Buried Giant,0,Kazuo Ishiguro,1
3372,24435364,Yield the Night,0,Annette Marie,0
3373,13630171,The Skull Throne,0,Peter V. Brett,1
3374,17901125,The Mime Order,0,Samantha Shannon,1
3375,20883847,The Autumn Republic,0,Brian McClellan,1
3376,24969093,Recurve,0,Shannon Mayer,0
3377,23431347,Boundary Crossed,0,Melissa F. Olson,0
3378,22055280,The Providence of Fire,0,Brian Staveley,1
3379,22609310,Confess,0,Colleen Hoover,1
3380,25644601,Grey,0,E.L. James,1
3381,22571583,The Shadows,0,J.R. Ward,1
3382,24920901,The Deal,0,Elle Kennedy,1
3383,17876893,Captivated by You,0,Sylvia Day,1
3384,23356038,Wicked,0,Jennifer L. Armentrout,1
3385,23341855,Ride Steady,0,Kristen Ashley,1
3386,20665087,The Secret of Pembrooke Park,0,Julie Klassen,0
3387,22717015,Beautiful Redemption,0,Jamie McGuire,1
3388,17828895,Never Judge a Lady by Her Cover,0,Sarah MacLean,1
3389,23281906,The Liar,0,Nora Roberts,1
3390,23252517,The Law of Moses,0,Amy Harmon,1
3391,26072113,Souls Unfractured,0,Tillie Cole,1
3392,21853679,Deep,0,Kylie Scott,1
3393,26137513,Him,1,Sarina Bowen,1
3393,26137513,Him,1,Elle Kennedy,1
3394,23398680,Hero,0,Samantha Young,1
3395,26721257,The Air He Breathes,0,Brittainy C. Cherry,1
3396,26783347,Hollywood Dirt,0,Alessandra Torre,1
3397,22675992,Thoughtful,0,S.C. Stephens,1
3398,25205070,Consolation,0,Corinne Michaels,0
3399,20697410,Golden Son,0,Pierce Brown,1
3400,22826126,Seveneves,0,Neal Stephenson,1
3401,24388326,The Heart Goes Last,0,Margaret Atwood,1
3402,23129410,Welcome to Night Vale,1,Joseph Fink,0
3402,23129410,Welcome to Night Vale,1,Jeffrey Cranor,0
3403,23209924,The Water Knife,0,Paolo Bacigalupi,0
3404,16278318,Armada,0,Ernest Cline,1
3405,25134015,Star Wars: Aftermath,0,Chuck Wendig,1
3406,24819470,Ancillary Mercy,0,Ann Leckie,1
3407,23168809,The End of All Things,0,John Scalzi,1
3408,23164927,The Fold,0,Peter Clines,1
3409,25400043,Nemesis Games,0,James S.A. Corey,1
3410,26771521,Beacon 23,0,Hugh Howey,1
3411,23168817,The Dark Forest,1,Liu Cixin,1
3411,23168817,The Dark Forest,1,Joel Martinsen,1
3412,21412172,Strands of Sorrow,0,John Ringo,1
3413,24876178,Warship,0,Joshua Dalzelle,0
3414,20424928,Apex,0,Ramez Naam,0
3415,24911173,BrainWeb,0,Douglas E. Richards,0
3416,23470865,Angles of Attack,0,Marko Kloos,1
3417,23431348,King of Thieves,0,Evan Currie,1
3418,23197269,Aurora,0,Kim Stanley Robinson,1
3419,21538202,Saint Odd,0,Dean Koontz,1
3420,23398606,Alice,0,Christina Henry,1
3421,20454635,The Last American Vampire,0,Seth Grahame-Smith,0
3422,24499258,Slade House,0,David Mitchell,1
3423,23573808,Thicker Than Blood,1,Madeline Sheehan,0
3423,23573808,Thicker Than Blood,1,Claire C. Riley,0
3424,23553419,The Ice Twins,0,S.K. Tremayne,0
3425,24040551,The Night Sister,0,Jennifer McMahon,1
3426,24833801,Follow You Home,0,Mark Edwards,1
3427,23019294,A Head Full of Ghosts,0,Paul Tremblay,1
3428,23634011,Rolling in the Deep,0,Mira Grant,1
3429,23614038,Twisted,0,Andrew E. Kaufman,0
3430,23014674,The Scarlet Gospels,0,Clive Barker,0
3431,26269034,Suicide Forest,0,Jeremy Bates,0
3432,25909020,Abomination,0,Gary Whitta,0
3433,24000506,The Annihilation Score,0,Charles Stross,1
3434,25481524,The Border,0,Robert McCammon,0
3435,23377679,Blood Infernal,1,James Rollins,1
3435,23377679,Blood Infernal,1,Rebecca Cantrell,1
3436,24156733,Extinction Horizon,0,Nicholas Sansbury Smith,1
3437,21412284,The Deep,0,Nick Cutter,1
3438,23341590,Day Four,0,Sarah Lotz,1
3439,22716447,Why Not Me?,0,Mindy Kaling,1
3440,23705512,You're Never Weird on the Internet,1,Felicia Day,1
3440,23705512,You're Never Weird on the Internet,1,Joss Whedon,1
3441,23848559,Furiously Happy: A Funny Book About Horrible Things,0,Jenny Lawson,1
3442,25246752,Binge,0,Tyler Oakley,0
3443,23492688,"Yes, My Accent Is Real: and Some Other Things I Haven't Told You",0,Kunal Nayyar,0
3444,22926684,The Fangirl's Guide to the Galaxy: A Handbook for Girl Geeks,0,Sam Maggs,1
3445,22886110,I Hate Myselfie: A Collection of Essays,0,Shane Dawson,1
3446,25489156,The Amazing Book is Not on Fire: The World of Dan and Phil,1,Daniel Howell,1
3446,25489156,The Amazing Book is Not on Fire: The World of Dan and Phil,1,Phil Lester,1
3447,22934474,"Fat Girl Walking: Sex, Food, Love, and Being Comfortable in Your Skin...Every Inch of It",0,Brittany Gibbons,0
3448,24885622,Selp-Helf,0,Miranda Sings,0
3449,21822422,"We Should Hang Out Sometime: Embarrassingly, a True Story",0,Josh Sundquist,0
3450,23281915,You Deserve a Drink: Boozy Misadventures and Tales of Debauchery,1,Grace Helbig,1
3450,23281915,You Deserve a Drink: Boozy Misadventures and Tales of Debauchery,1,Mamrie Hart,0
3451,23398854,I Regret Nothing,0,Jen Lancaster,1
3452,17571672,Silver Screen Fiend: Learning About Life from an Addiction to Film,0,Patton Oswalt,1
3453,22609614,Has Anyone Seen My Pants?,0,Sarah Colonna,0
3454,23399025,The Seven Good Years,1,Etgar Keret,0
3454,23399025,The Seven Good Years,1,Sondra Silverston,0
3454,23399025,The Seven Good Years,1,Miriam Shlesinger,0
3455,23604325,Gumption: Relighting the Torch of Freedom with America's Gutsiest Troublemakers,0,Nick Offerman,1
3456,25716705,This Book Loves You,0,PewDiePie,0
3457,21412229,The Misadventures of Awkward Black Girl,0,Issa Rae,0
3458,23884396,Sick in the Head: Conversations About Life and Comedy,0,Judd Apatow,1
3459,23453112,Modern Romance,1,Aziz Ansari,0
3459,23453112,Modern Romance,1,Eric Klinenberg,0
3460,24019187,Humans of New York: Stories,0,Brandon Stanton,0
3461,24453082,Big Magic: Creative Living Beyond Fear,0,Elizabeth Gilbert,1
3462,25489625,Between the World and Me,0,Ta-Nehisi Coates,1
3463,22668844,H Is for Hawk,0,Helen Macdonald,1
3464,24911006,Missoula: Rape and the Justice System in a College Town,0,Jon Krakauer,1
3465,23164968,"Pirate Hunters: Treasure, Obsession, and the Search for a Legendary Pirate Ship",0,Robert Kurson,1
3466,22571552,So You've Been Publicly Shamed,0,Jon Ronson,1
3467,23647129,For the Love: Fighting for Grace in a World of Impossible Standards,0,Jen Hatmaker,1
3468,23317538,Rising Strong: The Reckoning. The Rumble. The Revolution,0,Brené Brown,1
3469,13153693,Ghettoside: A True Story of Murder in America,0,Jill Leovy,0
3470,22208267,Guantánamo Diary,1,Mohamedou Ould Slahi,0
3470,22208267,Guantánamo Diary,1,Larry Siems,0
3471,22859551,The Crossroads of Should and Must: Find and Follow Your Passion,0,Elle Luna,0
3472,20613724,The Unspeakable: And Other Subjects of Discussion,0,Meghan Daum,0
3473,22889767,Better Than Before: Mastering the Habits of Our Everyday Lives,0,Gretchen Rubin,0
3474,22237163,One of Us: The Story of Anders Breivik and the Massacre in Norway,1,Åsne Seierstad,0
3474,22237163,One of Us: The Story of Anders Breivik and the Massacre in Norway,1,Sarah Death,0
3475,22875447,Work Rules!: Insights from Inside Google That Will Transform How You Live and Lead,0,Laszlo Bock,0
3476,22245552,Chasing the Scream: The First and Last Days of the War on Drugs,0,Johann Hari,1
3477,23019295,When to Rob a Bank: ...And 131 More Warped Suggestions and Well-Intended Rants,1,Steven D. Levitt,1
3477,23019295,When to Rob a Bank: ...And 131 More Warped Suggestions and Well-Intended Rants,1,Stephen J. Dubner,1
3478,22551809,The Road to Character,0,David Brooks,1
3479,22886113,A Work in Progress,0,Connor Franta,0
3480,22886112,In Real Life: My Journey to a Pixelated World,0,Joey Graceffa,0
3481,23462662,"American Wife: Love, War, Faith, and Renewal",1,Taya Kyle,0
3481,23462662,"American Wife: Love, War, Faith, and Renewal",1,Jim DeFelice,0
3482,25362017,The Girl with Seven Names: A North Korean Defector’s Story,1,Hyeonseo Lee,0
3482,25362017,The Girl with Seven Names: A North Korean Defector’s Story,1,David John,0
3483,24728470,M Train,0,Patti Smith,1
3484,23280252,My Fight / Your Fight,1,Ronda Rousey,0
3484,23280252,My Fight / Your Fight,1,Maria Burns Ortiz,0
3485,22571757,It's What I Do: A Photographer's Life of Love and War,0,Lynsey Addario,0
3486,23399022,Hope: A Memoir of Survival in Cleveland,1,Amanda Berry,0
3486,23399022,Hope: A Memoir of Survival in Cleveland,1,Gina DeJesus,0
3486,23399022,Hope: A Memoir of Survival in Cleveland,1,Mary Jordan,0
3487,23281694,Every Day I Fight,1,Stuart Scott,0
3487,23281694,Every Day I Fight,1,Larry Platt,0
3488,23341862,Blackout: Remembering the Things I Drank to Forget,0,Sarah Hepola,0
3489,22574709,"Searching for Sunday: Loving, Leaving, and Finding the Church",0,Rachel Held Evans,0
3490,22875097,Born with Teeth,0,Kate Mulgrew,0
3491,23846010,If You Feel Too Much: Thoughts on Things Found and Lost and Hoped For,1,Donald Miller,1
3491,23846010,If You Feel Too Much: Thoughts on Things Found and Lost and Hoped For,1,Jamie Tworkowski,0
3492,25074727,"All I Know Now: Wonderings and Advice on Making Friends, Making Mistakes, Falling in (and out of) Love, and Other Adventures in Growing Up Hopefully",0,Carrie Hope Fletcher,0
3493,22609522,"Red Notice: A True Story of High Finance, Murder, and One Man's Fight for Justice",0,Bill Browder,0
3494,23215469,Down the Rabbit Hole: Curious Adventures and Cautionary Tales of a Former Playboy Bunny,0,Holly Madison,0
3495,22929741,The Argonauts,0,Maggie Nelson,0
3496,22889766,Spinster: Making a Life of One's Own,0,Kate Bolick,0
3497,22693211,Girl in a Band,0,Kim Gordon,0
3498,17416934,Scary Close: Dropping the Act and Finding True Intimacy,0,Donald Miller,1
3499,22551730,Dead Wake: The Last Crossing of the Lusitania,0,Erik Larson,1
3500,24819449,"The Witches: Salem, 1692",0,Stacy Schiff,1
3501,22609391,The Wright Brothers,0,David McCullough,1
3502,23287193,Born Survivors,0,Wendy Holden,0
3503,22212838,Pioneer Girl: The Annotated Autobiography,1,Laura Ingalls Wilder,0
3503,22212838,Pioneer Girl: The Annotated Autobiography,1,Pamela Smith Hill,0
3504,22715829,When Books Went to War: The Stories that Helped Us Win World War II,0,Molly Guptill Manning,0
3505,22294061,Romantic Outlaws: The Extraordinary Lives of Mary Wollstonecraft and Her Daughter Mary Shelley,0,Charlotte Gordon,0
3506,20890478,Ravensbrück: Life and Death in Hitler's Concentration Camp for Women,0,Sarah Helm,0
3507,23492799,The Oregon Trail: A New American Journey,0,Rinker Buck,0
3508,23399020,Nagasaki: Life After Nuclear War,0,Susan Southard,0
3509,22889768,"The Quartet: Orchestrating the Second American Revolution, 1783-1789",0,Joseph J. Ellis,0
3510,23463183,The Billion Dollar Spy: A True Story of Cold War Espionage and Betrayal,0,David E. Hoffman,0
3511,23019289,Ashley's War: The Untold Story of a Team of Women Soldiers on the Special Ops Battlefield,0,Gayle Tzemach Lemmon,1
3512,23719479,Rosemary: The Hidden Kennedy Daughter,0,Kate Clifford Larson,0
3513,25622302,"The Dead Duke, His Secret Wife, and the Missing Corpse: An Extraordinary Edwardian Case of Deception and Intrigue",0,Piu Marie Eatwell,0
3514,25630085,Killing Reagan,0,Bill O'Reilly,1
3515,22537682,"A Kim Jong-Il Production: The Extraordinary True Story of a Kidnapped Filmmaker, His Star Actress, and a Young Dictator's Rise to Power",0,Paul Fischer,0
3516,22856189,Legend: The Incredible Story of Green Beret Sergeant Roy Benavidez's Heroic Mission to Rescue a Special Forces Team Caught Behind Enemy Lines,0,Eric Blehm,1
3517,24602886,Lafayette in the Somewhat United States,0,Sarah Vowell,1
3518,22693222,The Residence: Inside the Private World of the White House,0,Kate Andersen Brower,1
3519,23014804,"Beneath the Surface: Killer Whales, SeaWorld, and the Truth Beyond Blackfish",1,John Hargrove,0
3519,23014804,"Beneath the Surface: Killer Whales, SeaWorld, and the Truth Beyond Blackfish",1,Howard Chua-Eoan,0
3520,22856166,Headstrong: 52 Women Who Changed Science-and the World,0,Rachel Swaby,0
3521,23615703,Voices in the Ocean: A Journey into the Wild and Haunting World of Dolphins,0,Susan Casey,0
3522,23214337,"Forensics: What Bugs, Burns, Prints, DNA and More Tell Us About Crime",0,Val McDermid,0
3523,22609341,Come as You Are: The Surprising New Science that Will Transform Your Sex Life,0,Emily Nagoski,1
3524,25541028,"Elon Musk: Tesla, SpaceX, and the Quest for a Fantastic Future",0,Ashlee Vance,0
3525,22609348,What Stands in a Storm: Three Days in the Worst Superstorm to Hit the South's Tornado Alley,1,Kim Cross,0
3525,22609348,What Stands in a Storm: Three Days in the Worst Superstorm to Hit the South's Tornado Alley,1,Rick Bragg,0
3526,24972194,On the Move: A Life,0,Oliver Sacks,1
3527,22875118,Brain Maker: The Power of Gut Microbes to Heal and Protect Your Brain for Life,1,David Perlmutter,1
3527,22875118,Brain Maker: The Power of Gut Microbes to Heal and Protect Your Brain for Life,1,Kristin Loberg,1
3528,23013953,Gut: The Inside Story of Our Body's Most Underrated Organ,1,Giulia Enders,0
3528,23013953,Gut: The Inside Story of Our Body's Most Underrated Organ,1,Jill Enders,0
3529,23398715,"How Music Got Free: The End of an Industry, the Turn of the Century, and the Patient Zero of Piracy",0,Stephen Richard Witt,0
3530,22320456,Beyond Words: What Animals Think and Feel,0,Carl Safina,1
3531,22318382,Becoming Steve Jobs: The Evolution of a Reckless Upstart into a Visionary Leader,1,Brent Schlender,0
3531,22318382,Becoming Steve Jobs: The Evolution of a Reckless Upstart into a Visionary Leader,1,Rick Tetzeli,0
3532,22609485,The Soul of an Octopus: A Surprising Exploration into the Wonder of Consciousness,0,Sy Montgomery,0
3533,22522293,The Brain's Way of Healing: Remarkable Discoveries and Recoveries from the Frontiers of Neuroplasticity,0,Norman Doidge,0
3534,22609444,"Bold: How to Go Big, Create Wealth and Impact the World",1,Peter H. Diamandis,1
3534,22609444,"Bold: How to Go Big, Create Wealth and Impact the World",1,Steven Kotler,1
3535,22318398,Future Crimes,0,Marc Goodman,0
3536,20518979,"Spare Parts: Four Undocumented Teenagers, One Ugly Robot, and the Battle for the American Dream",0,Joshua Davis,0
3537,22514020,NeuroTribes: The Legacy of Autism and the Future of Neurodiversity,1,Oliver Sacks,1
3537,22514020,NeuroTribes: The Legacy of Autism and the Future of Neurodiversity,1,Steve Silberman,0
3538,22822881,Rain: A Natural and Cultural History,0,Cynthia Barnett,0
3539,24903909,"The Pioneer Woman Cooks: Dinnertime: Comfort Classics, Freezer Food, 16-Minute Meals, and Other Delicious Ways to Solve Supper!",0,Ree Drummond,1
3540,25434355,The Nerdy Nummies Cookbook: Sweet Treats for the Geek in All of Us,0,Rosanna Pansino,1
3541,22217718,Chocolate-Covered Katie: Over 80 Delicious Recipes That Are Secretly Good for You,0,Katie Higgins,0
3542,22716562,Food52 Genius Recipes: 100 Recipes That Will Change the Way You Cook,1,Kristen Miglore,0
3542,22716562,Food52 Genius Recipes: 100 Recipes That Will Change the Way You Cook,1,Amanda Hesser,0
3542,22716562,Food52 Genius Recipes: 100 Recipes That Will Change the Way You Cook,1,Merrill Stubbs,0
3543,20590683,"Life from Scratch: A Memoir of Food, Family, and Forgiveness",0,Sasha Martin,0
3544,23453036,The Whole30: The 30-Day Guide to Total Health and Food Freedom,1,Melissa Urban,1
3544,23453036,The Whole30: The 30-Day Guide to Total Health and Food Freedom,1,Dallas Hartwig,1
3545,24477075,The Complete Vegetarian Cookbook,0,America's Test Kitchen,1
3546,20484545,It Was Me All Along,0,Andie Mitchell,1
3547,22609354,The Dorito Effect: The Surprising New Truth About Food and Flavor,0,Mark Schatzker,0
3548,20862694,"But I Could Never Go Vegan!: 125 Recipes That Prove You Can Live Without Cheese, It’s Not All Rabbit Food, and Your Friends Will Still Come Over for Dinner",0,Kristy Turner,0
3549,22609287,"Deliciously Ella: 100+ Easy, Healthy, and Delicious Plant-Based, Gluten-Free Recipes",0,Ella Woodward,0
3550,22716561,Franklin Barbecue: A Meat-Smoking Manifesto [A Cookbook],1,Aaron Franklin,0
3550,22716561,Franklin Barbecue: A Meat-Smoking Manifesto [A Cookbook],1,Jordan Mackay,0
3551,23258002,Vegan Richa's Indian Kitchen: Traditional and Creative Recipes for the Home Cook,0,Richa Hingle,0
3552,22529434,"Living the Farm Sanctuary Life: The Ultimate Guide to Eating Mindfully, Living Longer, and Feeling Better Every Day",1,Gene Baur,0
3552,22529434,"Living the Farm Sanctuary Life: The Ultimate Guide to Eating Mindfully, Living Longer, and Feeling Better Every Day",1,Gene Stone,0
3553,18796085,Epic Tomatoes: How to Select and Grow the Best Varieties of All Time,0,Craig Lehoullier,0
3554,23316499,Pig Tales: An Omnivore's Quest for Sustainable Meat,0,Barry Estabrook,1
3555,24861842,The Food Lab: Better Home Cooking Through Science,0,J. Kenji López-Alt,0
3556,22299976,"The Bulletproof Diet: Lose up to a Pound a Day, Reclaim Energy and Focus, Upgrade Your Life",1,Dave Asprey,0
3556,22299976,"The Bulletproof Diet: Lose up to a Pound a Day, Reclaim Energy and Focus, Upgrade Your Life",1,J.J. Virgin,0
3557,24388414,My Kitchen Year: 136 Recipes That Saved My Life,0,Ruth Reichl,1
3558,22511157,Bon Appetempt: A Coming-of-Age Story,0,Amelia P. Morris,0
3559,23093367,"Saga, Volume 4",1,Brian K. Vaughan,1
3559,23093367,"Saga, Volume 4",1,Fiona Staples,1
3560,23131088,Nimona,0,N.D. Stevenson,1
3561,22716573,"Attack on Titan, Vol. 15",0,Hajime Isayama,1
3562,23017947,"Ms. Marvel, Vol. 2: Generation Why",1,G. Willow Wilson,1
3562,23017947,"Ms. Marvel, Vol. 2: Generation Why",1,Jamie McKelvie,1
3562,23017947,"Ms. Marvel, Vol. 2: Generation Why",1,Jake Wyatt,0
3563,23546848,"Thor, Vol. 1: The Goddess of Thunder",1,Jason Aaron,1
3563,23546848,"Thor, Vol. 1: The Goddess of Thunder",1,Russell Dauterman,0
3564,22554204,"Lumberjanes, Vol. 1: Beware the Kitten Holy",1,N.D. Stevenson,1
3564,22554204,"Lumberjanes, Vol. 1: Beware the Kitten Holy",1,Shannon Watters,1
3564,22554204,"Lumberjanes, Vol. 1: Beware the Kitten Holy",1,Grace Ellis,0
3565,23294727,"Sunstone, Vol. 1",0,Stjepan Šejić,1
3566,23848561,"Step Aside, Pops",0,Kate Beaton,1
3567,22822839,The Thrilling Adventures of Lovelace and Babbage,0,Sydney Padua,0
3568,22237290,"Hawkeye, Volume 4: Rio Bravo",1,Matt Fraction,1
3568,22237290,"Hawkeye, Volume 4: Rio Bravo",1,Francesco Francavilla,0
3569,23012877,"Rat Queens, Vol. 2: The Far Reaching Tentacles of N'rygoth",1,Kurtis J. Wiebe,1
3569,23012877,"Rat Queens, Vol. 2: The Far Reaching Tentacles of N'rygoth",1,Roc Upchurch,1
3569,23012877,"Rat Queens, Vol. 2: The Far Reaching Tentacles of N'rygoth",1,Stjepan Šejić,1
3570,23228585,"Sex Criminals, Vol. 2: Two Worlds, One Cop",1,Matt Fraction,1
3570,23228585,"Sex Criminals, Vol. 2: Two Worlds, One Cop",1,Chip Zdarsky,1
3571,18310944,The Sandman: Overture,1,Neil Gaiman,1
3571,18310944,The Sandman: Overture,1,J.H. Williams III,1
3571,18310944,The Sandman: Overture,1,Todd Klein,0
3572,25898265,Username: Evie,0,Joe Sugg,1
3573,24666002,"The Wicked + The Divine, Vol. 2: Fandemonium",1,Kieron Gillen,1
3573,24666002,"The Wicked + The Divine, Vol. 2: Fandemonium",1,Jamie McKelvie,1
3573,24666002,"The Wicked + The Divine, Vol. 2: Fandemonium",1,Matt Wilson,1
3574,21535713,Soppy,0,Philippa Rice,0
3575,23732096,"The Unbeatable Squirrel Girl, Vol. 1: Squirrel Power",1,Ryan North,1
3575,23732096,"The Unbeatable Squirrel Girl, Vol. 1: Squirrel Power",1,Erica Henderson,0
3575,23732096,"The Unbeatable Squirrel Girl, Vol. 1: Squirrel Power",1,Maris Wicks,0
3576,22504701,Roller Girl,0,Victoria Jamieson,1
3577,22487952,March: Book Two,1,John Lewis,1
3577,22487952,March: Book Two,1,Andrew Aydin,1
3577,22487952,March: Book Two,1,Nate Powell,1
3578,22040598,The Sculptor,0,Scott McCloud,0
3579,25784766,The Dogs I Have Kissed,0,Trista Mateer,1
3580,25330489,Memories,0,Lang Leav,1
3581,25241872,Pop Sonnets: Shakespearean Spins on Your Favorite Songs,0,Erik Didriksen,0
3582,25384844,Black Butterfly,0,Robert M. Drake,1
3583,25144676,I Wrote This for You and Only You,1,Iain S. Thomas,1
3583,25144676,I Wrote This for You and Only You,1,Jon Ellis,1
3584,23627418,Dirty Pretty Things,0,Michael Faudet,1
3585,23705600,Catalog of Unabashed Gratitude,0,Ross Gay,0
3586,25052044,Bipolar Cowboy,0,Noah Cicero,0
3587,23522212,Mouthful of Forevers,0,Clementine von Radics,0
3588,21936830,Dark Sparkler,0,Amber Tamblyn,0
3589,21532793,War of the Foxes,0,Richard Siken,0
3590,24611522,Felicity,0,Mary Oliver,1
3591,22571682,How to Be Drawn,0,Terrance Hayes,1
3592,23333016,Pansy,0,Andrea Gibson,1
3593,24611612,All the Words Are Yours: Haiku on Love,0,Tyler Knott Gregson,1
3594,23678552,Psychaotic: See The World In Red And Black,0,Irum Zahra,0
3595,25410663,Naked Human,0,Christopher Poindexter,0
3596,23129928,What About This: Collected Poems of Frank Stanford,1,Dean Young,1
3596,23129928,What About This: Collected Poems of Frank Stanford,1,Frank Stanford,0
3596,23129928,What About This: Collected Poems of Frank Stanford,1,Michael Wiegers,0
3597,23526332,The Robot Scientist's Daughter,0,Jeannine Hall Gailey,1
3598,24924948,Dark Desires: Beginning,0,Delicious David,0
3606,24908399,The Hurricane,0,R.J. Prescott,0
3608,25413371,The Strongest Steel,0,Scarlett Cole,0
3609,24128264,The Mason List,0,S.D. Hendrickson,0
3611,22875103,The Fishermen,0,Chigozie Obioma,0
3612,25687508,In the Middle of Somewhere,0,Roan Parrish,0
3613,22859573,Orhan's Inheritance,0,Aline Ohanesian,0
3614,23281919,Circus Mirandus,0,Cassie Beasley,0
3615,23363928,The Library at Mount Char,0,Scott Hawkins,0
3617,23016075,Three Simple Rules,0,Nikki Sloane,0
3618,22749796,Dietland,0,Sarai Walker,1
3619,18460392,All the Bright Places,0,Jennifer Niven,1
3620,20698530,P.S. I Still Love You,0,Jenny Han,1
3621,23009402,Saint Anything,0,Sarah Dessen,1
3622,18879761,I Was Here,0,Gayle Forman,1
3623,19547856,Simon vs. the Homo Sapiens Agenda,0,Becky Albertalli,1
3624,18692431,"Everything, Everything",1,Nicola Yoon,1
3624,18692431,"Everything, Everything",1,David Yoon,1
3625,23305614,Finding Audrey,0,Sophie Kinsella,1
3626,23492282,Nowhere But Here,0,Katie McGarry,1
3627,25452125,Wild Reckless,0,Ginger Scott,0
3628,21921204,Mosquitoland,0,David Arnold,0
3629,22328549,My Heart and Other Black Holes,0,Jasmine Warga,1
3630,17661416,Made You Up,0,Francesca Zappia,1
3631,24885704,Until Friday Night,0,Abbi Glines,1
3632,21469068,I'll Meet You There,0,Heather Demetrios,0
3633,23341894,Every Last Word,0,Tamara Ireland Stone,0
3634,17285330,The Last Time We Say Goodbye,0,Cynthia Hand,1
3635,19542841,More Happy Than Not,0,Adam Silvera,1
3636,18304322,Dumplin',0,Julie Murphy,1
3637,18660447,The Fill-In Boyfriend,0,Kasie West,1
3638,21853636,All the Rage,0,Courtney Summers,1
3639,18006496,Queen of Shadows,0,Sarah J. Maas,1
3640,23734628,Carry On,1,Rainbow Rowell,1
3640,23734628,Carry On,1,Jim Tierney,1
3641,13206900,Winter,0,Marissa Meyer,1
3642,22328546,Red Queen,0,Victoria Aveyard,1
3643,23019291,The Heir,0,Kiera Cass,1
3644,16096824,A Court of Thorns and Roses,0,Sarah J. Maas,1
3645,22544764,Uprooted,0,Naomi Novik,1
3646,15704459,Firefight,0,Brandon Sanderson,1
3647,23437156,Six of Crows,0,Leigh Bardugo,1
3648,20560137,An Ember in the Ashes,0,Sabaa Tahir,1
3649,18798983,The Wrath and the Dawn,0,Renée Ahdieh,1
3650,24120519,Library of Souls,0,Ransom Riggs,1
3651,18748007,Dead of Winter,0,Kresley Cole,1
3652,8709528,The Ruby Circle,0,Richelle Mead,1
3653,21469060,The Winner's Crime,0,Marie Rutkoski,1
3654,21569527,The Heart of Betrayal,0,Mary E. Pearson,1
3655,23901077,End of Days,0,Susan Ee,0
3656,20958632,The Darkest Part of the Forest,0,Holly Black,1
3657,20821149,Gathering Darkness,0,Morgan Rhodes,1
3658,23395680,Illuminae,1,Amie Kaufman,1
3658,23395680,Illuminae,1,Jay Kristoff,1
3659,15724396,The Sword of Summer,0,Rick Riordan,1
3660,18004320,The Last Ever After,0,Soman Chainani,1
3661,23657459,Beyond the Kingdoms,0,Chris Colfer,1
3662,23507745,Serafina and the Black Cloak,0,Robert Beatty,1
3663,24612624,Melissa,0,Alex Gino,0
3664,23197620,The Isle of the Lost,0,Melissa de la Cruz,1
3665,23399197,A Handful of Stars,0,Cynthia Lord,0
3666,24396876,The Thing About Jellyfish,0,Ali Benjamin,0
3667,20912424,The War That Saved My Life,0,Kimberly Brubaker Bradley,1
3668,22402972,Fish in a Tree,0,Lynda Mullaly Hunt,1
3669,22693811,The Penderwicks in Spring,0,Jeanne Birdsall,1
3670,23615709,Goodbye Stranger,0,Rebecca Stead,1
3671,22749539,Echo,0,Pam Muñoz Ryan,0
3672,20759572,Rogue Knight,0,Brandon Mull,1
3673,23566909,The Marvels,0,Brian Selznick,1
3674,22571259,The Honest Truth,0,Dan Gemeinhart,1
3675,13612962,The Copper Gauntlet,1,Holly Black,1
3675,13612962,The Copper Gauntlet,1,Cassandra Clare,1
3676,18114578,The Evertree,0,Marie Lu,1
3677,23310699,Crenshaw,0,Katherine Applegate,1
3678,24397043,The Hollow Boy,0,Jonathan Stroud,1
3679,23310161,The Day the Crayons Came Home,1,Drew Daywalt,1
3679,23310161,The Day the Crayons Came Home,1,Oliver Jeffers,1
3680,21469062,Winnie: The True Story of the Bear Who Inspired Winnie-the-Pooh,1,Sally M. Walker,0
3680,21469062,Winnie: The True Story of the Bear Who Inspired Winnie-the-Pooh,1,Jonathan D. Voss,0
3681,23341903,I Will Take a Nap!,0,Mo Willems,1
3682,24968109,What Pet Should I Get?,0,Dr. Seuss,0
3683,23604390,The Princess and the Pony,0,Kate Beaton,1
3684,20663085,Goodnight Already!,1,Jory John,1
3684,20663085,Goodnight Already!,1,Benji Davies,0
3685,22635853,If You Plant a Seed,0,Kadir Nelson,1
3686,22249668,Red: A Crayon's Story,0,Michael Hall,1
3687,22484277,I Wish You More,1,Amy Krouse Rosenthal,1
3687,22484277,I Wish You More,1,Tom Lichtenheld,1
3688,22750286,Sidewalk Flowers,1,JonArno Lawson,0
3688,22750286,Sidewalk Flowers,1,Sydney Smith,0
3689,20307024,Wolfie the Bunny,1,Ame Dyckman,1
3689,20307024,Wolfie the Bunny,1,Zachariah OHora,0
3690,22747803,Mesmerized: How Ben Franklin Solved a Mystery that Baffled All of France,1,Iacopo Bruno,1
3690,22747803,Mesmerized: How Ben Franklin Solved a Mystery that Baffled All of France,1,Mara Rockliff,0
3691,22926713,This Is Sadie,1,Julie Morstad,1
3691,22926713,This Is Sadie,1,Sara O'Leary,0
3692,22521973,Last Stop on Market Street,1,Matt de la Peña,1
3692,22521973,Last Stop on Market Street,1,Christian Robinson,1
3693,23395099,Your Baby's First Word Will Be DADA,1,Jimmy Fallon,1
3693,23395099,Your Baby's First Word Will Be DADA,1,Miguel Ordóñez,0
3694,22875394,Interstellar Cinderella,1,Deborah Underwood,1
3694,22875394,Interstellar Cinderella,1,Meg Hunt,0
3695,14823980,"A Fine Dessert: Four Centuries, Four Families, One Delicious Treat",1,Emily Jenkins,1
3695,14823980,"A Fine Dessert: Four Centuries, Four Families, One Delicious Treat",1,Sophie Blackall,1
3696,22934455,Otter in Space,0,Sam Garton,1
3697,23309640,Float,0,Daniel Miyares,0
3698,23735067,Waiting,0,Kevin Henkes,1
3699,18081809,Landline,0,Rainbow Rowell,1
3700,19486412,Big Little Lies,0,Liane Moriarty,1
3701,18293427,The Storied Life of A.J. Fikry,0,Gabrielle Zevin,1
3702,18693716,One Plus One,0,Jojo Moyes,1
3703,18816603,Leaving Time,0,Jodi Picoult,1
3704,20819685,The Bone Clocks,0,David Mitchell,1
3705,19288239,Colorless Tsukuru Tazaki and His Years of Pilgrimage,1,Haruki Murakami,1
3705,19288239,Colorless Tsukuru Tazaki and His Years of Pilgrimage,1,Philip Gabriel,1
3706,22642472,Stone Mattress: Nine Tales,0,Margaret Atwood,1
3707,20170404,Station Eleven,0,Emily St. John Mandel,1
3708,18505784,The Pearl That Broke Its Shell,0,Nadia Hashimi,1
3709,18513565,Lila,0,Marilynne Robinson,0
3710,13481275,Lost Lake,0,Sarah Addison Allen,1
3711,18465852,The Book of Unknown Americans,0,Cristina Henríquez,1
3712,18114068,Redeployment,0,Phil Klay,0
3713,18467818,An Untamed State,0,Roxane Gay,1
3714,18507827,The Sleepwalker's Guide to Dancing,0,Mira Jacob,1
3715,21965107,The Children Act,0,Ian McEwan,1
3716,17884042,Still Life with Bread Crumbs,0,Anna Quindlen,1
3717,18090147,The Enchanted,0,Rene Denfeld,0
3718,19322249,Tigerman,0,Nick Harkaway,1
3719,18775247,Mr. Mercedes,0,Stephen King,1
3720,18214414,The Silkworm,1,Robert Galbraith,1
3720,18214414,The Silkworm,1,J.K. Rowling,1
3721,18209454,The Thousand-Dollar Tan Line,1,Rob Thomas,1
3721,18209454,The Thousand-Dollar Tan Line,1,Jennifer Graham,1
3722,20821249,Festive in Death,0,J.D. Robb,1
3723,19004663,Top Secret Twenty-One,0,Janet Evanovich,1
3724,19561922,The Long Way Home,0,Louise Penny,1
3725,20821043,The Secret Place,0,Tana French,1
3726,19101283,The Son,1,Jo Nesbø,1
3726,19101283,The Son,1,Charlotte Barslund,0
3727,18144124,I Am Pilgrim,0,Terry Hayes,0
3728,17834904,The Dead in Their Vaulted Arches,0,Alan Bradley,1
3729,18114060,Missing You,0,Harlan Coben,1
3730,17333227,The Gods of Guilt,0,Michael Connelly,1
3731,18505832,Natchez Burning,0,Greg Iles,1
3732,18812405,The Good Girl,0,Mary Kubica,1
3733,20736539,In the Blood,0,Lisa Unger,1
3734,20263040,Personal,0,Lee Child,1
3735,18353714,The Target,0,David Baldacci,1
3736,20454672,Mean Streak,0,Sandra Brown,0
3737,18209468,The Weight of Blood,0,Laura McHugh,0
3738,17934463,Runner,0,Patrick Lee,1
3739,18143977,All the Light We Cannot See,0,Anthony Doerr,1
3740,18079776,The Invention of Wings,0,Sue Monk Kidd,1
3741,11389875,Edge of Eternity,0,Ken Follett,1
3742,18232495,The Auschwitz Escape,0,Joel C. Rosenberg,0
3743,18498569,The Miniaturist,0,Jessie Burton,0
3744,18144053,The Museum of Extraordinary Things,0,Alice Hoffman,1
3745,18404427,China Dolls,0,Lisa See,1
3746,18775398,The King's Curse,0,Philippa Gregory,1
3747,20821087,The Paying Guests,0,Sarah Waters,0
3748,18693929,Doll-baby,0,Laura Lane McNeal,0
3749,18079806,A King's Ransom,0,Sharon Kay Penman,1
3750,18775356,Wayfaring Stranger,0,James Lee Burke,0
3751,18467802,Euphoria,0,Lily King,1
3752,20587777,Some Luck,0,Jane Smiley,1
3753,18667976,The Secret Life of Violet Grant,0,Beatriz Williams,1
3754,18090082,A Burnable Book,0,Bruce Holsinger,1
3755,18295858,Frog Music,0,Emma Donoghue,1
3756,19322250,The Narrow Road to the Deep North,0,Richard Flanagan,0
3757,17934498,My Name is Resolute,0,Nancy E. Turner,0
3758,20026466,I Shall Be Near to You,0,Erin Lindsay McCabe,0
3759,16054217,The Book of Life,0,Deborah Harkness,1
3760,17332218,Words of Radiance,0,Brandon Sanderson,1
3761,19486421,Skin Game,0,Jim Butcher,1
3762,21535271,The Slow Regard of Silent Things,1,Patrick Rothfuss,1
3762,21535271,The Slow Regard of Silent Things,1,Nate Taylor,0
3763,19103097,The Magician's Land,0,Lev Grossman,1
3764,17562900,Night Broken,0,Patricia Briggs,1
3765,10357792,Up from the Grave,0,Jeaniene Frost,1
3766,20426917,The Witch with No Name,0,Kim Harrison,1
3767,12119529,Magic Breaks,0,Ilona Andrews,1
3768,20174424,City of Stairs,0,Robert Jackson Bennett,1
3769,18693743,Prince of Fools,0,Mark Lawrence,1
3770,12652457,The Broken Eye,0,Brent Weeks,1
3771,18712886,The Queen of the Tearling,0,Erika Johansen,1
3772,19288321,Fool's Assassin,0,Robin Hobb,1
3773,17563080,Murder of Crows,0,Anne Bishop,1
3774,17910048,The Goblin Emperor,0,Katherine Addison,0
3775,17910124,The Emperor's Blades,0,Brian Staveley,1
3776,16280678,Shattered,0,Kevin Hearne,1
3777,18138189,Tower Lord,0,Anthony Ryan,0
3778,20299849,Traitor's Blade,0,Sebastien de Castell,0
3779,11710373,Written in My Own Heart's Blood,0,Diana Gabaldon,1
3780,24445517,Maybe Someday,0,Colleen Hoover,1
3781,18108281,The King,0,J.R. Ward,1
3782,17788401,Ugly Love,0,Colleen Hoover,1
3783,20639274,Archer's Voice,0,Mia Sheridan,0
3784,18104607,Beautiful Oblivion,0,Jamie McGuire,1
3785,20603820,The Will,0,Kristen Ashley,1
3786,17159944,Shield of Winter,0,Nalini Singh,1
3787,16247792,Gabriel's Redemption,0,Sylvain Reynard,1
3788,17880714,Crashed,0,K. Bromberg,0
3789,18052985,Romancing the Duke,0,Tessa Dare,1
3790,20421367,Raw,0,Belle Aurora,0
3791,20504754,Transcendence,0,Shay Savage,0
3792,19059695,The Backup Boyfriend,0,River Jaymes,0
3793,22843341,Stepbrother Dearest,0,Penelope Ward,1
3794,19095025,Play,0,Kylie Scott,1
3795,18304765,Fighting Redemption,0,Kate McCarthy,0
3796,18775297,Sweet Filthy Boy,0,Christina Lauren,1
3797,18115061,Before Jamaica Lane,0,Samantha Young,1
3798,23110403,Black Lies,0,Alessandra Torre,1
3799,18007564,The Martian,0,Andy Weir,1
3800,21418013,Lock In,0,John Scalzi,1
3801,20509356,Sand,0,Hugh Howey,1
3802,18295861,The First Fifteen Lives of Harry August,0,Claire North,0
3803,18586487,The Long Mars,1,Terry Pratchett,1
3803,18586487,The Long Mars,1,Stephen Baxter,1
3804,17934530,Annihilation,0,Jeff VanderMeer,1
3805,23214943,Apolonia,0,Jamie McGuire,1
3806,18114057,Influx,0,Daniel Suarez,1
3807,18774020,California,0,Edan Lepucki,0
3808,18490707,Earth Awakens,1,Orson Scott Card,1
3808,18490707,Earth Awakens,1,Aaron Johnston,1
3809,20706284,Ancillary Sword,0,Ann Leckie,1
3810,18079705,The Flight of the Silvers,0,Daniel Price,0
3811,18656030,Cibola Burn,0,James S.A. Corey,1
3812,18295835,Heaven's Queen,0,Rachel Bach,0
3813,20797535,A Better World,0,Marcus Sakey,1
3814,18691070,World of Trouble,0,Ben H. Winters,1
3815,18692689,Out of the Black,0,Evan Currie,1
3816,18318651,To Honor You Call Us,0,H. Paul Honsinger,0
3817,19084955,Hollow World,0,Michael J. Sullivan,1
3818,18476102,Lines of Departure,0,Marko Kloos,1
3819,21412673,Prince Lestat,0,Anne Rice,1
3820,17235026,The Girl with All the Gifts,0,M.R. Carey,1
3821,18773627,The City,0,Dean Koontz,1
3822,18007535,The Winter People,0,Jennifer McMahon,1
3823,18498558,Bird Box,0,Josh Malerman,1
3824,18144171,The Wolf in Winter,0,John Connolly,1
3825,19433029,Code Zero,0,Jonathan Maberry,1
3826,18089930,Innocent Blood,1,James Rollins,1
3826,18089930,Innocent Blood,1,Rebecca Cantrell,1
3827,8087710,Pandemic,0,Scott Sigler,1
3828,18775169,Monster Hunter Nemesis,0,Larry Correia,1
3829,18114136,Silence for the Dead,0,Simone St. James,1
3830,22892496,Dust to Dust,0,Karina Halle,1
3831,20423680,The Last Town,0,Blake Crouch,1
3832,13129925,Horrorstör,0,Grady Hendrix,1
3833,19485109,The Purge of Babylon,0,Sam Sisavath,0
3834,20706269,Broken Monsters,0,Lauren Beukes,1
3835,19346407,The Getaway God,0,Richard Kadrey,1
3836,18211295,The Rhesus Chart,0,Charles Stross,1
3837,17571466,The Troop,0,Nick Cutter,1
3838,18453110,The Three,0,Sarah Lotz,1
3839,20910157,Yes Please,0,Amy Poehler,0
3840,20170296,Neil Patrick Harris: Choose Your Own Autobiography,0,Neil Patrick Harris,1
3841,18775203,Rusty Nailed,0,Alice Clayton,1
3842,18730154,"My Drunk Kitchen: A Guide to Eating, Drinking, and Going with Your Gut",0,Hannah Hart,1
3843,20588698,"Not That Kind of Girl: A Young Woman Tells You What She's ""Learned""",1,Lena Dunham,0
3843,20588698,"Not That Kind of Girl: A Young Woman Tells You What She's ""Learned""",1,Joana Avillez,0
3844,18089900,The Serpent of Venice,0,Christopher Moore,1
3845,18283020,William Shakespeare's The Empire Striketh Back,0,Ian Doescher,1
3846,18248422,"People I Want to Punch in the Throat: Competitive Crafters, Drop-Off Despots, and Other Suburban Scourges",0,Jen Mann,1
3847,18246733,Shame on You,0,Tara Sivec,1
3848,18127101,Uganda Be Kidding Me,0,Chelsea Handler,1
3849,20926077,The Terrible and Wonderful Reasons Why I Run Long Distances (Volume 5),0,Matthew Inman,1
3850,17159009,Never Have I Ever: My Life (So Far) Without a Date,0,Katie Heaney,0
3851,18007533,One More Thing: Stories and Other Stories,0,B.J. Novak,1
3852,20876097,Tied,0,Emma Chase,1
3853,22168240,Grace's Guide: The Art of Pretending to Be a Grown-up,0,Grace Helbig,1
3854,18168478,"The Amazing Thing About the Way It Goes: Stories of Tidiness, Self-Esteem and Other Things I Gave Up On",0,Stephanie Pearl-McPhee,0
3855,20697471,Food: A Love Story,0,Jim Gaffigan,1
3856,21546166,Passion and Ponies,0,Tara Sivec,1
3857,17857647,How to Fight Presidents: Defending Yourself Against the Badasses Who Ran This Country,0,Daniel O'Brien,0
3858,22442697,Decker's Wood,0,Kirsty Dallas,0
3859,18170549,The Opposite of Loneliness: Essays and Stories,0,Marina Keegan,0
3860,21413662,What If?: Serious Scientific Answers to Absurd Hypothetical Questions,0,Randall Munroe,1
3861,18077802,The Underground Girls of Kabul: In Search of a Hidden Resistance in Afghanistan,0,Jenny Nordberg,0
3862,18813642,Bad Feminist,0,Roxane Gay,1
3863,17978489,"The Future of the Mind: The Scientific Quest to Understand, Enhance, and Empower the Mind",0,Michio Kaku,1
3864,18667884,One Nation: What We Can All Do to Save America's Future,1,Ben Carson,0
3864,18667884,One Nation: What We Can All Do to Save America's Future,1,Candy Carson,0
3865,17910054,The Sixth Extinction: An Unnatural History,0,Elizabeth Kolbert,1
3866,18505796,10% Happier,0,Dan Harris,0
3867,18774981,Waking Up: A Guide to Spirituality Without Religion,0,Sam Harris,1
3868,18528190,Men Explain Things to Me,0,Rebecca Solnit,0
3869,20696006,Being Mortal: Medicine and What Matters in the End,0,Atul Gawande,0
3870,21856367,"The Innovators: How a Group of Hackers, Geniuses and Geeks Created the Digital Revolution",0,Walter Isaacson,1
3871,18213403,"No Place to Hide: Edward Snowden, the NSA, and the U.S. Surveillance State",0,Glenn Greenwald,0
3872,18774002,"The Tale of the Dueling Neurosurgeons: The History of the Human Brain as Revealed by True Stories of Trauma, Madness, and Recovery",0,Sam Kean,1
3873,17383921,All Joy and No Fun: The Paradox of Modern Parenthood,0,Jennifer Senior,0
3874,18505802,"Console Wars: Sega, Nintendo, and the Battle that Defined a Generation",0,Blake J. Harris,0
3875,17834864,The Divide: American Injustice in the Age of the Wealth Gap,1,Matt Taibbi,0
3875,17834864,The Divide: American Injustice in the Age of the Wealth Gap,1,Molly Crabapple,0
3876,21913812,This Changes Everything: Capitalism vs. The Climate,0,Naomi Klein,1
3877,17934655,The Empathy Exams,0,Leslie Jamison,0
3878,21480734,Dataclysm: Who We Are,0,Christian Rudder,0
3879,17675031,This Star Won't Go Out: The Life and Words of Esther Grace Earl,1,Esther Earl,0
3879,17675031,This Star Won't Go Out: The Life and Words of Esther Grace Earl,1,Lori Earl,0
3879,17675031,This Star Won't Go Out: The Life and Words of Esther Grace Earl,1,Wayne Earl,0
3880,21412202,As You Wish: Inconceivable Tales from the Making of The Princess Bride,1,Cary Elwes,0
3880,21412202,As You Wish: Inconceivable Tales from the Making of The Princess Bride,1,Rob Reiner,0
3880,21412202,As You Wish: Inconceivable Tales from the Making of The Princess Bride,1,Joe Layden,0
3881,20604350,Not My Father's Son,0,Alan Cumming,0
3882,18296165,Everybody's Got Something,1,Veronica Chambers,1
3882,18296165,Everybody's Got Something,1,Robin Roberts,0
3883,18779662,A Fighting Chance,0,Elizabeth Warren,0
3884,18667753,Popular: Vintage Wisdom for a Modern Geek,0,Maya Van Wagenen,0
3885,17727276,Hard Choices,0,Hillary Rodham Clinton,1
3886,20663702,Smoke Gets in Your Eyes: And Other Lessons from the Crematory,0,Caitlin Doughty,1
3887,20257122,"Finding Me: A Decade of Darkness, a Life Reclaimed - A Memoir of the Cleveland Kidnappings",1,Michelle Burford,1
3887,20257122,"Finding Me: A Decade of Darkness, a Life Reclaimed - A Memoir of the Cleveland Kidnappings",1,Michelle Knight,0
3888,18630531,My Salinger Year,0,Joanna Rakoff,0
3889,17910544,Glitter and Glue,0,Kelly Corrigan,1
3890,19335733,Something Other than God: How I Passionately Sought Happiness and Accidentally Found It,0,Jennifer Fulwiler,0
3891,18453268,Stronger,1,Bret Witter,1
3891,18453268,Stronger,1,Jeff Bauman,0
3892,18144064,Love Life,0,Rob Lowe,1
3893,18144031,"Redefining Realness: My Path to Womanhood, Identity, Love & So Much More",0,Janet Mock,0
3894,20736640,"Dear Leader: Poet, Spy, Escapee - A Look Inside North Korea",1,Jang Jin-sung,0
3894,20736640,"Dear Leader: Poet, Spy, Escapee - A Look Inside North Korea",1,Shirley Lee,0
3895,21424655,"Life, Animated: A Story of Sidekicks, Heroes, and Autism",0,Ron Suskind,0
3896,18498559,Tibetan Peach Pie: A True Account of an Imaginative Life,0,Tom Robbins,0
3897,18490752,Duty: Memoirs of a Secretary at War,0,Robert M. Gates,0
3898,17857652,Little Failure,0,Gary Shteyngart,0
3899,18404173,The Romanov Sisters: The Lost Lives of the Daughters of Nicholas and Alexandra,0,Helen Rappaport,0
3900,18679391,"Liar, Temptress, Soldier, Spy: Four Women Undercover in the Civil War",0,Karen Abbott,0
3901,18778170,Joss Whedon: The Biography,1,Amy Pascale,0
3901,18778170,Joss Whedon: The Biography,1,Nathan Fillion,0
3902,22381892,Killing Patton: The Strange Death of World War II's Most Audacious General,1,Bill O'Reilly,1
3902,22381892,Killing Patton: The Strange Death of World War II's Most Audacious General,1,Martin Dugard,1
3903,19500064,The Woman Who Would Be King: Hatshepsut's Rise to Power in Ancient Egypt,0,Kara Cooney,0
3904,18775337,Sally Ride: America's First Woman in Space,0,Lynn Sherr,0
3905,20897517,In the Kingdom of Ice: The Grand and Terrible Polar Voyage of the USS Jeannette,0,Hampton Sides,1
3906,18453086,Michael Jordan: The Life,0,Roland Lazenby,0
3907,18775365,The Short and Tragic Life of Robert Peace: A Brilliant Young Man Who Left Newark for the Ivy League,0,Jeff Hobbs,0
3908,17697447,The Kid: The Immortal Life of Ted Williams,0,Ben Bradlee Jr.,0
3909,18527222,Grandma Gatewood's Walk: The Inspiring Story of the Woman Who Saved the Appalachian Trail,0,Ben Montgomery,0
3910,18691058,Elephant Company: The Inspiring Story of an Unlikely Hero and the Animals Who Helped Him Save Lives in World War II,0,Vicki Constantine Croke,0
3911,18773666,A Spy Among Friends: Kim Philby and the Great Betrayal,1,Ben Macintyre,1
3911,18773666,A Spy Among Friends: Kim Philby and the Great Betrayal,1,John Le Carré,0
3912,18373198,The Good Spy: The Life and Death of Robert Ames,0,Kai Bird,0
3913,18085481,"Astoria: John Jacob Astor and Thomas Jefferson's Lost Pacific Empire: A Story of Wealth, Ambition, and Survival",0,Peter Stark,0
3914,18693728,The Mockingbird Next Door: Life with Harper Lee,0,Marja Mills,0
3915,18089996,"Savage Harvest: A Tale of Cannibals, Colonialism, and Michael Rockefeller's Tragic Quest for Primitive Art",0,Carl Hoffman,0
3916,21420139,Mission at Nuremberg: An American Army Chaplain and the Trial of the Nazis,0,Tim Townsend,0
3917,18310279,Fierce Patriot: The Tangled Lives of William Tecumseh Sherman,0,Robert L. O'Connell,0
3918,18114047,Five Came Back: A Story of Hollywood and the Second World War,0,Mark Harris,0
3919,18667945,#Girlboss,0,Sophia Amoruso,0
3920,17331349,Think Like a Freak,1,Steven D. Levitt,1
3920,17331349,Think Like a Freak,1,Stephen J. Dubner,1
3921,18077903,"Creativity, Inc.: Overcoming the Unseen Forces That Stand in the Way of True Inspiration",1,Ed Catmull,0
3921,18077903,"Creativity, Inc.: Overcoming the Unseen Forces That Stand in the Way of True Inspiration",1,Amy Wallace,0
3922,19598139,The Promise of a Pencil: How an Ordinary Person Can Create Extraordinary Change,0,Adam Braun,0
3923,20604826,Flash Boys,0,Michael Lewis,1
3924,18290401,Show Your Work!: 10 Ways to Share Your Creativity and Get Discovered,0,Austin Kleon,1
3925,18736925,Capital in the Twenty First Century,1,Thomas Piketty,0
3925,18736925,Capital in the Twenty First Century,1,Arthur Goldhammer,0
3926,23158207,How Google Works,1,Eric Schmidt,0
3926,23158207,How Google Works,1,Jonathan Rosenberg,0
3927,17934399,"Overwhelmed: Work, Love, and Play When No One Has the Time",0,Brigid Schulte,0
3928,16144853,Leaders Eat Last: Why Some Teams Pull Together and Others Don't,0,Simon Sinek,0
3929,22668729,Hooked: How to Build Habit-Forming Products,1,Nir Eyal,1
3929,22668729,Hooked: How to Build Habit-Forming Products,1,Ryan Hoover,0
3930,18774017,"Factory Man: How One Furniture Maker Battled Offshoring, Stayed Local - and Helped Save an American Town",0,Beth Macy,1
3931,18594634,"Thrive: The Third Metric to Redefining Success and Creating a Life of Well-Being, Wisdom, and Wonder",0,Arianna Huffington,0
3932,18176747,The Hard Thing About Hard Things: Building a Business When There Are No Easy Answers,0,Ben Horowitz,0
3933,19173266,Write. Publish. Repeat.,1,Sean Platt,0
3933,19173266,Write. Publish. Repeat.,1,Johnny B. Truant,0
3934,18050143,"Zero to One: Notes on Startups, or How to Build the Future",1,Peter Thiel,0
3934,18050143,"Zero to One: Notes on Startups, or How to Build the Future",1,Blake Masters,0
3935,20613671,Economics: The User's Guide,0,Ha-Joon Chang,0
3936,18668059,The Obstacle Is the Way: The Timeless Art of Turning Trials into Triumph,0,Ryan Holiday,1
3937,18077875,Essentialism: The Disciplined Pursuit of Less,0,Greg McKeown,0
3938,17899438,Young Money: Inside the Hidden World of Wall Street's Post-Crash Recruits,0,Kevin Roose,0
3939,20697389,Make It Ahead: A Barefoot Contessa Cookbook,0,Ina Garten,1
3940,18209508,My Paris Kitchen: Recipes and Stories,0,David Lebovitz,0
3941,20696032,Thug Kitchen: Eat Like You Give a F*ck,0,Thug Kitchen,0
3942,18090093,"100 Days of Real Food: How We Did It, What We Learned, and 100 Easy, Wholesome Recipes Your Family Will Love",0,Lisa Leake,0
3943,17924086,Nom Nom Paleo: Food for Humans,1,Michelle Tam,1
3943,17924086,Nom Nom Paleo: Food for Humans,1,Henry Fong,1
3944,18079651,The Oh She Glows Cookbook: Over 100 Vegan Recipes to Glow from the Inside Out,0,Angela Liddon,1
3945,18693752,Burnt Toast Makes You Sing Good: A Memoir of Food and Love from an American Midwest Family,0,Kathleen Flinn,1
3946,18797098,The How Can It Be Gluten Free Cookbook: Revolutionary Techniques. Groundbreaking Recipes.,0,America's Test Kitchen,1
3947,18142414,Sous Chef: 24 Hours on the Line,0,Michael Gibney,0
3948,18144099,"Delancey: A Man, a Woman, a Restaurant, a Marriage",0,Molly Wizenberg,0
3949,18144094,"Eating Wildly: Foraging for Life, Love and the Perfect Meal",0,Ava Chin,0
3950,17383031,The 21-Day Sugar Detox Cookbook: Over 100 Recipes for Any Program Level,0,Diane Sanfilippo,1
3951,18667790,The Third Plate: Field Notes on the Future of Food,0,Dan Barber,0
3952,20740509,10-Day Green Smoothie Cleanse: Lose Up to 15 Pounds in 10 Days!,0,J.J. Smith,0
3953,18090101,"The Calorie Myth: How to Eat More and Exercise Less, Lose Weight, and Live Better",0,Jonathan Bailor,0
3954,18054967,"Death by Food Pyramid: How Shoddy Science, Sketchy Politics and Shady Special Interests Have Ruined Our Health",0,Denise Minger,0
3955,18778878,"Eat the Yolks: Discover Paleo, Fight Food Lies, and Reclaim Your Health",1,Diane Sanfilippo,1
3955,18778878,"Eat the Yolks: Discover Paleo, Fight Food Lies, and Reclaim Your Health",1,Liz Wolfe,0
3956,20707953,"The Skinnytaste Cookbook: Light on Calories, Big on Flavor",1,Gina Homolka,1
3956,20707953,"The Skinnytaste Cookbook: Light on Calories, Big on Flavor",1,Heather K. Jones,1
3957,20691056,Plenty More: Vibrant Vegetable Cooking from London's Ottolenghi,0,Yotam Ottolenghi,1
3958,21412262,"The Pollan Family Table: The Best Recipes and Kitchen Wisdom for Delicious, Healthy Family Meals",1,Lori Pollan,1
3958,21412262,"The Pollan Family Table: The Best Recipes and Kitchen Wisdom for Delicious, Healthy Family Meals",1,Dana Pollan,1
3958,21412262,"The Pollan Family Table: The Best Recipes and Kitchen Wisdom for Delicious, Healthy Family Meals",1,Corky Pollan,0
3959,21532236,Leaves on the Wind,1,Joss Whedon,1
3959,21532236,Leaves on the Wind,1,Fábio Moon,1
3959,21532236,Leaves on the Wind,1,Daniel Dos Santos,1
3960,19358975,"Saga, Volume 3",1,Brian K. Vaughan,1
3960,19358975,"Saga, Volume 3",1,Fiona Staples,1
3961,18687079,"Avatar: The Last Airbender - The Rift, Part 1",1,Gene Luen Yang,1
3961,18687079,"Avatar: The Last Airbender - The Rift, Part 1",1,Michael Dante DiMartino,1
3961,18687079,"Avatar: The Last Airbender - The Rift, Part 1",1,Bryan Konietzko,1
3962,18339834,"Batman, Volume 4: Zero Year – Secret City",1,Scott Snyder,1
3962,18339834,"Batman, Volume 4: Zero Year – Secret City",1,Greg Capullo,1
3963,19138879,"Attack on Titan: No Regrets, Vol. 1",1,Hajime Isayama,1
3963,19138879,"Attack on Titan: No Regrets, Vol. 1",1,Hikaru Suruga,0
3963,19138879,"Attack on Titan: No Regrets, Vol. 1",1,Gan Sunaaku,0
3964,16164271,"Locke & Key, Vol. 6: Alpha & Omega",1,Joe Hill,1
3964,16164271,"Locke & Key, Vol. 6: Alpha & Omega",1,Gabriel Rodríguez,1
3965,21433253,Pride & Prejudice,1,Stacy King,0
3965,21433253,Pride & Prejudice,1,Po Tse,0
3965,21433253,Pride & Prejudice,1,Jane Austen,0
3966,18594409,Can't We Talk about Something More Pleasant?,0,Roz Chast,0
3967,20256612,Tomboy: A Graphic Memoir,0,Liz Prince,0
3968,19536001,"Sex Criminals, Vol. 1: One Weird Trick",1,Matt Fraction,1
3968,19536001,"Sex Criminals, Vol. 1: One Weird Trick",1,Chip Zdarsky,1
3969,18373313,"Wonder Woman, Volume 4: War",1,Brian Azzarello,1
3969,18373313,"Wonder Woman, Volume 4: War",1,Cliff Chiang,1
3969,18373313,"Wonder Woman, Volume 4: War",1,Goran Sudžuka,0
3970,20898019,"Ms. Marvel, Vol. 1: No Normal",1,G. Willow Wilson,1
3970,20898019,"Ms. Marvel, Vol. 1: No Normal",1,Adrian Alphona,1
3970,20898019,"Ms. Marvel, Vol. 1: No Normal",1,Ian Herring,0
3971,18659623,Through the Woods,0,Emily Carroll,0
3972,20299683,"Rat Queens, Vol. 1: Sass & Sorcery",1,Kurtis J. Wiebe,1
3972,20299683,"Rat Queens, Vol. 1: Sass & Sorcery",1,Roc Upchurch,1
3973,18465566,This One Summer,1,Mariko Tamaki,1
3973,18465566,This One Summer,1,Jillian Tamaki,1
3974,19536000,"Chew, Vol. 8: Family Recipes",1,John Layman,1
3974,19536000,"Chew, Vol. 8: Family Recipes",1,Rob Guillory,1
3975,20575446,In Real Life,1,Jen Wang,1
3975,20575446,In Real Life,1,Cory Doctorow,0
3976,18465601,The Shadow Hero,1,Gene Luen Yang,1
3976,18465601,The Shadow Hero,1,Sonny Liew,0
3976,18465601,The Shadow Hero,1,Janice Chang,0
3977,20638291,"Pretty Deadly, Vol. 1: The Shrike",1,Kelly Sue DeConnick,1
3977,20638291,"Pretty Deadly, Vol. 1: The Shrike",1,Emma Ríos,1
3978,22151696,Lullabies (Volume 2),0,Lang Leav,1
3979,20483085,"Poisoned Apples: Poems for You, My Pretty",0,Christine Heppermann,0
3980,20175409,His Day Is Done: A Nelson Mandela Tribute,0,Maya Angelou,1
3981,18144035,Poems That Make Grown Men Cry: 100 Men on the Words That Move Them,1,Anthony Holden,0
3981,18144035,Poems That Make Grown Men Cry: 100 Men on the Words That Move Them,1,Ben Holden,0
3982,20821097,Chasers of the Light: Poems from the Typewriter Series,0,Tyler Knott Gregson,1
3983,18288210,No Matter the Wreckage: Poems,0,Sophia Janowitz,1
3984,20821239,Blue Horses,0,Mary Oliver,1
3985,21327039,You Can Make Anything Sad,0,Spencer Madsen,0
3986,18722774,Motherland Fatherland Homelandsexuals,0,Patricia Lockwood,1
3987,17934511,I Am the Beggar of the World: Landays from Contemporary Afghanistan,1,Eliza Griswold,0
3987,17934511,I Am the Beggar of the World: Landays from Contemporary Afghanistan,1,Seamus Murphy,0
3988,19230408,I Wrote This For You: Just the Words,1,Iain S. Thomas,1
3988,19230408,I Wrote This For You: Just the Words,1,Jon Ellis,1
3989,22618173,What We Buried,0,Caitlyn Siehl,0
3990,20613761,Citizen: An American Lyric,0,Claudia Rankine,0
3991,18295863,Letter Composed During a Lull in the Fighting,0,Kevin Powers,0
3992,21852315,Jessica's Journal: A Book of Poetry,0,Kathryn Perez,0
3993,22523971,Nejma,0,Nayyirah Waheed,1
3994,20702539,Prelude to Bruise,0,Saeed Jones,1
3995,18406279,The Pedestrians,0,Rachel Zucker,0
3996,17937655,Seam,0,Tarfia Faizullah,0
3997,19288242,Gabriel: A Poem,0,Edward Hirsch,0
3999,15839984,Cruel Beauty,0,Rosamund Hodge,0
4000,22028454,Sweet Addiction,0,J. Daniels,0
4002,16068341,The Truth About Alice,0,Jennifer Mathieu,1
4004,18053060,Dorothy Must Die,0,Danielle Paige,0
4005,18693763,Everything I Never Told You,0,Celeste Ng,1
4007,17926775,Stolen Songbird,0,Danielle L. Jensen,1
4008,20625686,Full Measures,0,Rebecca Yarros,1
4010,18635113,Elizabeth Is Missing,0,Emma Healey,0
4011,17978160,Open Road Summer,0,Emery Lord,1
4013,18010355,The Line,0,J.D. Horn,0
4014,18079804,Half Bad,0,Sally Green,0
4016,19180883,Holding Out,0,Lila Rose,0
4017,22249086,Raine Falling,0,Paula Marinaro,0
4018,16143347,We Were Liars,0,E. Lockhart,1
4019,9627755,Isla and the Happily Ever After,0,Stephanie Perkins,1
4020,17565845,Panic,1,Lauren Oliver,1
4020,17565845,Panic,1,蘿倫·奧立佛,0
4020,17565845,Panic,1,劉嘉路,0
4021,15749186,To All the Boys I've Loved Before,0,Jenny Han,1
4022,18333898,Take Me On,0,Katie McGarry,1
4023,18140047,Love Letters to the Dead,0,Ava Dellaira,0
4024,18296030,Don't Look Back,0,Jennifer L. Armentrout,1
4025,18079527,The Impossible Knife of Memory,0,Laurie Halse Anderson,1
4026,20820994,I'll Give You the Sun,0,Jandy Nelson,1
4027,18189606,Since You've Been Gone,0,Morgan Matson,1
4028,22402154,Flat-Out Celeste,0,Jessica Park,1
4029,13580846,My Life with the Walter Boys,0,Ali Novak,0
4030,17228280,Better Off Friends,0,Elizabeth Eulberg,0
4031,18298225,On the Fence,0,Kasie West,1
4032,20579291,Lies We Tell Ourselves,0,Robin Talley,0
4033,18295852,The Geography of You and Me,0,Jennifer E. Smith,1
4034,22616635,Puddle Jumping,0,Amber L. Johnson,0
4035,20726924,Rumble,0,Ellen Hopkins,1
4036,18163646,Falling into Place,0,Amy Zhang,0
4037,18667779,Everything Leads to You,0,Nina LaCour,1
4038,8755785,City of Heavenly Fire,0,Cassandra Clare,1
4039,12396528,Hollow City,0,Ransom Riggs,1
4040,13206828,Cress,0,Marissa Meyer,1
4041,18635016,The One,0,Kiera Cass,1
4042,20613470,Heir of Fire,0,Sarah J. Maas,1
4043,18126198,Four: A Divergent Story Collection,0,Veronica Roth,1
4044,8709524,Silver Shadows,0,Richelle Mead,1
4045,13618440,Dreams of Gods & Monsters,0,Laini Taylor,1
4046,13188676,Ignite Me,0,Tahereh Mafi,1
4047,15839976,Red Rising,0,Pierce Brown,1
4048,17455585,White Hot Kiss,0,Jennifer L. Armentrout,1
4049,13644055,Opposition,0,Jennifer L. Armentrout,1
4050,20821111,The Young Elites,0,Marie Lu,1
4051,18166936,The Strange and Beautiful Sorrows of Ava Lavender,0,Leslye Walton,0
4052,13138635,These Broken Stars,1,Amie Kaufman,1
4052,13138635,These Broken Stars,1,Meagan Spooner,0
4053,17378508,"Blue Lily, Lily Blue",0,Maggie Stiefvater,1
4054,16069030,The Winner's Curse,0,Marie Rutkoski,1
4055,16429619,The Kiss of Deception,0,Mary E. Pearson,1
4056,14061957,Ruin and Rising,0,Leigh Bardugo,1
4057,16131484,The Infinite Sea,0,Rick Yancey,1
4058,18705209,The Blood of Olympus,0,Rick Riordan,1
4059,21535019,The Long Haul,0,Jeff Kinney,1
4060,20578940,The Iron Trial,1,Holly Black,1
4060,20578940,The Iron Trial,1,Cassandra Clare,1
4060,20578940,The Iron Trial,1,Scott Fischer,0
4061,18225810,Sisters,0,Raina Telgemeier,1
4062,20706320,A Grimm Warning,1,Chris Colfer,1
4062,20706320,A Grimm Warning,1,Brandon Dorman,1
4063,20821284,Brown Girl Dreaming,0,Jacqueline Woodson,1
4064,18172465,A World Without Princes,1,Soman Chainani,1
4064,18172465,A World Without Princes,1,Iacopo Bruno,1
4065,17667561,The Shadow Throne,0,Jennifer A. Nielsen,1
4066,18689810,Tales from a Not-So-Glam TV Star,0,Rachel Renée Russell,1
4067,18222556,A Snicker of Magic,0,Natalie Lloyd,0
4068,20701984,El Deafo,1,Cece Bell,0
4068,20701984,El Deafo,1,David Lasky,0
4069,18049017,Sky Raiders,0,Brandon Mull,1
4070,20172134,Nightmares!,1,Jason Segel,0
4070,20172134,Nightmares!,1,Kirsten Miller,0
4070,20172134,Nightmares!,1,Karl Kwasny,0
4071,16280882,Countdown,0,Natalie Standiford,0
4072,18405537,The Night Gardener,0,Jonathan Auxier,0
4073,19156898,The Fourteenth Goldfish,1,Jennifer L. Holm,0
4073,19156898,The Fourteenth Goldfish,1,Tad Carpenter,0
4074,14059024,The Whispering Skull,0,Jonathan Stroud,1
4075,18263725,The Crossover,0,Kwame Alexander,1
4076,18225037,Absolutely Almost,0,Lisa Graff,0
4077,17846771,The Boundless,1,Jim Tierney,1
4077,17846771,The Boundless,1,Kenneth Oppel,0
4078,17846011,"Pigeon Needs a Bath!, The-Pigeon series",0,Mo Willems,1
4079,20821299,The Book with No Pictures,0,B.J. Novak,1
4080,20388087,Julia's House for Lost Creatures,0,Ben Hatke,1
4081,18465502,Tuesday Tucks Me In: The Loyal Bond between a Soldier and his Service Dog,1,Bret Witter,1
4081,18465502,Tuesday Tucks Me In: The Loyal Bond between a Soldier and his Service Dog,1,Luis Carlos Montalván,0
4082,18570357,What Do You Do With an Idea?,1,Kobi Yamada,1
4082,18570357,What Do You Do With an Idea?,1,Mae Besom,1
4083,17471114,Sparky!,1,Chris Appelhans,1
4083,17471114,Sparky!,1,Jenny Offill,0
4084,17043027,Josephine: The Dazzling Life of Josephine Baker,1,Christian Robinson,1
4084,17043027,Josephine: The Dazzling Life of Josephine Baker,1,Patricia Hruby Powell,0
4085,17243953,"Hi, Koo!",0,Jon J. Muth,0
4086,18349512,Here Comes the Easter Cat,1,Deborah Underwood,1
4086,18349512,Here Comes the Easter Cat,1,Claudia Rueda,0
4087,20708773,Quest,0,Aaron Becker,1
4088,18295821,The Adventures of Beekle: The Unimaginary Friend,0,Dan Santat,1
4089,18012466,Maple,0,Lori Nichols,0
4090,17269361,Knock Knock: My Dad's Dream for Me,1,Daniel Beaty,0
4090,17269361,Knock Knock: My Dad's Dream for Me,1,Bryan Collier,0
4091,17296693,I Am Otter,0,Sam Garton,1
4092,18166919,Firefly July: A Year of Very Short Poems,1,Melissa Sweet,1
4092,18166919,Firefly July: A Year of Very Short Poems,1,Paul B. Janeczko,0
4093,18051269,The Girl and the Bicycle,0,Mark Pett,0
4094,19565411,Gaston,1,Christian Robinson,1
4094,19565411,Gaston,1,Kelly DiPucchio,0
4095,14999830,The Scraps Book,0,Lois Ehlert,0
4096,20675319,Bird of the Soul,1,Ilchi Lee,0
4096,20675319,Bird of the Soul,1,Jisu Han,0
4097,20708761,Sam and Dave Dig a Hole,1,Mac Barnett,1
4097,20708761,Sam and Dave Dig a Hole,1,Jon Klassen,1
4098,16115612,And the Mountains Echoed,0,Khaled Hosseini,0
4099,15753740,The Storyteller,0,Jodi Picoult,1
4100,15507958,Me Before You,0,Jojo Moyes,1
4101,17333223,The Goldfinch,0,Donna Tartt,0
4102,17802724,The Husband's Secret,0,Liane Moriarty,1
4103,15818107,Orphan Train,0,Christina Baker Kline,1
4104,16181775,The Rosie Project,0,Graeme Simsion,0
4105,15781725,The House Girl,0,Tara Conklin,1
4106,15811545,A Tale for the Time Being,0,Ruth Ozeki,0
4107,13641208,Tenth of December,0,George Saunders,1
4108,17262100,The Lowland,0,Jhumpa Lahiri,0
4109,15797715,A Constellation of Vital Phenomena,0,Anthony Marra,0
4110,17349023,We Are Water,0,Wally Lamb,0
4111,16071745,"Someday, Someday, Maybe",0,Lauren Graham,1
4112,17572903,The Girl You Left Behind,0,Jojo Moyes,1
4113,15796700,Americanah,1,Chimamanda Ngozi Adichie,1
4113,15796700,Americanah,1,Jashar Awan,0
4114,15815333,The Interestings,0,Meg Wolitzer,1
4115,16130291,The Silver Star,0,Jeannette Walls,1
4116,15823461,The Burgess Boys,0,Elizabeth Strout,1
4117,15701217,The Woman Upstairs,0,Claire Messud,0
4118,17212231,Inferno,0,Dan Brown,1
4119,16160797,The Cuckoo's Calling,0,Robert Galbraith,1
4120,13596166,Joyland,0,Stephen King,1
4121,17167084,How the Light Gets In,0,Louise Penny,1
4122,15806231,Calculated in Death,0,J.D. Robb,1
4123,10112885,Night Film,0,Marisha Pessl,0
4124,13642963,Speaking from Among the Bones,0,Alan Bradley,1
4125,15776309,Reconstructing Amelia,0,Kimberly McCreight,0
4126,18142329,Police,1,Jo Nesbø,1
4126,18142329,Police,1,Don Bartlett,1
4127,15811568,Six Years,0,Harlan Coben,1
4128,16071767,Unseen,0,Karin Slaughter,1
4129,15811495,Touch & Go,0,Lisa Gardner,1
4130,16150996,Convicted,0,Aleatha Romig,1
4131,15755201,Suspect,0,Robert Crais,1
4132,15803059,Ordinary Grace,0,William Kent Krueger,1
4133,15985392,Threat Vector,1,Tom Clancy,0
4133,15985392,Threat Vector,1,Mark Greaney,0
4134,17707605,W is for Wasted,0,Sue Grafton,0
4135,16131077,The Shining Girls,0,Lauren Beukes,1
4136,17262159,Never Go Back,0,Lee Child,1
4137,16171291,The Silent Wife,0,A.S.A. Harrison,0
4138,15790842,Life After Life,0,Kate Atkinson,1
4139,12326627,The White Princess,0,Philippa Gregory,1
4140,16002030,Z: A Novel of Zelda Fitzgerald,0,Therese Anne Fowler,0
4141,13642950,The Aviator's Wife,0,Melanie Benjamin,1
4142,17383934,The Valley of Amazement,0,Amy Tan,1
4143,17333319,Burial Rites,0,Hannah Kent,0
4144,16138688,The Painted Girls,0,Cathy Marie Buchanan,0
4145,17333230,The Luminaries,0,Eleanor Catton,1
4146,17286747,Necessary Lies,0,Diane Chamberlain,1
4147,17465453,The Signature of All Things,0,Elizabeth Gilbert,1
4148,16248311,The Perfume Collector,0,Kathleen Tessaro,0
4149,16158535,A Hundred Summers,0,Beatriz Williams,1
4150,16058610,Whistling Past the Graveyard,0,Susan Crandall,0
4151,15705011,The Last Runaway,1,Tracy Chevalier,0
4151,15705011,The Last Runaway,1,Laurel Lefkow,0
4152,16240761,The Son,0,Philipp Meyer,0
4153,16085517,TransAtlantic,0,Colum McCann,0
4154,15786792,Paris,0,Edward Rutherfurd,0
4155,15808287,Mrs. Lincoln's Dressmaker,0,Jennifer Chiaverini,0
4156,16099189,The Light in the Ruins,0,Chris Bohjalian,1
4157,17232261,Songs of Willow Frost,0,Jamie Ford,1
4158,15783514,The Ocean at the End of the Lane,0,Neil Gaiman,1
4159,7743175,A Memory of Light,1,Brandon Sanderson,1
4159,7743175,A Memory of Light,1,Robert Jordan,0
4160,15819028,The Golem and the Jinni,0,Helene Wecker,1
4161,2890090,The Republic of Thieves,0,Scott Lynch,0
4162,16248223,The Ghost Bride,0,Yangsze Choo,1
4163,15942636,The Firebird,0,Susanna Kearsley,1
4164,13109291,Blood of Dragons,0,Robin Hobb,1
4165,16101090,The River of No Return,0,Bee Ridgway,0
4166,15985373,Emperor of Thorns,0,Mark Lawrence,1
4167,15989176,Forged in Blood I,0,Lindsay Buroker,1
4168,16142151,The Companions,0,R.A. Salvatore,0
4169,13638125,Vicious,0,Victoria E. Schwab,1
4170,9268487,The Daylight War,0,Peter V. Brett,1
4171,16043804,The Crown Tower,0,Michael J. Sullivan,1
4172,15790883,Promise of Blood,0,Brian McClellan,1
4173,16158565,The Thinking Woman's Guide to Real Magic,0,Emily Croy Barker,0
4174,12974372,A Natural History of Dragons,0,Marie Brennan,0
4175,17317908,The Third Kingdom,0,Terry Goodkind,1
4176,15802432,Seduction,0,M.J. Rose,0
4177,15808474,River of Stars,0,Guy Gavriel Kay,0
4178,12216302,Cold Days,0,Jim Butcher,1
4179,17199504,The Bone Season,0,Samantha Shannon,1
4180,15767586,Styxx,0,Sherrilyn Kenyon,1
4181,13241659,Ever After,0,Kim Harrison,1
4182,13413589,Frost Burned,0,Patricia Briggs,1
4183,11544421,Magic Rises,0,Ilona Andrews,1
4184,15813668,Fifth Grave Past the Light,0,Darynda Jones,1
4185,16101040,Omens,0,Kelley Armstrong,1
4186,16071748,Hunted,0,Kevin Hearne,1
4187,15711341,Written in Red,0,Anne Bishop,1
4188,12958034,House Rules,0,Chloe Neill,1
4189,15985348,Dead Ever After,0,Charlaine Harris,1
4190,13477883,Gameboard of the Gods,0,Richelle Mead,1
4191,10184403,Chimes at Midnight,0,Seanan McGuire,1
4192,16130369,Heart of Venom,0,Jennifer Estep,1
4193,15985372,Affliction,0,Laurell K. Hamilton,1
4194,10331050,Touch of the Demon,0,Diana Rowland,1
4195,15732001,Blood Trade,0,Faith Hunter,0
4196,12119496,Steel's Edge,0,Ilona Andrews,1
4197,12528745,Tempt the Stars,0,Karen Chance,1
4198,17262203,MaddAddam,0,Margaret Atwood,1
4199,17855756,Dust,0,Hugh Howey,1
4200,16059350,Earth Afire,1,Orson Scott Card,1
4200,16059350,Earth Afire,1,Aaron Johnston,1
4201,16158596,Lexicon,0,Max Barry,0
4202,15698479,The Human Division,0,John Scalzi,1
4203,16130537,The Humans,0,Matt Haig,1
4204,16046748,Countdown City,0,Ben H. Winters,1
4205,13573419,Great North Road,0,Peter F. Hamilton,1
4206,16131032,Abaddon’s Gate,0,James S.A. Corey,1
4207,15981711,The Lives of Tao,0,Wesley Chu,1
4208,15984804,Guardian,0,Jack Campbell,1
4209,16127235,The Darwin Elevator,0,Jason M. Hough,0
4210,17167572,The Long War,1,Terry Pratchett,1
4210,17167572,The Long War,1,Stephen Baxter,1
4211,15802917,Shadow of Freedom,0,David Weber,1
4212,13421230,Perdition,0,Ann Aguirre,1
4213,15743440,The Best of All Possible Worlds,0,Karen Lord,0
4214,17619479,Terms of Enlistment,0,Marko Kloos,1
4215,17171909,Brilliance,0,Marcus Sakey,1
4216,17699389,CyberStorm,0,Matthew Mather,0
4217,17333324,Ancillary Justice,0,Ann Leckie,1
4218,13570854,Lover at Last,0,J.R. Ward,1
4219,15745950,Walking Disaster,0,Jamie McGuire,1
4220,15731779,Entwined with You,0,Sylvia Day,1
4221,17340050,Losing Hope,0,Colleen Hoover,1
4222,16070903,Fallen Too Far,0,Abbi Glines,1
4223,15990969,Ten Tiny Breaths,0,K.A. Tucker,1
4224,13600318,Reckless,0,S.C. Stephens,1
4225,16102004,Beautiful Bastard,0,Christina Lauren,1
4226,17314430,Wait for You,0,Jennifer L. Armentrout,1
4227,18149927,Beneath This Man,0,Jodi Ellen Malpas,0
4228,18297707,Tangled,0,Emma Chase,1
4229,16113791,The Coincidence of Callie & Kayden,0,Jessica Sorensen,0
4230,17407748,The Longest Ride,0,Nicholas Sparks,1
4231,15784909,This Girl,0,Colleen Hoover,1
4232,17201095,Play with Me,0,Kristen Proby,0
4233,15795628,Blackmoore,0,Julianne Donaldson,1
4234,17617277,Real,0,Katy Evans,0
4235,17156015,Beauty from Pain,0,Georgia Cates,0
4236,17158596,Collide,0,Gail McHugh,0
4237,17190226,Surrender Your Love,0,J.C. Reed,0
4238,16130549,Doctor Sleep,0,Stephen King,1
4239,15729539,NOS4A2,0,Joe Hill,1
4240,17457124,Red Hill,0,Jamie McGuire,1
4241,15797722,Deeply Odd,0,Dean Koontz,1
4242,15818164,The Blood Gospel,1,James Rollins,1
4242,15818164,The Blood Gospel,1,Rebecca Cantrell,1
4243,15738579,White Trash Zombie Apocalypse,1,Diana Rowland,1
4243,15738579,White Trash Zombie Apocalypse,1,Daniel Dos Santos,1
4244,13641105,Parasite,0,Mira Grant,1
4245,15818568,The Fate of Mercy Alban,0,Wendy Webb,0
4246,15799400,The Resurrectionist: The Lost Work of Dr. Spencer Black,0,E.B. Hudspeth,0
4247,17348985,Help for the Haunted,0,John Searles,0
4248,17262197,The Wolves of Midwinter,0,Anne Rice,1
4249,15783828,Kill City Blues,0,Richard Kadrey,1
4250,15793091,Extinction Machine,0,Jonathan Maberry,1
4251,18109850,Fractured,0,D.J. Molles,0
4252,10825907,Shattered Hourglass,0,J.L. Bourne,0
4253,16143338,Come Alive,0,Karina Halle,1
4254,17229633,Ex-Communication,0,Peter Clines,1
4255,15818440,The Accursed,0,Joyce Carol Oates,1
4256,15826602,Red Moon,0,Benjamin Percy,0
4257,14781178,American Elsewhere,0,Robert Jackson Bennett,1
4258,17851885,I Am Malala: The Story of the Girl Who Stood Up for Education and Was Shot by the Taliban,1,Malala Yousafzai,1
4258,17851885,I Am Malala: The Story of the Girl Who Stood Up for Education and Was Shot by the Taliban,1,Christina Lamb,0
4259,17455541,"Happy, Happy, Happy: My Life and Legacy as the Duck Commander",1,Mark Schlabach,1
4259,17455541,"Happy, Happy, Happy: My Life and Legacy as the Duck Commander",1,Phil Robertson,0
4260,16101121,"The World's Strongest Librarian: A Memoir of Tourette's, Faith, Strength, and the Power of Family",0,Josh Hanagarne,0
4261,15802944,"Carry On, Warrior: Thoughts on Life Unarmed",0,Glennon Doyle,1
4262,16113737,The Reason I Jump: the Inner Voice of a Thirteen-Year-Old Boy with Autism,1,David Mitchell,1
4262,16113737,The Reason I Jump: the Inner Voice of a Thirteen-Year-Old Boy with Autism,1,Naoki Higashida,0
4262,16113737,The Reason I Jump: the Inner Voice of a Thirteen-Year-Old Boy with Autism,1,K.A. Yoshida,0
4263,15833693,Waiting to Be Heard,0,Amanda Knox,0
4264,15798797,Mom & Me & Mom,0,Maya Angelou,1
4265,15827066,Beyond Belief: My Secret Life Inside Scientology and My Harrowing Escape,1,Jenna Miscavige Hill,0
4265,15827066,Beyond Belief: My Secret Life Inside Scientology and My Harrowing Escape,1,Lisa Pulitzer,0
4266,18039963,A House in the Sky,1,Amanda Lindhout,0
4266,18039963,A House in the Sky,1,Sara Corbett,0
4267,17553448,Until I Say Goodbye: A Book about Living,0,Susan Spencer-Wendel,0
4268,15841863,"Sum It Up: 1,098 Victories, a Couple of Irrelevant Losses, and a Life in Perspective",1,Pat Summitt,0
4268,15841863,"Sum It Up: 1,098 Victories, a Couple of Irrelevant Losses, and a Life in Perspective",1,Sally Jenkins,0
4269,16241141,Fairyland: A Memoir of My Father,0,Alysia Abbott,0
4270,17287028,My Story,1,Elizabeth Smart,0
4270,17287028,My Story,1,Chris Stewart,0
4271,15798364,The Spark: A Mother's Story of Nurturing Genius,0,Kristine Barnett,0
4272,15771862,Wave,0,Sonali Deraniyagala,0
4273,16131189,Mo' Meta Blues: The World According to Questlove,1,"Ahmir ""Questlove"" Thompson",0
4273,16131189,Mo' Meta Blues: The World According to Questlove,1,Ben Greenman,0
4274,13642929,My Beloved World,0,Sonia Sotomayor,0
4275,16218778,Coming Clean,0,Kimberly Rae Miller,0
4276,15803014,After Visiting Friends: A Son's Story,0,Michael Hainey,0
4277,13547428,Chanel Bonfire,0,Wendy Lawless,0
4278,17262134,Jim Henson: The Biography,0,Brian Jay Jones,0
4279,15801668,The Girls of Atomic City: The Untold Story of the Women Who Helped Win World War II,0,Denise Kiernan,0
4280,17704903,Empty Mansions: The Mysterious Life of Huguette Clark and the Spending of a Great American Fortune,1,Bill Dedman,0
4280,17704903,Empty Mansions: The Mysterious Life of Huguette Clark and the Spending of a Great American Fortune,1,Paul Clark Newell Jr,0
4281,17262366,"One Summer: America, 1927",0,Bill Bryson,1
4282,16158542,The Boys in the Boat: Nine Americans and Their Epic Quest for Gold at the 1936 Berlin Olympics,0,Daniel James Brown,1
4283,15796712,Eighty Days: Nellie Bly and Elizabeth Bisland's History-Making Race Around the World,0,Matthew Goodman,0
4284,16130503,Manson: The Life and Times of Charles Manson,0,Jeff Guinn,1
4285,16248142,Frozen in Time: An Epic Story of Survival and a Modern Quest for Lost Heroes of World War II,0,Mitchell Zuckoff,1
4286,15814204,Dirty Wars: The World Is a Battlefield,0,Jeremy Scahill,0
4287,16044941,"The Guns at Last Light: The War in Western Europe, 1944-1945",0,Rick Atkinson,1
4288,15808816,A Higher Call: An Incredible True Story of Combat and Chivalry in the War-Torn Skies of World War II,1,Adam Makos,1
4288,15808816,A Higher Call: An Incredible True Story of Combat and Chivalry in the War-Torn Skies of World War II,1,Larry Alexander,0
4289,16158546,"Bunker Hill: A City, a Siege, a Revolution",0,Nathaniel Philbrick,1
4290,16240783,The Riddle of the Labyrinth: The Quest to Crack an Ancient Code,0,Margalit Fox,0
4291,16059322,The Unwinding: An Inner History of the New America,0,George Packer,0
4292,16071731,The Skies Belong to Us: Love and Terror in the Golden Age of Hijacking,0,Brendan I. Koerner,0
4293,17568801,Zealot: The Life and Times of Jesus of Nazareth,0,Reza Aslan,0
4294,16131193,The Astronaut Wives Club,0,Lily Koppel,0
4295,17286958,Killing Jesus: A History,1,Bill O'Reilly,1
4295,17286958,Killing Jesus: A History,1,Martin Dugard,1
4296,18238043,Salinger,1,David Shields,0
4296,18238043,Salinger,1,Shane Salerno,0
4297,17262206,"Lawrence in Arabia: War, Deceit, Imperial Folly, and the Making of the Modern Middle East",0,Scott Anderson,0
4298,16056498,The Autistic Brain: Thinking Across the Spectrum,1,Temple Grandin,1
4298,16056498,The Autistic Brain: Thinking Across the Spectrum,1,Richard Panek,0
4299,13615414,Gulp: Adventures on the Alimentary Canal,0,Mary Roach,1
4300,16071764,"Lean In: Women, Work, and the Will to Lead",0,Sheryl Sandberg,1
4301,15751404,"David and Goliath: Underdogs, Misfits, and the Art of Battling Giants",0,Malcolm Gladwell,1
4302,15811520,Detroit: An American Autopsy,0,Charlie LeDuff,0
4303,15795155,Bad Pharma: How Drug Companies Mislead Doctors and Harm Patients,0,Ben Goldacre,0
4304,16101100,"American Savage: Insights, Slights, and Fights on Faith, Sex, Love, and Politics",0,Dan Savage,1
4305,17704902,Five Days at Memorial: Life and Death in a Storm-Ravaged Hospital,0,Sheri Fink,0
4306,16142053,"Going Clear: Scientology, Hollywood, and the Prison of Belief",0,Lawrence Wright,1
4307,15801967,Contagious: Why Things Catch On,0,Jonah Berger,0
4308,15766601,The World Until Yesterday: What Can We Learn from Traditional Societies?,0,Jared Diamond,1
4309,17249189,"Start.: Punch Fear in the Face, Escape Average, and Do Work That Matters",0,Jon Acuff,0
4310,16248146,Lost Girls: An American Mystery: An Examination of the Lives of the Victims of the Gilgo Beach Serial Killer – Explore the Story Behind the Case as the Trial Unfolds,0,Robert Kolker,1
4311,16241137,The Examined Life: How We Lose and Find Ourselves,0,Stephen Grosz,0
4312,13593553,To Sell is Human: The Surprising Truth About Moving Others,0,Daniel H. Pink,1
4313,15805442,Mastermind: How to Think Like Sherlock Holmes,0,Maria Konnikova,0
4314,16130128,I Wear the Black Hat: Grappling With Villains,0,Chuck Klosterman,1
4315,14889679,"The Good Nurse: A True Story of Medicine, Madness, and Murder",0,Charles Graeber,0
4316,15798078,Decisive: How to Make Better Choices in Life and Work,1,Chip Heath,0
4316,15798078,Decisive: How to Make Better Choices in Life and Work,1,Dan Heath,0
4317,16158498,Give and Take: A Revolutionary Approach to Success,0,Adam M. Grant,1
4318,15843172,Tequila Mockingbird: Cocktails with a Literary Twist,1,Tim Federle,1
4318,15843172,Tequila Mockingbird: Cocktails with a Literary Twist,1,Lauren Mortimer,1
4319,17349204,The Pioneer Woman Cooks: A Year of Holidays,0,Ree Drummond,1
4320,16277245,The Drunken Botanist: The Plants That Create the World's Great Drinks,0,Amy Stewart,1
4321,15797397,Salt Sugar Fat: How the Food Giants Hooked Us,0,Michael Moss,0
4322,15811496,Cooked: A Natural History of Transformation,0,Michael Pollan,1
4323,17167085,"Moosewood Restaurant Favorites: The 250 Most-Requested, Naturally Delicious Recipes from One of America's Best-Loved Restaurants",0,The Moosewood Collective,0
4324,15786110,Relish: My Life in the Kitchen,0,Lucy Knisley,1
4325,16182601,Bread and Wine: A Love Letter to Life Around the Table with Recipes,0,Shauna Niequist,0
4326,16131090,Eating on the Wild Side: The Missing Link to Optimum Health,0,Jo Robinson,0
4327,17164565,"The FastDiet: Lose Weight, Stay Healthy, and Live Longer with the Simple Secret of Intermittent Fasting",1,Michael Mosley,0
4327,17164565,"The FastDiet: Lose Weight, Stay Healthy, and Live Longer with the Simple Secret of Intermittent Fasting",1,Mimi Spencer,0
4328,17262525,Notes from the Larder: A Kitchen Diary with Recipes—A Cookbook,0,Nigel Slater,0
4329,16160818,My Beef with Meat: The Healthiest Argument for Eating a Plant-Strong Diet - Plus 140 New Engine 2 Recipes,0,Rip Esselstyn,0
4330,15797974,Vegetable Literacy: Cooking and Gardening with Twelve Families from the Edible Plant Kingdom,0,Deborah Madison,0
4331,16131211,"It's All Good: Delicious, Easy Recipes That Will Make You Look Good and Feel Great",1,Gwyneth Paltrow,1
4331,16131211,"It's All Good: Delicious, Easy Recipes That Will Make You Look Good and Feel Great",1,Julia Turshen,1
4331,16131211,"It's All Good: Delicious, Easy Recipes That Will Make You Look Good and Feel Great",1,Ditte Isager,0
4332,16058189,Pandora's Lunchbox: How Processed Food Took Over the American Meal,0,Melanie Warner,0
4333,13586978,Happy Herbivore Abroad: A Travelogue and Over 135 Fat-Free and Low-Fat Vegan Recipes from Around the World,0,Lindsay S. Nixon,0
4334,17348311,Fool's Gold Cookbook,0,Susan Mallery,0
4335,13587039,Whole: Rethinking the Science of Nutrition,1,T. Colin Campbell,0
4335,13587039,Whole: Rethinking the Science of Nutrition,1,Howard Jacobson,0
4336,17333302,"Grain Brain: The Surprising Truth about Wheat, Carbs, and Sugar--Your Brain's Silent Killers",1,David Perlmutter,1
4336,17333302,"Grain Brain: The Surprising Truth about Wheat, Carbs, and Sugar--Your Brain's Silent Killers",1,Kristin Loberg,1
4337,15798321,VB6: Eat Vegan Before 6:00 to Lose Weight and Restore Your Health . . . for Good,0,Mark Bittman,0
4338,17571007,"Hyperbole and a Half: Unfortunate Situations, Flawed Coping Mechanisms, Mayhem, and Other Things That Happened",0,Allie Brosh,1
4339,15858248,Wallbanger,0,Alice Clayton,1
4340,15790837,"Let's Explore Diabetes with Owls: Essays, Etc.",0,David Sedaris,1
4341,17673271,Si-cology 1: Tales & Wisdom from Duck Dynasty's Favorite Uncle,1,Mark Schlabach,1
4341,17673271,Si-cology 1: Tales & Wisdom from Duck Dynasty's Favorite Uncle,1,Si Robertson,0
4342,15852522,Vader's Little Princess,0,Jeffrey Brown,1
4343,17138271,My Dog: The Paradox: A Lovable Discourse about Man's Best Friend (Volume 3),0,Matthew Inman,1
4344,15843610,"Still Foolin' 'Em: Where I've Been, Where I'm Going, and Where the Hell Are My Keys",0,Billy Crystal,0
4345,16085474,Dad Is Fat,0,Jim Gaffigan,1
4346,17262540,"William Shakespeare's Star Wars: Verily, A New Hope",0,Ian Doescher,1
4347,16071701,Bad Monkey,0,Carl Hiaasen,1
4348,15791144,Adulting: How to Become a Grown-up in 468 Easy(ish) Steps,0,Kelly Williams Brown,0
4349,15808650,"The Tao of Martha: My Year of LIVING; Or, Why I'm Never Getting All That Glitter Off of the Dog",0,Jen Lancaster,1
4350,17938417,To Be or Not To Be: A Chooseable-Path Adventure,0,Ryan North,1
4351,16000983,Parenting: Illustrated with Crappy Pictures,0,Amber Dusick,0
4352,16130417,The Last Word,0,Lisa Lutz,1
4353,15791108,Man Up!,1,Gwyneth Paltrow,1
4353,15791108,Man Up!,1,Chelsea Handler,1
4353,15791108,Man Up!,1,Ross Mathews,0
4354,16071830,Wedding Night,0,Sophie Kinsella,1
4355,18300604,Love and Lists,0,Tara Sivec,1
4356,17262155,Mad About the Boy,0,Helen Fielding,0
4357,15815342,Insane City,0,Dave Barry,1
4358,15789361,Beautiful Creatures: The Manga,1,Kami Garcia,1
4358,15789361,Beautiful Creatures: The Manga,1,Margaret Stohl,0
4358,15789361,Beautiful Creatures: The Manga,1,Cassandra Jean,0
4359,16277248,"Avatar: The Last Airbender - The Search, Part 1",1,Gene Luen Yang,1
4359,16277248,"Avatar: The Last Airbender - The Search, Part 1",1,Bryan Konietzko,1
4359,16277248,"Avatar: The Last Airbender - The Search, Part 1",1,Michael Dante DiMartino,1
4360,16173578,"The Walking Dead, Vol. 18: What Comes After",1,Robert Kirkman,1
4360,16173578,"The Walking Dead, Vol. 18: What Comes After",1,Charlie Adlard,1
4360,16173578,"The Walking Dead, Vol. 18: What Comes After",1,Cliff Rathburn,1
4361,17131869,"Saga, Volume 2",1,Brian K. Vaughan,1
4361,17131869,"Saga, Volume 2",1,Fiona Staples,1
4362,15752115,"Batman, Volume 2: The City of Owls",1,Scott Snyder,1
4362,15752115,"Batman, Volume 2: The City of Owls",1,Greg Capullo,1
4362,15752115,"Batman, Volume 2: The City of Owls",1,James Tynion IV,0
4363,13226217,The Infernal Devices: Clockwork Prince,1,Cassandra Clare,1
4363,13226217,The Infernal Devices: Clockwork Prince,1,Hyekyung Baek,1
4364,15791586,"Fables, Vol. 18: Cubs in Toyland",1,Bill Willingham,1
4364,15791586,"Fables, Vol. 18: Cubs in Toyland",1,Mark Buckingham,1
4364,15791586,"Fables, Vol. 18: Cubs in Toyland",1,Gene Ha,0
4365,16002136,"Hawkeye, Volume 1: My Life as a Weapon",1,Matt Fraction,1
4365,16002136,"Hawkeye, Volume 1: My Life as a Weapon",1,David Aja,0
4365,16002136,"Hawkeye, Volume 1: My Life as a Weapon",1,Javier Pulido,0
4366,13429614,Calling Dr. Laura,0,Nicole J. Georges,0
4367,10871925,Kick-Ass 2,1,Mark Millar,0
4367,10871925,Kick-Ass 2,1,John Romita Jr.,0
4367,10871925,Kick-Ass 2,1,Tom Palmer,0
4368,15780174,"Wonder Woman, Volume 2: Guts",1,Brian Azzarello,1
4368,15780174,"Wonder Woman, Volume 2: Guts",1,Cliff Chiang,1
4368,15780174,"Wonder Woman, Volume 2: Guts",1,Tony Akins,0
4369,17586834,The Titan's Curse: The Graphic Novel,1,Robert Venditti,1
4369,17586834,The Titan's Curse: The Graphic Novel,1,Rick Riordan,1
4369,17586834,The Titan's Curse: The Graphic Novel,1,Attila Futaki,0
4370,15791600,"American Vampire, Vol. 5",1,Scott Snyder,1
4370,15791600,"American Vampire, Vol. 5",1,Rafael Albuquerque,1
4370,15791600,"American Vampire, Vol. 5",1,Dustin Nguyen,0
4371,17261194,Boxers & Saints,1,Gene Luen Yang,1
4371,17261194,Boxers & Saints,1,Lark Pien,0
4372,15984353,"Captain Marvel, Vol. 1: In Pursuit of Flight",1,Kelly Sue DeConnick,1
4372,15984353,"Captain Marvel, Vol. 1: In Pursuit of Flight",1,Emma Ríos,1
4372,15984353,"Captain Marvel, Vol. 1: In Pursuit of Flight",1,Dexter Soy,0
4373,15791566,"Chew, Vol. 6: Space Cakes",1,John Layman,1
4373,15791566,"Chew, Vol. 6: Space Cakes",1,Rob Guillory,1
4374,17137619,"Sweet Tooth, Vol. 6: Wild Game",0,Jeff Lemire,1
4375,15842705,Raven Girl,0,Audrey Niffenegger,0
4376,11476163,Blue Bloods: The Graphic Novel,1,Robert Venditti,1
4376,11476163,Blue Bloods: The Graphic Novel,1,Melissa de la Cruz,1
4376,11476163,Blue Bloods: The Graphic Novel,1,Alina Urusov,0
4377,17346698,March: Book One,1,John Lewis,1
4377,17346698,March: Book One,1,Andrew Aydin,1
4377,17346698,March: Book One,1,Nate Powell,1
4378,16075147,The Fall of Arthur,1,J.R.R. Tolkien,0
4378,16075147,The Fall of Arthur,1,Christopher Tolkien,0
4379,18003300,Love & Misadventure,0,Lang Leav,1
4380,17707772,Dog Songs: Poems,0,Mary Oliver,1
4381,15798111,Aimless Love: New and Selected Poems,0,Billy Collins,1
4382,17333426,"Egghead; or, You Can't Survive on Ideas Alone",0,Bo Burnham,0
4383,17159513,I Will Never Be Beautiful Enough to Make Us Beautiful Together,0,Mira González,0
4384,16099190,"Love, Dishonor, Marry, Die, Cherish, Perish",0,David Rakoff,0
4385,17729031,The Anatomy of Being,0,Shinji Moon,0
4386,18369456,Survival Songs,0,Meggie C. Royer,0
4387,15824233,The World Will Follow Joy: Turning Madness into Flowers,0,Alice Walker,1
4388,17194983,Bough Down,0,Karen Green,0
4389,15797355,Red Doc>,0,Anne Carson,0
4390,15792899,Incarnadine: Poems,0,Mary Szybist,0
4391,17072298,Black Aperture: Poems,0,Matt Rasmussen,0
4392,17575197,Unexplained Fevers,0,Jeannine Hall Gailey,1
4393,17448302,Songbook for Haunted Boys and Girls,0,Wayne McNeill,0
4394,16059376,Metaphysical Dog,0,Frank Bidart,0
4395,18159867,Hysteria,0,Stephanie M. Wytovich,0
4396,18585282,Salt,0,Nayyirah Waheed,1
4397,17265206,The Boss,0,Victoria Chang,0
4401,12558285,Splintered,0,A.G. Howard,0
4403,12291438,The Madman's Daughter,0,Megan Shepherd,0
4404,10859509,Altered,0,Jennifer Rush,0
4405,11044367,Taken,0,Erin Bowman,0
4408,16158600,The Other Typist,0,Suzanne Rindell,0
4410,17166702,True Love Story,0,Willow Aster,0
4411,15818343,The Promise of Stardust,0,Priscille Sibley,0
4412,16127238,Letters from Skye,0,Jessica Brockmole,0
4413,18090508,Bully,1,Penelope Douglas,1
4413,18090508,Bully,1,Abby Craden,0
4415,11988046,Pivot Point,0,Kasie West,1
4417,17978680,Unteachable,0,Leah Raeder,0
4418,15745753,Eleanor & Park,0,Rainbow Rowell,1
4419,16068905,Fangirl,0,Rainbow Rowell,1
4420,13561164,Dare You To,0,Katie McGarry,1
4421,13580951,United We Spy,0,Ally Carter,1
4422,16101126,The Moon and More,0,Sarah Dessen,1
4423,12842115,Just One Day,0,Gayle Forman,1
4424,17237214,Two Boys Kissing,0,David Levithan,1
4425,11178225,Out of the Easy,0,Ruta Sepetys,1
4426,14813667,Ali's Pretty Little Lies,0,Sara Shepard,1
4427,13580928,Perfect Scoundrels,0,Ally Carter,1
4428,15793231,If You Find Me,0,Emily Murdoch,0
4429,15790873,This Is What Happy Looks Like,0,Jennifer E. Smith,1
4430,15283043,The Distance Between Us,0,Kasie West,1
4431,15790833,Game,0,Barry Lyga,1
4432,17262236,Rose Under Fire,0,Elizabeth Wein,1
4433,13065327,Wild Cards,0,Simone Elkeles,1
4434,13477676,"Forgive Me, Leonard Peacock",0,Matthew Quick,0
4435,13522285,The Beginning of Everything,0,Robyn Schneider,0
4436,15826648,Where the Stars Still Shine,0,Trish Doller,1
4437,12578313,Golden,0,Jessi Kirby,0
4438,17383918,Allegiant,0,Veronica Roth,1
4439,18335634,Clockwork Princess,0,Cassandra Clare,1
4440,8709526,The Indigo Spell,0,Richelle Mead,1
4441,13362536,Opal,0,Jennifer L. Armentrout,1
4442,13206760,Scarlet,0,Marissa Meyer,1
4443,17182126,Steelheart,0,Brandon Sanderson,1
4444,16101128,The 5th Wave,0,Rick Yancey,1
4445,16248068,The Elite,0,Kiera Cass,1
4446,17167166,Crown of Midnight,0,Sarah J. Maas,1
4447,13414446,Prodigy,0,Marie Lu,1
4448,13104080,Unravel Me,0,Tahereh Mafi,1
4449,9593913,Requiem,0,Lauren Oliver,1
4450,10576365,The Darkest Minds,0,Alexandra Bracken,1
4451,8811139,Light,0,Michael Grant,0
4452,13253276,Through the Ever Night,0,Veronica Rossi,1
4453,17347389,The Dream Thieves,0,Maggie Stiefvater,1
4454,10874177,Etiquette & Espionage,0,Gail Carriger,1
4455,14061955,Siege and Storm,0,Leigh Bardugo,1
4456,10137823,The Rithmatist,0,Brandon Sanderson,1
4457,15861491,The Fall of Five,0,Pittacus Lore,1
4458,12127810,The House of Hades,0,Rick Riordan,1
4459,17349203,"Fortunately, the Milk",1,Neil Gaiman,1
4459,17349203,"Fortunately, the Milk",1,Skottie Young,0
4460,16074748,Tales from a Not-So-Happy Heartbreaker,0,Rachel Renée Russell,1
4461,17722973,The Enchantress Returns,1,Chris Colfer,1
4461,17722973,The Enchantress Returns,1,Brandon Dorman,1
4462,15944406,Doll Bones,0,Holly Black,1
4463,15703770,The Runaway King,0,Jennifer A. Nielsen,1
4464,15768989,The Sun Trail,0,Erin Hunter,1
4465,11984131,Fyre,0,Angie Sage,1
4466,15937108,Counting by 7s,0,Holly Goldberg Sloan,1
4467,16054808,Escape from Mr. Lemoncello's Library,0,Chris Grabenstein,1
4468,13642663,Navigating Early,0,Clare Vanderpool,0
4469,15801381,Chasing the Prophecy,0,Brandon Mull,1
4470,15756277,Prisoner B-3087,0,Alan Gratz,1
4471,12107927,Trust No One,0,Linda Sue Park,0
4472,17428653,The Screaming Staircase,0,Jonathan Stroud,1
4473,16248113,The School for Good and Evil,1,Soman Chainani,1
4473,16248113,The School for Good and Evil,1,Iacopo Bruno,1
4474,17261183,The Girl Who Soared Over Fairyland and Cut the Moon in Two,1,Catherynne M. Valente,1
4474,17261183,The Girl Who Soared Over Fairyland and Cut the Moon in Two,1,Ana Juan,1
4475,17465470,The Royal Ranger,0,John Flanagan,0
4476,11438693,Loki's Wolves,1,K.L. Armstrong,0
4476,11438693,Loki's Wolves,1,M.A. Marr,0
4476,11438693,Loki's Wolves,1,Vivienne To,0
4477,15766776,Rump: The True Story of Rumpelstiltskin,0,Liesl Shurtliff,0
4478,16101018,The Day the Crayons Quit,1,Drew Daywalt,1
4478,16101018,The Day the Crayons Quit,1,Oliver Jeffers,1
4479,15790852,The Dark,1,Lemony Snicket,1
4479,15790852,The Dark,1,Jon Klassen,1
4480,15727792,Chu's Day,1,Neil Gaiman,1
4480,15727792,Chu's Day,1,Adam Rex,1
4481,13260645,A Little Book of Sloth,0,Lucy Cooke,0
4482,17262290,Journey,0,Aaron Becker,1
4483,16250904,Unicorn Thinks He's Pretty Great,0,Bob Shea,0
4484,15818453,My Brother's Book,1,Maurice Sendak,0
4484,15818453,My Brother's Book,1,Stephen Greenblatt,0
4485,16650266,Count the Monkeys,1,Mac Barnett,1
4485,16650266,Count the Monkeys,1,Kevin Cornell,0
4486,15791063,Flora and the Flamingo,0,Molly Idle,1
4487,16285053,That Is Not a Good Idea!,0,Mo Willems,1
4488,15798648,The Matchbox Diary,1,Paul Fleischman,0
4488,15798648,The Matchbox Diary,1,Bagram Ibatoulline,0
4489,17333265,Mr. Tiger Goes Wild,0,Peter Brown,1
4490,15815400,Exclamation Mark,1,Amy Krouse Rosenthal,1
4490,15815400,Exclamation Mark,1,Tom Lichtenheld,1
4491,13792593,Open This Little Book,1,Jesse Klausmeier,0
4491,13792593,Open This Little Book,1,Suzy Lee,0
4492,14955390,On a Beam of Light: A Story of Albert Einstein,1,Jennifer Berne,0
4492,14955390,On a Beam of Light: A Story of Albert Einstein,1,Vladimir Radunsky,0
4493,17165875,Mr. Wuffles!,0,David Wiesner,0
4494,15814439,Mustache Baby,1,Bridget Heos,0
4494,15814439,Mustache Baby,1,Joy Ang,0
4495,17655209,Deck the Walls: A Wacky Christmas Carol,1,Erin Dealey,1
4495,17655209,Deck the Walls: A Wacky Christmas Carol,1,Nick Ward,0
4496,15953632,If You Want to See a Whale,1,Julie Fogliano,1
4496,15953632,If You Want to See a Whale,1,Erin E. Stead,1
4497,15926775,Sophie's Squash,1,Pat Zietlow Miller,0
4497,15926775,Sophie's Squash,1,Anne Wilsdorf,0
4498,13497818,The Casual Vacancy,0,J.K. Rowling,1
4499,12987977,Where We Belong,0,Emily Giffin,1
4500,12022079,Home Front,0,Kristin Hannah,1
4501,12852666,The Age of Miracles,0,Karen Thompson Walker,0
4502,13503109,This Is How You Lose Her,0,Junot Díaz,1
4503,12875258,Tell the Wolves I'm Home,0,Carol Rifka Brunt,0
4504,13538873,Mr. Penumbra's 24-Hour Bookstore,0,Robin Sloan,1
4505,11447921,Beautiful Ruins,0,Jess Walter,0
4506,13538552,Memoirs of an Imaginary Friend,0,Matthew Dicks,0
4507,10960383,A Grown-Up Kind of Pretty,0,Joshilyn Jackson,1
4508,13227454,The Unlikely Pilgrimage of Harold Fry,0,Rachel Joyce,0
4509,13330761,The Dog Stars,0,Peter Heller,0
4510,13438524,Flight Behavior,0,Barbara Kingsolver,1
4511,13057939,In the Shadow of the Banyan,0,Vaddey Ratner,0
4512,11529868,The Orphan Master's Son,0,Adam Johnson,0
4513,11092210,Running the Rift,0,Naomi Benaron,0
4514,11469379,A Walk Across the Sun,0,Corban Addison,0
4515,10756240,Telegraph Avenue,0,Michael Chabon,1
4516,12872236,Canada,0,Richard Ford,0
4517,13325079,Billy Lynn's Long Halftime Walk,0,Ben Fountain,0
4518,12837725,Gone Girl,0,Gillian Flynn,1
4519,11890813,Celebrity in Death,0,J.D. Robb,1
4520,12870486,11th Hour,1,James Patterson,1
4520,12870486,11th Hour,1,Maxine Paetro,0
4521,11367726,Defending Jacob,0,William Landay,0
4522,13513646,The Beautiful Mystery,0,Louise Penny,1
4523,13390528,The Fallen Angel,0,Daniel Silva,1
4524,13112023,One Breath Away,0,Heather Gudenkauf,1
4525,13148921,Bloodline,0,James Rollins,1
4526,13123877,Broken Harbor,0,Tana French,1
4527,12405126,The Limpopo Academy of Private Detection,0,Alexander McCall Smith,0
4528,12849385,The Innocent,0,David Baldacci,1
4529,12922320,Criminal,0,Karin Slaughter,1
4530,11165711,Guilty Wives,1,James Patterson,1
4530,11165711,Guilty Wives,1,David Ellis,0
4531,11737271,Stay Close,0,Harlan Coben,1
4532,11889938,Taken,0,Robert Crais,1
4533,13482355,Frozen Heat,0,Richard Castle,1
4534,13117308,Black List,0,Brad Thor,0
4535,13359069,A Wanted Man,0,Lee Child,1
4536,13330537,Garment of Shadows,0,Laurie R. King,1
4537,13256064,Phantom,1,Jo Nesbø,1
4537,13256064,Phantom,1,Don Bartlett,1
4538,13158800,The Light Between Oceans,0,M.L. Stedman,0
4539,13507212,Bring Up the Bodies,0,Hilary Mantel,1
4540,13508607,The Secret Keeper,0,Kate Morton,1
4541,11250053,The Snow Child,0,Eowyn Ivey,1
4542,11940907,Death of Kings,0,Bernard Cornwell,1
4543,13127599,The Shoemaker's Wife,0,Adriana Trigiani,0
4544,13623012,The Prisoner of Heaven,1,Carlos Ruiz Zafón,0
4544,13623012,The Prisoner of Heaven,1,Lucia Graves,0
4545,13056159,The Chaperone,0,Laura Moriarty,0
4546,12160906,The Sins of the Father,0,Jeffrey Archer,1
4547,13330603,The Sandcastle Girls,0,Chris Bohjalian,1
4548,12002819,The Flight of Gemma Hardy,0,Margot Livesey,0
4549,12693886,Half-Blood Blues,0,Esi Edugyan,0
4550,12931629,The Baker's Daughter,0,Sarah McCoy,0
4551,11890816,The Gods of Gotham,0,Lyndsay Faye,0
4552,12326644,The Kingmaker's Daughter,0,Philippa Gregory,1
4553,12959233,Winter of the World,0,Ken Follett,1
4554,12266595,The Healing,0,Jonathan Odell,0
4555,12384157,The Dressmaker,0,Kate Alcott,0
4556,10553215,The Second Empress: A Novel of Napoleon's Court,0,Michelle Moran,1
4557,13540215,The Orchardist,0,Amanda Coplin,0
4558,12106746,The Wind Through the Keyhole,0,Stephen King,1
4559,13589159,The Woman Who Died A Lot,0,Jasper Fforde,1
4560,15707526,The First Confessor,0,Terry Goodkind,1
4561,12891107,King of Thorns,0,Mark Lawrence,1
4562,12499290,The Blinding Knife,0,Brent Weeks,1
4563,12970162,The Traitor Queen,0,Trudi Canavan,1
4564,11801463,City of Dragons,0,Robin Hobb,1
4565,11774272,The Killing Moon,0,N.K. Jemisin,1
4566,12941033,Some Kind of Fairy Tale,0,Graham Joyce,0
4567,13239822,Alif the Unseen,0,G. Willow Wilson,1
4568,11515995,Bridge of Dreams,0,Anne Bishop,1
4569,10184855,Casket of Souls,0,Lynn Flewelling,0
4570,12174312,Percepliquis,0,Michael J. Sullivan,1
4571,11487807,Throne of the Crescent Moon,0,Saladin Ahmed,1
4572,12759057,The King's Blood,0,Daniel Abraham,0
4573,13548142,Cast in Peril,0,Michelle Sagara,1
4574,13578175,The Emperor's Soul,0,Brandon Sanderson,1
4575,13265092,Wards of Faerie,0,Terry Brooks,1
4576,13528362,Red Country,0,Joe Abercrombie,1
4577,13038833,Forge of Darkness,0,Steven Erikson,0
4578,11559200,Shadow of Night,0,Deborah Harkness,1
4579,12275680,Wicked Business,0,Janet Evanovich,1
4580,10599805,A Perfect Blood,0,Kim Harrison,1
4581,11480917,Fair Game,0,Patricia Briggs,1
4582,12348550,Timeless,0,Gail Carriger,1
4583,11336491,Shadow Heir,0,Richelle Mead,1
4584,12043770,Third Grave Dead Ahead,0,Darynda Jones,1
4585,12288282,Gunmetal Magic,0,Ilona Andrews,1
4586,10836728,The Rook,0,Daniel O'Malley,1
4587,12849320,Thirteen,0,Kelley Armstrong,1
4588,12383252,Kiss the Dead,0,Laurell K. Hamilton,1
4589,12700306,Tricked,0,Kevin Hearne,1
4590,12444166,Iced,0,Karen Marie Moning,1
4591,12381269,Deadlocked,0,Charlaine Harris,1
4592,13542786,Ashes of Honor,0,Seanan McGuire,1
4593,11337148,Sacrificial Magic,0,Stacia Kane,0
4594,11557982,By a Thread,0,Jennifer Estep,1
4595,11746102,Biting Cold,0,Chloe Neill,1
4596,13091829,The Reckoning,0,Alma Katsu,1
4597,12114440,Fury's Kiss,0,Karen Chance,1
4598,13147230,The Long Earth,1,Terry Pratchett,1
4598,13147230,The Long Earth,1,Stephen Baxter,1
4599,13453029,Wool Omnibus,0,Hugh Howey,1
4600,13055592,Redshirts,0,John Scalzi,1
4601,11099729,Star Wars: Darth Plagueis,0,James Luceno,0
4602,12040447,Shadows in Flight,0,Orson Scott Card,1
4603,12953520,Year Zero,0,Rob Reid,0
4604,13085609,The Janus Affair,1,Pip Ballantine,1
4604,13085609,The Janus Affair,1,Tee Morris,1
4605,12266560,Angelmaker,0,Nick Harkaway,1
4606,10772954,Alien Proliferation,0,Gini Koch,1
4607,12591698,Caliban’s War,0,James S.A. Corey,1
4608,13543136,Endgame,0,Ann Aguirre,1
4609,12952546,Deep Sky,0,Patrick Lee,1
4610,13542606,Kill Decision,0,Daniel Suarez,1
4611,12398719,Invincible,0,Jack Campbell,1
4612,12269981,A Rising Thunder,0,David Weber,1
4613,12377547,Blue Remembered Earth,0,Alastair Reynolds,0
4614,11830394,2312,0,Kim Stanley Robinson,1
4615,12998057,Captain Vorpatril's Alliance,0,Lois McMaster Bujold,1
4616,15698799,Incursion,0,Aleksandr Voinov,0
4617,13528419,The Hydrogen Sonata,0,Iain M. Banks,0
4618,13536860,Fifty Shades Freed,0,E.L. James,1
4619,13451045,Bared to You,0,Sylvia Day,1
4620,10993282,Lover Reborn,0,J.R. Ward,1
4621,12716613,The Witness,0,Nora Roberts,1
4622,7039218,Once Burned,0,Jeaniene Frost,1
4623,15775781,On Dublin Street,0,Samantha Young,1
4624,12820360,Edenbrooke,0,Julianne Donaldson,1
4625,15816413,Gabriel's Rapture,0,Sylvain Reynard,1
4626,13448656,Motorcycle Man,0,Kristen Ashley,1
4627,10790516,Lothaire,0,Kresley Cole,1
4628,15704001,Seduction and Snacks,0,Tara Sivec,1
4629,13486122,The Marriage Bargain,0,Jennifer Probst,0
4630,9995135,The Darkest Seduction,0,Gena Showalter,1
4631,12647642,Love Unrehearsed,0,Tina Reber,0
4632,11294214,Darker After Midnight,0,Lara Adrian,1
4633,12925200,A Night Like This,0,Julia Quinn,1
4634,13612739,Seduced in the Dark,0,C.J. Roberts,0
4635,13420351,Shattered Glass,0,Dani Alexander,0
4636,11235783,About That Night,0,Julie James,1
4637,15762657,Seducing Cinderella,0,Gina L. Maxwell,0
4638,13281368,The Twelve,0,Justin Cronin,1
4639,13154933,Odd Apocalypse,0,Dean Koontz,1
4640,13442031,On Demon Wings,0,Karina Halle,1
4641,11806716,Blackout,0,Mira Grant,1
4642,12099550,Nocturnal,0,Scott Sigler,1
4643,12924261,This Book Is Full of Spiders,1,David Wong,1
4643,12924261,This Book Is Full of Spiders,1,Jason Pargin,1
4644,11956929,Stay Awake,0,Dan Chaon,1
4645,12173462,White Horse,0,Alex Adams,0
4646,12695591,"Red, White, and Blood",0,Christopher Farnsworth,1
4647,11641612,Edge of Dark Water,0,Joe R. Lansdale,0
4648,12981174,Talulla Rising,0,Glen Duncan,1
4649,15884474,Alive in a Dead World,0,Mark Tufo,0
4650,15062217,14,0,Peter Clines,1
4651,12024990,Assassin's Code,0,Jonathan Maberry,1
4652,13051355,Monster Hunter Legion,0,Larry Correia,1
4653,12944651,Blackbirds,0,Chuck Wendig,1
4654,15773951,"I, Zombie",0,Hugh Howey,1
4655,13528381,Breed,0,Chase Novak,0
4656,13606988,The Void,0,Brett J. Talley,1
4657,13279700,The Croning,0,Laird Barron,0
4658,12262741,Wild: From Lost to Found on the Pacific Crest Trail,0,Cheryl Strayed,1
4659,12958655,Paris in Love,0,Eloisa James,1
4660,13414676,The End of Your Life Book Club,0,Will Schwalbe,0
4661,15814872,No Easy Day: The Firsthand Account of the Mission That Killed Osama Bin Laden,1,Mark Owen,0
4661,15814872,No Easy Day: The Firsthand Account of the Mission That Killed Osama Bin Laden,1,Kevin Maurer,0
4662,13230263,Mrs. Kennedy and Me: An Intimate Memoir,1,Clint Hill,1
4662,13230263,Mrs. Kennedy and Me: An Intimate Memoir,1,Lisa McCubbin,0
4663,13529055,Mortality,0,Christopher Hitchens,0
4664,12475019,Some Assembly Required: A Journal of My Son's First Son,1,Anne Lamott,1
4664,12475019,Some Assembly Required: A Journal of My Son's First Son,1,Sam Lamott,0
4665,13532186,Joseph Anton: A Memoir,0,Salman Rushdie,1
4666,13069213,"Yes, Chef",1,Veronica Chambers,1
4666,13069213,"Yes, Chef",1,Marcus Samuelsson,0
4667,13096280,"Prague Winter: A Personal Story of Remembrance and War, 1937-1948",0,Madeleine K. Albright,1
4668,13513092,Life After Death,0,Damien Echols,0
4669,12453610,January First: A Child's Descent into Madness and Her Father's Struggle to Save Her,0,Michael Schofield,0
4670,11922297,"Heaven Is Here: An Incredible Story of Hope, Triumph, and Everyday Joy",0,Stephanie Nielson,0
4671,13547241,Unorthodox: The Scandalous Rejection of My Hasidic Roots,0,Deborah Feldman,0
4672,12265209,Revolution 2.0: The Power of the People Is Greater Than the People in Power: A Memoir,0,Wael Ghonim,0
4673,13586786,Waging Heavy Peace: A Hippie Dream,0,Neil Young,0
4674,11995710,Bloom: Finding Beauty in the Unexpected--A Memoir,0,Kelle Hampton,0
4675,13202093,"When We Were the Kennedys: A Memoir from Mexico, Maine",0,Monica Wood,0
4676,12752313,"Lots of Candles, Plenty of Cake",0,Anna Quindlen,1
4677,12917507,My Cross to Bear,1,Gregg Allman,0
4677,12917507,My Cross to Bear,1,Alan Light,0
4678,12722468,Elizabeth the Queen: The Life of a Modern Monarch,0,Sally Bedell Smith,0
4679,12953608,Drift: The Unmooring of American Military Power,0,Rachel Maddow,1
4680,13538641,Killing Kennedy: The End of Camelot,1,Bill O'Reilly,1
4680,13538641,Killing Kennedy: The End of Camelot,1,Martin Dugard,1
4681,13531538,Dearie: The Remarkable Life of Julia Child,0,Bob Spitz,0
4682,11797365,Escape from Camp 14: One Man's Remarkable Odyssey from North Korea to Freedom in the West,0,Blaine Harden,0
4683,12878300,Fearless: The Undaunted Courage and Ultimate Sacrifice of Navy SEAL Team SIX Operator Adam Brown,0,Eric Blehm,1
4684,13330922,"The Black Count: Glory, Revolution, Betrayal, and the Real Count of Monte Cristo",0,Tom Reiss,0
4685,13533740,Thomas Jefferson: The Art of Power,0,Jon Meacham,1
4686,12933641,The Woman Who Wasn't There: The True Story of an Incredible Deception,1,Robin Gaby Fisher,1
4686,12933641,The Woman Who Wasn't There: The True Story of an Incredible Deception,1,Angelo J. Guglielmo Jr.,0
4687,13589124,Every Love Story Is a Ghost Story: A Life of David Foster Wallace,1,D.T. Max,0
4687,13589124,Every Love Story Is a Ghost Story: A Life of David Foster Wallace,1,Eva Kemper,0
4688,13049569,The Passage of Power,0,Robert A. Caro,0
4689,13154929,Double Cross: The True Story of the D-Day Spies,0,Ben Macintyre,1
4690,13050383,Midnight in Peking: How the Murder of a Young Englishwoman Haunted the Last Days of Old China,0,Paul French,0
4691,12369449,The Man Who Quit Money,0,Mark Sundeen,0
4692,13154560,Manhunt: The Ten-Year Search for Bin Laden--from 9/11 to Abbottabad,0,Peter L. Bergen,0
4693,12410640,The Presidents Club: Inside the World's Most Exclusive Fraternity,1,Nancy Gibbs,0
4693,12410640,The Presidents Club: Inside the World's Most Exclusive Fraternity,1,Michael Duffy,0
4694,13528287,The Second World War,0,Antony Beevor,0
4695,13155934,Enemies: A History of the FBI,0,Tim Weiner,0
4696,13264225,Cronkite,0,Douglas Brinkley,0
4697,11797348,"Roger Williams and the Creation of the American Soul: Church, State, and the Birth of Liberty",0,John M. Barry,0
4698,8520610,Quiet: The Power of Introverts in a World That Can't Stop Talking,0,Susan Cain,1
4699,11869272,"Behind the Beautiful Forevers: Life, Death, and Hope in a Mumbai Undercity",0,Katherine Boo,0
4700,12609433,The Power of Habit: Why We Do What We Do in Life and Business,0,Charles Duhigg,1
4701,13099738,Steal Like an Artist: 10 Things Nobody Told You About Being Creative,0,Austin Kleon,1
4702,13435889,"How Children Succeed: Grit, Curiosity, and the Hidden Power of Character",0,Paul Tough,0
4703,13528350,"The Violinist's Thumb: And Other Lost Tales of Love, War, and Genius, as Written by Our Genetic Code",0,Sam Kean,1
4704,11910983,Bringing Up Bébé: One American Mother Discovers the Wisdom of French Parenting,0,Pamela Druckerman,0
4705,11337189,A Universe from Nothing: Why There Is Something Rather Than Nothing,1,Lawrence M. Krauss,1
4705,11337189,A Universe from Nothing: Why There Is Something Rather Than Nothing,1,Richard Dawkins,1
4706,13533727,Tiny Beautiful Things: Advice on Love and Life from Dear Sugar,0,Cheryl Strayed,1
4707,13259270,Free Will,0,Sam Harris,1
4708,12158480,"Why Nations Fail: The Origins of Power, Prosperity, and Poverty",1,Daron Acemoğlu,0
4708,12158480,"Why Nations Fail: The Origins of Power, Prosperity, and Poverty",1,James A. Robinson,0
4709,11324722,The Righteous Mind: Why Good People Are Divided by Politics and Religion,1,Jonathan Haidt,1
4709,11324722,The Righteous Mind: Why Good People Are Divided by Politics and Religion,1,Simona Drelciuc,0
4710,13426082,How Will You Measure Your Life?,1,Clayton M. Christensen,0
4710,13426082,How Will You Measure Your Life?,1,James Allworth,0
4710,13426082,How Will You Measure Your Life?,1,Karen Dillon,0
4711,13152668,"Dream Team: How Michael, Magic, Larry, Charles, and the Greatest Team of All Time Conquered the World and Changed the Game of Basketball Forever",0,Jack McCallum,0
4712,13187824,Abundance: The Future Is Better Than You Think,1,Peter H. Diamandis,1
4712,13187824,Abundance: The Future Is Better Than You Think,1,Steven Kotler,1
4713,13588394,The Signal and the Noise: Why So Many Predictions Fail—But Some Don't,0,Nate Silver,0
4714,12804425,Green Illusions,0,Ozzie Zehner,0
4715,13167087,"This Is How: Proven Aid in Overcoming Shyness, Molestation, Fatness, Spinsterhood, Grief, Disease, Lushery, Decrepitude & More. For Young and Old Alike.",0,Augusten Burroughs,1
4716,13151179,Twilight of the Elites: America After Meritocracy,0,Christopher L. Hayes,0
4717,15823426,"The Secret Race: Inside the Hidden World of the Tour de France: Doping, Cover-ups, and Winning at All Costs",1,Tyler Hamilton,0
4717,15823426,"The Secret Race: Inside the Hidden World of the Tour de France: Doping, Cover-ups, and Winning at All Costs",1,Daniel Coyle,0
4718,12072362,The Pioneer Woman Cooks: Food from My Frontier,0,Ree Drummond,1
4719,12519893,The Homemade Pantry: 101 Foods You Can Stop Buying and Start Making,0,Alana Chernila,0
4720,12294541,"Paris, My Sweet: A Year in the City of Light",0,Amy Thomas,0
4721,12986251,Joy the Baker Cookbook: 100 Simple and Comforting Recipes,0,Joy Wilson,0
4722,13237773,Food in Jars: Preserving in Small Batches Year-Round,0,Marisa McClellan,0
4723,13202092,Eat & Run: My Unlikely Journey to Ultramarathon Greatness,1,Scott Jurek,0
4723,13202092,Eat & Run: My Unlikely Journey to Ultramarathon Greatness,1,Steve Friedman,0
4724,12603330,"Chloe's Kitchen: 125 Easy, Delicious Recipes for Making the Food You Love the Vegan Way",1,Chloe Coscarelli,0
4724,12603330,"Chloe's Kitchen: 125 Easy, Delicious Recipes for Making the Food You Love the Vegan Way",1,Neal D. Barnard,0
4724,12603330,"Chloe's Kitchen: 125 Easy, Delicious Recipes for Making the Food You Love the Vegan Way",1,Miki Duisterhof,0
4725,13012708,"French Kids Eat Everything: How Our Family Moved to France, Cured Picky Eating, Banned Snacking, and Discovered 10 Simple Rules for Raising Happy, Healthy Eaters",0,Karen Le Billon,0
4726,13273545,"The Good Food Revolution: Growing Healthy Food, People, and Communities",1,Will Allen,0
4726,13273545,"The Good Food Revolution: Growing Healthy Food, People, and Communities",1,Charles Wilson,0
4727,13043698,Dinner: A Love Story—It All Begins at the Family Table,0,Jenny Rosenstrach,0
4728,13551147,My Berlin Kitchen: A Love Story,0,Luisa Weiss,0
4729,13586810,Practical Paleo: A Customized Approach to Health and a Whole-Foods Lifestyle,1,Diane Sanfilippo,1
4729,13586810,Practical Paleo: A Customized Approach to Health and a Whole-Foods Lifestyle,1,Robb Wolf,0
4729,13586810,Practical Paleo: A Customized Approach to Health and a Whole-Foods Lifestyle,1,Bill Staley,0
4730,13193855,It Starts with Food: Discover the Whole30 and Change Your Life in Unexpected Ways,1,Dallas Hartwig,1
4730,13193855,It Starts with Food: Discover the Whole30 and Change Your Life in Unexpected Ways,1,Melissa Urban,1
4731,13547854,"The American Way of Eating: Undercover at Walmart, Applebee's, Farm Fields and the Dinner Table",0,Tracie McMillan,0
4732,13331199,The Smitten Kitchen Cookbook: Recipes and Wisdom from an Obsessive Home Cook,0,Deb Perelman,1
4733,13598307,The Art of Fermentation: An in-Depth Exploration of Essential Concepts and Processes from Around the World,0,Sandor Ellix Katz,1
4734,13329738,A Feast of Ice and Fire: The Official Game of Thrones Companion Cookbook,1,George R.R. Martin,1
4734,13329738,A Feast of Ice and Fire: The Official Game of Thrones Companion Cookbook,1,Chelsea Monroe-Cassel,0
4734,13329738,A Feast of Ice and Fire: The Official Game of Thrones Companion Cookbook,1,Sariann Lehrer,0
4735,14556629,"Forks Over Knives—The Cookbook: Over 300 Simple and Delicious Plant-Based Recipes to Help You Lose Weight, Be Healthier, and Feel Better Every Day",1,Isa Chandra Moskowitz,1
4735,14556629,"Forks Over Knives—The Cookbook: Over 300 Simple and Delicious Plant-Based Recipes to Help You Lose Weight, Be Healthier, and Feel Better Every Day",1,Del Sroufe,0
4735,14556629,"Forks Over Knives—The Cookbook: Over 300 Simple and Delicious Plant-Based Recipes to Help You Lose Weight, Be Healthier, and Feel Better Every Day",1,Julieanna Hever MS RD CPT,0
4736,15895557,Savoring the Seasons with Our Best Bites: More Than 100 Year-Round Recipes to Enjoy with Family and Friends,1,Sara Wells,1
4736,15895557,Savoring the Seasons with Our Best Bites: More Than 100 Year-Round Recipes to Enjoy with Family and Friends,1,Kate Jones,1
4737,13506703,The Back in the Day Bakery Cookbook: More Than 100 Recipes From the Best Little Bakery In the South,1,Cheryl Day,0
4737,13506703,The Back in the Day Bakery Cookbook: More Than 100 Recipes From the Best Little Bakery In the South,1,Griffith Day,0
4737,13506703,The Back in the Day Bakery Cookbook: More Than 100 Recipes From the Best Little Bakery In the South,1,Amy Paige Condon,0
4738,12868761,Let's Pretend This Never Happened: A Mostly True Memoir,0,Jenny Lawson,1
4739,13529139,I am a Pole,0,Stephen Colbert,1
4740,12853720,How to Be a Woman,0,Caitlin Moran,0
4741,12640991,Weird Things Customers Say in Bookshops,0,Jen Campbell,1
4742,7743117,Sacré Bleu: A Comedy d'Art,0,Christopher Moore,1
4743,13163846,Darth Vader and Son,0,Jeffrey Brown,1
4744,12405612,"Tough Shit: Life Advice from a Fat, Lazy Slob Who Did Good",0,Kevin Smith,0
4745,13526165,"Where'd You Go, Bernadette",0,Maria Semple,0
4746,13167847,Most Talkative: Stories from the Front Lines of Pop Culture,0,Andy Cohen,0
4747,13425415,I Suck at Girls,0,Justin Halpern,0
4748,12166282,Trail of the Spellmans,0,Lisa Lutz,1
4749,12959743,How to Be Black,0,Baratunde R. Thurston,0
4750,12332573,"Jeneration X: One Reluctant Adult's Attempt to Unarrest Her Arrested Development; Or, Why It's Never Too Late for Her Dumb Ass to Learn Why Froot Loops Are Not for Dinner",0,Jen Lancaster,1
4751,8570787,Drop Dead Healthy: One Man's Humble Quest for Bodily Perfection,0,A.J. Jacobs,0
4752,15799936,How to Tell If Your Cat Is Plotting to Kill You,1,Matthew Inman,1
4752,15799936,How to Tell If Your Cat Is Plotting to Kill You,1,The Oatmeal,0
4753,14060248,Fifty Shames of Earl Grey,1,Andrew Shaffer,1
4753,14060248,Fifty Shames of Earl Grey,1,Fanny Merkin,0
4754,13528506,America Again,0,Stephen Colbert,1
4755,12511117,"You're Not Doing It Right: Tales of Marriage, Sex, Death, and Other Humiliations",0,Michael Ian Black,1
4756,15758840,I Kill Me: Tales of A Jilted Hypochondriac,0,Tracy H. Tucker,0
4757,13151428,Not Taco Bell Material,0,Adam Carolla,0
4758,13581999,"The Walking Dead, Vol. 16: A Larger World",1,Robert Kirkman,1
4758,13581999,"The Walking Dead, Vol. 16: A Larger World",1,Charlie Adlard,1
4758,13581999,"The Walking Dead, Vol. 16: A Larger World",1,Cliff Rathburn,1
4759,12413836,"Avatar: The Last Airbender - The Promise, Part 1",1,Gene Luen Yang,1
4759,12413836,"Avatar: The Last Airbender - The Promise, Part 1",1,Bryan Konietzko,1
4759,12413836,"Avatar: The Last Airbender - The Promise, Part 1",1,Michael Dante DiMartino,1
4760,9723976,Frostbite: The Graphic Novel,1,Leigh Dragoon,1
4760,9723976,Frostbite: The Graphic Novel,1,Richelle Mead,1
4760,9723976,Frostbite: The Graphic Novel,1,Emma Vieceli,1
4761,11514260,"Hush, Hush",1,Becca Fitzpatrick,1
4761,11514260,"Hush, Hush",1,Derek Ruiz,0
4761,11514260,"Hush, Hush",1,Jennyson Rosero,0
4762,13223349,"Batman, Volume 1: The Court of Owls",1,Scott Snyder,1
4762,13223349,"Batman, Volume 1: The Court of Owls",1,Greg Capullo,1
4763,10630620,Fever Moon: The Fear Dorcha,1,Karen Marie Moning,1
4763,10630620,Fever Moon: The Fear Dorcha,1,David Lawrence,0
4763,10630620,Fever Moon: The Fear Dorcha,1,Al Rio,0
4764,11566956,Are You My Mother? A Comic Drama,0,Alison Bechdel,1
4765,12033364,"Soulless: The Manga, Vol. 1",1,Gail Carriger,1
4765,12033364,"Soulless: The Manga, Vol. 1",1,Rem,0
4766,10710392,Chopsticks,1,Jessica Anthony,0
4766,10710392,Chopsticks,1,Rodrigo Corral,0
4767,13490570,"Locke & Key, Vol. 5: Clockworks",1,Joe Hill,1
4767,13490570,"Locke & Key, Vol. 5: Clockworks",1,Gabriel Rodríguez,1
4768,15704307,"Saga, Volume 1",1,Brian K. Vaughan,1
4768,15704307,"Saga, Volume 1",1,Fiona Staples,1
4769,13573235,Building Stories,0,Chris Ware,0
4770,13226173,The Infernal Devices: Clockwork Angel,1,Cassandra Clare,1
4770,13226173,The Infernal Devices: Clockwork Angel,1,Hyekyung Baek,1
4771,12132930,"The Unwritten, Vol. 5: On to Genesis",1,Mike Carey,1
4771,12132930,"The Unwritten, Vol. 5: On to Genesis",1,Peter Gross,1
4772,11389398,Friends With Boys,0,Faith Erin Hicks,1
4773,13513205,A Wrinkle in Time: The Graphic Novel,1,Hope Larson,0
4773,13513205,A Wrinkle in Time: The Graphic Novel,1,Madeleine L'Engle,0
4774,12153951,"American Vampire, Vol. 3",1,Scott Snyder,1
4774,12153951,"American Vampire, Vol. 3",1,Rafael Albuquerque,1
4774,12153951,"American Vampire, Vol. 3",1,Sean Gordon Murphy,0
4775,13228097,"Fables, Vol. 17: Inherit the Wind",1,Bill Willingham,1
4775,13228097,"Fables, Vol. 17: Inherit the Wind",1,Mark Buckingham,1
4775,13228097,"Fables, Vol. 17: Inherit the Wind",1,Steve Leialoha,0
4776,13228306,Scalped: Knuckle Up,1,Jason Aaron,1
4776,13228306,Scalped: Knuckle Up,1,R.M. Guéra,1
4776,13228306,Scalped: Knuckle Up,1,Igor Kordey,0
4777,13227874,"Batwoman, Volume 1: Hydrology",1,J.H. Williams III,1
4777,13227874,"Batwoman, Volume 1: Hydrology",1,W. Haden Blackman,0
4777,13227874,"Batwoman, Volume 1: Hydrology",1,Amy Reeder,0
4778,13588404,A Thousand Mornings: Poems,0,Mary Oliver,1
4779,11737010,Alien vs. Predator,0,Michael Robbins,0
4780,12924640,"Love, an Index",0,Rebecca Lindenberg,0
4781,13123245,B,1,Sarah Kay,1
4781,13123245,B,1,Sophia Janowitz,1
4782,13508406,The Unwords,0,Non Nomen,0
4783,13220873,Slow Lightning (Volume 106),0,Eduardo C. Corral,0
4784,13429607,Thrall,0,Natasha Trethewey,1
4785,13427909,A Beautiful Marsupial Afternoon: New (Soma)tics,0,C.A. Conrad,0
4786,12510877,"Useless Landscape, or A Guide for Boys",0,D.A. Powell,1
4787,13366931,Goat In The Snow,0,Emily Pettit,0
4788,13061195,This Can't Be Life,0,Dana Ward,0
4789,12585315,Almost Invisible: Poems,0,Mark Strand,0
4790,13335441,The Oregon Trail Is the Oregon Trail,0,Gregory Sherl,0
4791,13236888,Snowflake,0,Eileen Myles,0
4792,13604108,Fabric,0,Jessica Bell,0
4793,13497896,Fjords Vol.1,0,Zachary Schomburg,0
4794,13152144,Dispatch from the Future: Poems,0,Leigh Stein,0
4795,13530012,October Mourning: A Song for Matthew Shepard,0,Lesléa Newman,0
4796,15764183,Out of True,0,Amy Durant,0
4797,13707574,Mayakovsky's Revolver,0,Matthew Dickman,0
4818,11870085,The Fault in Our Stars,0,John Green,1
4819,14759983,Easy,0,Tammara Webber,0
4820,15803858,Slammed,0,Colleen Hoover,1
4821,10560331,"Out of Sight, Out of Time",0,Ally Carter,1
4822,10194514,Pushing the Limits,0,Katie McGarry,1
4823,12851538,Code Name Verity,0,Elizabeth Wein,1
4824,10798416,The Statistical Probability of Love at First Sight,0,Jennifer E. Smith,1
4825,12294652,My Life Next Door,0,Huntley Fitzpatrick,0
4826,13628209,The Boy Who Sneaks in My Bedroom Window,0,Kirsty Moseley,0
4827,9888775,Catching Jordan,0,Miranda Kenneally,0
4828,15864129,Crash,0,Nicole Williams,0
4829,15852521,The Vincent Brothers,0,Abbi Glines,1
4830,12924297,Never Fall Down,0,Patricia McCormick,0
4831,13636392,Because of Low,0,Abbi Glines,1
4832,15818969,The Sea of Tranquility,0,Katja Millay,0
4833,7766027,I Hunt Killers,0,Barry Lyga,1
4834,11133791,Tilt,0,Ellen Hopkins,1
4835,11595276,The Miseducation of Cameron Post,0,Emily M. Danforth,1
4836,9403947,Something like Normal,0,Trish Doller,1
4837,12643928,Insurgent,0,Veronica Roth,1
4838,8755776,City of Lost Souls,0,Cassandra Clare,1
4839,8709523,The Golden Lily,0,Richelle Mead,1
4840,11235712,Cinder,0,Marissa Meyer,1
4841,13047090,Onyx,0,Jennifer L. Armentrout,1
4842,12680907,Bitterblue,1,Kristin Cashore,0
4842,12680907,Bitterblue,1,Ian Schoenherr,0
4843,9593911,Pandemonium,0,Lauren Oliver,1
4844,10507293,The Selection,0,Kiera Cass,1
4845,10194157,Shadow and Bone,0,Leigh Bardugo,1
4846,12971616,The Rise of Nine,0,Pittacus Lore,1
4847,9275658,Legend,0,Marie Lu,1
4848,10756656,Under the Never Sky,0,Veronica Rossi,1
4849,10215349,The Immortal Rules,0,Julie Kagawa,1
4850,11563110,Hallowed,0,Cynthia Hand,1
4851,11808950,Sweet Evil,0,Wendy Higgins,0
4852,13449693,The Raven Boys,0,Maggie Stiefvater,1
4853,12751687,Finale,0,Becca Fitzpatrick,1
4854,12394100,Seraphina,0,Rachel Hartman,0
4855,7896527,Throne of Glass,0,Sarah J. Maas,1
4856,7728889,The Diviners,0,Libba Bray,1
4857,12127750,The Mark of Athena,0,Rick Riordan,1
4858,13563669,The Third Wheel,0,Jeff Kinney,1
4859,11387515,Wonder,0,R.J. Palacio,1
4860,9307674,The Last Guardian,0,Eoin Colfer,0
4861,11607446,The Wishing Spell,0,Chris Colfer,1
4862,12893742,The Serpent's Shadow,0,Rick Riordan,1
4863,12432220,The False Prince,0,Jennifer A. Nielsen,1
4864,12902884,The Extraordinary Education of Nicholas Benedict,1,Trenton Lee Stewart,0
4864,12902884,The Extraordinary Education of Nicholas Benedict,1,Diana Sudyka,0
4865,12081467,Chomp,0,Carl Hiaasen,1
4866,11594337,The One and Only Ivan,1,Katherine Applegate,1
4866,11594337,The One and Only Ivan,1,Patricia Castelao,1
4867,11254850,Seeds of Rebellion,0,Brandon Mull,1
4868,12384984,See You at Harry's,0,Jo Knowles,0
4869,12926804,One for the Murphys,0,Lynda Mullaly Hunt,1
4870,12822875,The Council of Mirrors,1,Michael Buckley,1
4870,12822875,The Council of Mirrors,1,Peter Ferguson,0
4871,12926132,Palace of Stone,0,Shannon Hale,1
4872,11512688,The Dead of Night,0,Peter Lerangis,1
4873,13538708,The Girl Who Fell Beneath Fairyland and Led the Revels There,1,Catherynne M. Valente,1
4873,13538708,The Girl Who Fell Beneath Fairyland and Led the Revels There,1,Ana Juan,1
4874,13477819,Who Could That Be at This Hour?,1,Lemony Snicket,1
4874,13477819,Who Could That Be at This Hour?,1,Seth,0
4875,13262061,Liar & Spy,1,Rebecca Stead,1
4875,13262061,Liar & Spy,1,Jesse Bernstein,0
4876,12969560,The Hero's Guide to Saving Your Kingdom,1,Christopher Healy,0
4876,12969560,The Hero's Guide to Saving Your Kingdom,1,Todd Harris,0
4877,13546400,Olivia and the Fairy Princesses,0,Ian Falconer,0
4878,11556479,"Duckling Gets a Cookie!?, The-Pigeon series",1,Mo Willems,1
4878,11556479,"Duckling Gets a Cookie!?, The-Pigeon series",1,Trixie Willems,0
4879,12875557,Pete the Cat and His Four Groovy Buttons,1,Eric Litwin,0
4879,12875557,Pete the Cat and His Four Groovy Buttons,1,James Dean,0
4880,13531024,This Is Not My Hat,0,Jon Klassen,1
4881,13259987,Creepy Carrots!,1,Aaron Reynolds,1
4881,13259987,Creepy Carrots!,1,Peter Brown,1
4882,11867718,Listen to My Trumpet!,0,Mo Willems,1
4883,12065943,Extra Yarn,1,Mac Barnett,1
4883,12065943,Extra Yarn,1,Jon Klassen,1
4884,12448586,Boy + Bot,1,Ame Dyckman,1
4884,12448586,Boy + Bot,1,Dan Yaccarino,0
4885,11737306,One Cool Friend,1,Toni Buzzeo,0
4885,11737306,One Cool Friend,1,David Small,0
4886,13617210,Goldilocks and the Three Dinosaurs,0,Mo Willems,1
4887,12098668,Chopsticks,1,Amy Krouse Rosenthal,1
4887,12098668,Chopsticks,1,Scott Magoon,0
4888,12159951,Green:,0,Laura Vaccaro Seeger,0
4889,12576704,Z Is for Moose,1,Kelly Bingham,0
4889,12576704,Z Is for Moose,1,Paul O. Zelinsky,0
4890,11891485,And Then It's Spring,1,Julie Fogliano,1
4890,11891485,And Then It's Spring,1,Erin E. Stead,1
4891,13083239,The Fantastic Flying Books of Mr. Morris Lessmore,1,William Joyce,0
4891,13083239,The Fantastic Flying Books of Mr. Morris Lessmore,1,Joe Bluhm,0
4892,12180277,Chloe and the Lion,1,Mac Barnett,1
4892,12180277,Chloe and the Lion,1,Adam Rex,1
4893,13260591,Nightsong,1,Loren Long,1
4893,13260591,Nightsong,1,Ari Berk,0
4894,13337050,Dragons Love Tacos,1,Adam Rubin,0
4894,13337050,Dragons Love Tacos,1,Daniel Salmieri,0
4895,14742524,Wheel-Mouse vs All The Crazy Robots,0,Celyn Lawrence,0
4896,13591148,Kel Gilligan's Daredevil Stunt Show,1,Michael Buckley,1
4896,13591148,Kel Gilligan's Daredevil Stunt Show,1,Dan Santat,1
4917,10357575,1Q84,1,Haruki Murakami,1
4917,10357575,1Q84,1,Philip Gabriel,1
4917,10357575,1Q84,1,Jay Rubin,0
4918,8546358,The Peach Keeper,0,Sarah Addison Allen,1
4919,8554005,Sing You Home,0,Jodi Picoult,1
4920,8949352,Night Road,0,Kristin Hannah,1
4921,9279177,The Lover's Dictionary,0,David Levithan,1
4922,9118135,State of Wonder,0,Ann Patchett,1
4923,8366402,The Tiger's Wife,0,Téa Obreht,0
4924,10032672,The Language of Flowers,0,Vanessa Diffenbaugh,0
4925,10964693,The Marriage Plot,0,Jeffrey Eugenides,0
4926,9545064,The Story of Beautiful Girl,0,Rachel Simon,0
4927,10996342,The Art of Fielding,0,Chad Harbach,0
4928,11804738,The Sense of an Ending,0,Julian Barnes,0
4929,10059498,The Midwife's Confession,0,Diane Chamberlain,1
4930,9443405,The Pale King,0,David Foster Wallace,0
4931,10364994,The Submission,0,Amy Waldman,0
4932,9749711,Silver Sparrow,0,Tayari Jones,1
4933,9923372,Maine,0,J. Courtney Sullivan,0
4934,10762469,The Leftovers,0,Tom Perrotta,0
4935,8584686,Swamplandia!,0,Karen Russell,0
4936,9658159,Once Upon a River,0,Bonnie Jo Campbell,0
4937,9583508,Smokin' Seventeen,1,Janet Evanovich,1
4937,9583508,Smokin' Seventeen,1,Lorelei King,0
4938,10402992,New York to Dallas,1,J.D. Robb,1
4938,10402992,New York to Dallas,1,Susan Ericksen,0
4939,9736930,Before I Go to Sleep,0,S.J. Watson,0
4940,8517008,A Red Herring Without Mustard,0,Alan Bradley,1
4941,10552338,Reamde,0,Neal Stephenson,1
4942,9166559,These Things Hidden,0,Heather Gudenkauf,1
4943,10169662,Never Knowing,0,Chevy Stevens,1
4944,7926569,Now You See Her,1,James Patterson,1
4944,7926569,Now You See Her,1,Michael Ledwidge,0
4945,8701129,Love You More,0,Lisa Gardner,1
4946,9681098,The Fifth Witness,0,Michael Connelly,1
4947,10680329,A Trick of the Light,0,Louise Penny,1
4948,9635495,Fallen,0,Karin Slaughter,1
4949,8437667,Live Wire,0,Harlan Coben,1
4950,10532477,Heat Rises,0,Richard Castle,1
4951,9440448,Buried Prey,0,John Sandford,1
4952,10024937,Iron House,0,John Hart,1
4953,9970915,Pirate King,0,Laurie R. King,1
4954,9578677,The Silent Girl,0,Tess Gerritsen,1
4955,10627168,The Affair,0,Lee Child,1
4956,9231999,Claire DeWitt and the City of the Dead,0,Sara Gran,0
4957,8683812,The Paris Wife,0,Paula McLain,1
4958,10950924,The Dovekeepers,0,Alice Hoffman,1
4959,9850443,The Sisters Brothers,0,Patrick deWitt,0
4960,8689913,Madame Tussaud: A Novel of the French Revolution,0,Michelle Moran,1
4961,9500416,Dreams of Joy,0,Lisa See,1
4962,8312896,The Second Duchess,0,Elizabeth Loupas,0
4963,9684523,Caleb's Crossing,0,Geraldine Brooks,0
4964,10518423,The Soldier's Wife,0,Margaret Leroy,0
4965,10054335,Rules of Civility,0,Amor Towles,1
4966,10872085,Only Time Will Tell,0,Jeffrey Archer,1
4967,9542439,The Lady of the Rivers,0,Philippa Gregory,1
4968,8911226,Doc,0,Mary Doria Russell,1
4969,9413657,Letters from Home,0,Kristina McMorris,0
4970,9689093,The Autobiography of Mrs. Tom Thumb,0,Melanie Benjamin,1
4971,10158657,22 Britannia Road,0,Amanda Hodgkinson,0
4972,10437680,Lionheart,0,Sharon Kay Penman,1
4973,9933894,The Dark Enquiry,0,Deanna Raybourn,1
4974,9951003,Becoming Marie Antoinette,0,Juliet Grey,0
4975,8582344,Exit the Actress,0,Priya Parmar,0
4976,9464746,The Wild Rose,0,Jennifer Donnelly,1
4977,10664113,A Dance with Dragons,0,George R.R. Martin,1
4978,9361589,The Night Circus,0,Erin Morgenstern,1
4979,1215032,The Wise Man's Fear,0,Patrick Rothfuss,1
4980,8785374,Snuff,0,Terry Pratchett,1
4981,9581507,Don't Breathe a Word,0,Jennifer McMahon,1
4982,10079321,The Magician King,0,Lev Grossman,1
4983,8131227,One of Our Thursdays Is Missing,0,Jasper Fforde,1
4984,8315340,Twilight's Dawn,0,Anne Bishop,1
4985,9519912,Naamah's Blessing,0,Jacqueline Carey,0
4986,9579634,Prince of Thorns,0,Mark Lawrence,1
4987,8411749,The Rogue,0,Trudi Canavan,1
4988,8706185,Among Others,0,Jo Walton,0
4989,10803121,The Alloy of Law,0,Brandon Sanderson,1
4990,8679140,Cast in Ruin,0,Michelle Sagara,1
4991,8694389,Deathless,0,Catherynne M. Valente,1
4992,9300768,The Heroes,0,Joe Abercrombie,1
4993,8396337,Blackveil,0,Kristen Britain,0
4994,7923006,The Kingdom of Gods,0,N.K. Jemisin,1
4995,10199908,The Measure of the Magic,0,Terry Brooks,1
4996,8598554,The Omen Machine,0,Terry Goodkind,1
4997,7304203,Shadowfever,0,Karen Marie Moning,1
4998,8667848,A Discovery of Witches,0,Deborah Harkness,1
4999,7981206,Dead Reckoning,0,Charlaine Harris,1
5000,8058301,Ghost Story,0,Jim Butcher,1
5001,8559047,Magic Slays,0,Ilona Andrews,1
5002,7802254,Succubus Revealed,0,Richelle Mead,1
5003,6871617,This Side of the Grave,0,Jeaniene Frost,1
5004,8138071,Pale Demon,0,Kim Harrison,1
5005,8087906,River Marked,0,Patricia Briggs,1
5006,9581001,Hard Bitten,0,Chloe Neill,1
5007,9565045,Second Grave on the Left,0,Darynda Jones,1
5008,8935153,Hit List,0,Laurell K. Hamilton,1
5009,8356487,Heartless,0,Gail Carriger,1
5010,10783217,One Salt Sea,0,Seanan McGuire,1
5011,8926959,Hunt the Moon,0,Karen Chance,1
5012,9533378,Hounded,0,Kevin Hearne,1
5013,7797032,Spell Bound,0,Kelley Armstrong,1
5014,9571401,Blood Rights,0,Kristen Painter,0
5015,8105616,Blood Challenge,0,Eileen Wilks,0
5016,9565574,Grave Dance,0,Kalayna Price,0
5017,10644930,11/22/1963,0,Stephen King,1
5018,9969571,Ready Player One,0,Ernest Cline,1
5019,11045709,When She Woke,0,Hillary Jordan,0
5020,12620241,Silver Shark,0,Ilona Andrews,1
5021,9634967,Robopocalypse,0,Daniel H. Wilson,0
5022,9673936,Basilisk,0,Rob Thurman,0
5023,9265453,Embassytown,0,China Miéville,0
5024,9795166,Phoenix Rising,1,Pip Ballantine,1
5024,9795166,Phoenix Rising,1,Tee Morris,1
5025,10648186,Aftermath,0,Ann Aguirre,1
5026,8855321,Leviathan Wakes,0,James S.A. Corey,1
5027,9647532,Fuzzy Nation,0,John Scalzi,1
5028,8429441,WWW: Wonder,0,Robert J. Sawyer,0
5029,9762449,Ghost Ship,1,Sharon Lee,0
5029,9762449,Ghost Ship,1,Steve Miller,0
5030,10138547,Rule 34,0,Charles Stross,1
5031,9676849,Dreadnaught,0,Jack Campbell,1
5032,8714075,Alien in the Family,0,Gini Koch,1
5033,8701508,Rising Tides,0,Taylor Anderson,0
5034,9432902,Flashback,0,Dan Simmons,0
5035,10207116,The Final Evolution,0,Jeff Somers,0
5036,9756310,The Clockwork Rocket,0,Greg Egan,0
5037,5957313,Graveminder,0,Melissa Marr,1
5038,7830126,What the Night Knows,0,Dean Koontz,1
5039,8429687,Deadline,0,Mira Grant,1
5040,8718281,Dreadfully Ever After,0,Steve Hockensmith,0
5041,10209997,The Night Strangers,0,Chris Bohjalian,1
5042,9640626,My Life as a White Trash Zombie,1,Diana Rowland,1
5042,9640626,My Life as a White Trash Zombie,1,Daniel Dos Santos,1
5043,9440171,The President's Vampire,0,Christopher Farnsworth,1
5044,9421748,Eat Slay Love,0,Jesse Petersen,0
5045,10365343,Zone One,0,Colson Whitehead,1
5046,9065272,Aftertime,0,Sophie Littlefield,0
5047,11422798,Seed,0,Ania Ahlborn,0
5048,9532302,The Last Werewolf,0,Glen Duncan,1
5049,10108463,The Devil All the Time,0,Donald Ray Pollock,0
5050,6945530,The Night Eternal,1,Guillermo del Toro,1
5050,6945530,The Night Eternal,1,Chuck Hogan,1
5051,8585317,The Cypress House,0,Michael Koryta,0
5052,9120730,The King of Plagues,0,Jonathan Maberry,1
5053,9466865,Raising Stony Mayhall,0,Daryl Gregory,0
5054,11876043,That Which Should Not Be,0,Brett J. Talley,1
5055,10644437,An Apple For Zoë,0,Thomas Amo,0
5056,10772903,Those Across the River,0,Christopher Buehlman,0
5057,8492319,Lover Unleashed,0,J.R. Ward,1
5058,10818853,Fifty Shades of Grey,0,E.L. James,1
5059,10506237,Hot Head,0,Damon Suede,0
5060,9571478,Just Like Heaven,0,Julia Quinn,1
5061,9410421,Chasing Fire,0,Nora Roberts,1
5062,9650938,Kiss of Snow,0,Nalini Singh,1
5063,8437379,Call Me Irresistible,0,Susan Elizabeth Phillips,0
5064,9065265,Retribution,0,Sherrilyn Kenyon,1
5065,8038219,The Darkest Surrender,0,Gena Showalter,1
5066,8534799,Dreams of a Dark Warrior,0,Kresley Cole,1
5067,8449698,When Beauty Tamed the Beast,0,Eloisa James,1
5068,8150317,Deeper Than Midnight,0,Lara Adrian,1
5069,8843801,Eternal Rider,0,Larissa Ione,0
5070,9314304,Breaking Point,0,Pamela Clare,0
5071,8074967,Archangel's Blade,0,Nalini Singh,1
5072,8538297,Big Bad Beast,0,Shelly Laurenston,0
5073,9637479,Dragon Bound,0,Thea Harrison,0
5074,8419428,A Lot like Love,0,Julie James,1
5075,8111651,The Orchid Affair,0,Lauren Willig,1
5076,10140661,Gabriel's Inferno,0,Sylvain Reynard,1
5077,9418327,Bossypants,0,Tina Fey,0
5078,11192642,Go the Fuck to Sleep,1,Adam Mansbach,0
5078,11192642,Go the Fuck to Sleep,1,Ricardo Cortés,0
5079,9972053,If You Ask Me,0,Betty White,0
5080,9713837,If You Were Here,0,Jen Lancaster,1
5081,10335308,Is Everyone Hanging Out Without Me?,0,Mindy Kaling,1
5082,10041004,Lies That Chelsea Handler Told Me,0,Chelsea Handler,1
5083,11230081,Seriously... I'm Kidding,0,Ellen DeGeneres,0
5084,10505349,Thank You Notes,1,Jimmy Fallon,1
5084,10505349,Thank You Notes,1,the Writers of Late Night,0
5085,9452338,This is a Book,0,Demetri Martin,0
5086,8495145,"God, No! Signs You May Already Be an Atheist and Other Magical Tales",0,Penn Jillette,0
5087,9673577,It Looked Different on the Model: Epic Tales of Impending Shame and Infamy,0,Laurie Notaro,1
5088,10227995,"Damn You, Autocorrect!",0,Jillian Madison,0
5089,10790819,Domestic Violets,0,Matthew Norman,0
5090,9965550,The Real Macaw,0,Donna Andrews,0
5091,9875493,2030: The Real Story of What Happens to America,0,Albert Brooks,0
5092,8520878,"It's All Relative: Two Families, Three Dogs, 34 Holidays, and 50 Boxes of Wine",0,Wade Rouse,0
5093,12306447,The Day I Wore My Panties Inside Out,0,Jen Tucker,0
5094,8586212,Electric Barracuda,0,Tim Dorsey,0
5095,10880532,Doodling,0,Jonathan Gould,0
5096,7841659,Zombie Spaceship Wasteland,0,Patton Oswalt,1
5097,8535464,"The Geeks Shall Inherit the Earth: Popularity, Quirk Theory and Why Outsiders Thrive After High School",0,Alexandra Robbins,0
5098,8565083,Cinderella Ate My Daughter: Dispatches from the Frontlines of the New Girlie-Girl Culture,0,Peggy Orenstein,1
5099,10283787,"It Gets Better: Coming Out, Overcoming Bullying, and Creating a Life Worth Living",1,Dan Savage,1
5099,10283787,"It Gets Better: Coming Out, Overcoming Bullying, and Creating a Life Worth Living",1,Terry Miller,0
5100,9378733,The Psychopath Test: A Journey Through the Madness Industry,0,Jon Ronson,1
5101,6346975,Moonwalking with Einstein: The Art and Science of Remembering Everything,0,Joshua Foer,0
5102,11151351,"Three Cups of Deceit: How Greg Mortenson, Humanitarian Hero, Lost His Way",0,Jon Krakauer,1
5103,9534444,Boomerang: Travels in the New Third World,0,Michael Lewis,1
5104,10081832,"Supergods: What Masked Vigilantes, Miraculous Mutants, and a Sun God from Smallville Can Teach Us About Being Human",0,Grant Morrison,0
5105,9628743,"The Social Animal: The Hidden Sources of Love, Character, and Achievement",0,David Brooks,1
5106,10782350,Think: Straight Talk for Women to Stay Smart in a Dumbed-Down World,0,Lisa Bloom,0
5107,8884400,The Most Human Human: What Talking with Computers Teaches Us About What It Means to Be Alive,0,Brian Christian,1
5108,8701960,"The Information: A History, a Theory, a Flood",0,James Gleick,1
5109,11256979,The Magic of Reality: How We Know What's Really True,1,Richard Dawkins,1
5109,11256979,The Magic of Reality: How We Know What's Really True,1,Dave McKean,0
5110,10368067,Poke the Box,0,Seth Godin,0
5111,7841446,"In the Plex: How Google Thinks, Works, and Shapes Our Lives",0,Steven Levy,0
5112,10021420,Sex on the Moon: The Amazing Story Behind the Most Audacious Heist in History,0,Ben Mezrich,0
5113,9319468,Kingpin: How One Hacker Took Over the Billion-Dollar Cybercrime Underground,0,Kevin Poulsen,0
5114,10091466,Inside Scientology: The Story of America's Most Secretive Religion,0,Janet Reitman,0
5115,10596103,The Filter Bubble: What the Internet is Hiding From You,0,Eli Pariser,0
5116,9827912,Incognito: The Secret Lives of the Brain,0,David Eagleman,0
5117,11084145,Steve Jobs,0,Walter Isaacson,1
5118,9938498,"In the Garden of Beasts: Love, Terror, and an American Family in Hitler's Berlin",0,Erik Larson,1
5119,10414941,Catherine the Great: Portrait of a Woman,0,Robert K. Massie,0
5120,10340846,"The Eighty-Dollar Champion: Snowman, the Horse That Inspired a Nation",0,Elizabeth Letts,0
5121,11305364,Area 51: An Uncensored History of America's Top Secret Military Base,0,Annie Jacobsen,1
5122,8584913,"The Dressmaker of Khair Khana: Five Sisters, One Remarkable Family, and the Woman Who Risked Everything to Keep Them Safe",0,Gayle Tzemach Lemmon,1
5123,10131648,The Greater Journey: Americans in Paris,0,David McCullough,1
5124,9729504,"Lost in Shangri-la: A True Story of Survival, Adventure, and the Most Incredible Rescue Mission of World War II",0,Mitchell Zuckoff,1
5125,7940589,Malcolm X: A Life of Reinvention,0,Manning Marable,0
5126,9775295,The Murder of the Century: The Gilded Age Crime that Scandalized a City and Sparked the Tabloid Wars,0,Paul Collins,0
5127,10335318,"Destiny of the Republic: A Tale of Madness, Medicine and the Murder of a President",0,Candice Millard,1
5128,9315641,"To End All Wars: A Story of Loyalty and Rebellion, 1914-1918",0,Adam Hochschild,1
5129,9578336,1861: The Civil War Awakening,0,Adam Goodheart,0
5130,8264505,Endgame: Bobby Fischer's Remarkable Rise and Fall—From America's Brightest Prodigy to the Edge of Madness,0,Frank Brady,0
5131,8857310,Unfamiliar Fishes,0,Sarah Vowell,1
5132,10263986,The Man in the Rockefeller Suit: The Astonishing Rise and Spectacular Fall of a Serial Impostor,0,Mark Seal,0
5133,10587120,Killing Lincoln: The Shocking Assassination that Changed America Forever,1,Bill O'Reilly,1
5133,10587120,Killing Lincoln: The Shocking Assassination that Changed America Forever,1,Martin Dugard,1
5134,9862761,1493: Uncovering the New World Columbus Created,0,Charles C. Mann,0
5135,10400627,A Singular Woman: The Untold Story of Barack Obama's Mother,0,Janny Scott,0
5136,11369904,"A Thousand Lives: The Untold Story of Hope, Deception, and Survival at Jonestown",0,Julia Scheeres,0
5137,9484793,Two Kisses for Maddy: A Memoir of Loss and Love,0,Matthew Logelin,0
5138,11330361,A Stolen Life,0,Jaycee Dugard,0
5139,10211494,Stories I Only Tell My Friends,0,Rob Lowe,1
5140,9580315,My Lucky Life in and Out of Show Business,0,Dick Van Dyke,0
5141,9862827,The Reading Promise: My Father and the Books We Shared,1,Alice Ozma,0
5141,9862827,The Reading Promise: My Father and the Books We Shared,1,Jim Brozina,0
5142,8483233,The Pioneer Woman: Black Heels to Tractor Wheels,0,Ree Drummond,1
5143,8584951,Girls Like Us,0,Rachel Lloyd,0
5144,9739365,SEAL Team Six: Memoirs of an Elite Navy SEAL Sniper,1,Howard E. Wasdin,0
5144,9739365,SEAL Team Six: Memoirs of an Elite Navy SEAL Sniper,1,Stephen Templin,0
5145,8619825,The Wilder Life: My Adventures in the Lost World of Little House on the Prairie,0,Wendy McClure,0
5146,9202591,"This Is Gonna Hurt: Music, Photography, And Life Through The Distorted Lens Of Nikki Sixx",0,Nikki Sixx,0
5147,8248617,Townie,0,Andre Dubus III,0
5148,11500827,"Then They Came for Me: A Family's Story of Love, Captivity, and Survival",1,Maziar Bahari,0
5148,11500827,"Then They Came for Me: A Family's Story of Love, Captivity, and Survival",1,Aimee Molloy,0
5149,8979038,"Tiger, Tiger",0,Margaux Fragoso,0
5150,9756135,The End of Boys,0,Peter Brown Hoffmeister,0
5151,9476292,Tolstoy and the Purple Chair: My Year of Magical Reading,0,Nina Sankovitch,0
5152,7840833,The Memory Palace,0,Mira Bartok,0
5153,10836585,Life Itself,0,Roger Ebert,0
5154,9160695,Battle Hymn of the Tiger Mother,0,Amy Chua,0
5155,9214995,The Chronology of Water,1,Lidia Yuknavitch,0
5155,9214995,The Chronology of Water,1,Chelsea Cain,0
5156,9428981,Here Comes Trouble,0,Michael Moore,0
5157,9443977,"My Father's Daughter: Delicious, Easy Recipes Celebrating Family & Togetherness",1,Gwyneth Paltrow,1
5157,9443977,"My Father's Daughter: Delicious, Easy Recipes Celebrating Family & Togetherness",1,Mario Batali,0
5158,10987533,Good Eats 3: The Later Years,0,Alton Brown,1
5159,8459594,"Blood, Bones, and Butter: The Inadvertent Education of a Reluctant Chef",0,Gabrielle Hamilton,0
5160,9833965,Don't Kill the Birthday Girl: Tales from an Allergic Life,0,Sandra Beasley,0
5161,9745929,Our Best Bites: Mormon Moms in the Kitchen,1,Sara Wells,1
5161,9745929,Our Best Bites: Mormon Moms in the Kitchen,1,Kate Jones,1
5162,8727466,Why We Get Fat: And What to Do About It,0,Gary Taubes,1
5163,9848914,Vegan for Life: Everything You Need to Know to Be Healthy and Fit on a Plant-Based Diet,1,Jack Norris,0
5163,9848914,Vegan for Life: Everything You Need to Know to Be Healthy and Fit on a Plant-Based Diet,1,Virginia Messina,0
5164,8704047,The Sorcerer's Apprentices: A Season in the Kitchen at Ferran Adrià's elBulli,0,Lisa Abend,0
5165,10178769,Jeni's Splendid Ice Creams at Home,0,Jeni Britton Bauer,0
5166,10222093,Tomatoland: How Modern Industrial Agriculture Destroyed Our Most Alluring Fruit,0,Barry Estabrook,1
5167,8667490,"Life, on the Line: A Chef's Story of Chasing Greatness, Facing Death, and Redefining the Way We Eat",1,Grant Achatz,0
5167,8667490,"Life, on the Line: A Chef's Story of Chasing Greatness, Facing Death, and Redefining the Way We Eat",1,Nick Kokonas,0
5168,11828823,Paula Deen's Southern Cooking Bible: The New Classic Guide to Delicious Dishes with More Than 300 Recipes,1,Paula H. Deen,0
5168,11828823,Paula Deen's Southern Cooking Bible: The New Classic Guide to Delicious Dishes with More Than 300 Recipes,1,Melissa Clark,0
5169,9265477,Power Foods: 150 Delicious Recipes with the 38 Healthiest Ingredients: A Cookbook,0,Whole Living Magazine,0
5170,9326166,Super Natural Every Day: Well-Loved Recipes from My Natural Foods Kitchen,0,Heidi Swanson,0
5171,9808248,"Veganist: Lose Weight, Get Healthy, Change the World",0,Kathy Freston,0
5172,11505008,"Wheat Belly: Lose the Wheat, Lose the Weight, and Find Your Path Back to Health",0,William Davis,0
5173,7665543,"Day of Honey: A Memoir of Food, Love, and War",0,Annia Ciezadlo,0
5174,11680487,"The Urban Farm Handbook: City-Slicker Resources for Growing, Raising, Sourcing, Trading, and Preparing What You Eat",1,Annette Cottrell,0
5174,11680487,"The Urban Farm Handbook: City-Slicker Resources for Growing, Raising, Sourcing, Trading, and Preparing What You Eat",1,Joshua McNichols,0
5174,11680487,"The Urban Farm Handbook: City-Slicker Resources for Growing, Raising, Sourcing, Trading, and Preparing What You Eat",1,Harley Soltes,0
5175,9382782,"Vegan Pie in the Sky: 75 Out-of-This-World Recipes for Pies, Tarts, Cobblers, Crumbles, and More",1,Isa Chandra Moskowitz,1
5175,9382782,"Vegan Pie in the Sky: 75 Out-of-This-World Recipes for Pies, Tarts, Cobblers, Crumbles, and More",1,Terry Hope Romero,0
5176,11550559,The Kitchen Counter Cooking School: How a Few Simple Lessons Transformed Nine Culinary Novices into Fearless Home Cooks,0,Kathleen Flinn,1
5177,8564644,Little Princes: One Man's Promise to Bring Home the Lost Children of Nepal,0,Conor Grennan,0
5178,10111087,Turn Right at Machu Picchu: Rediscovering the Lost City One Step at a Time,0,Mark Adams,0
5179,9514649,"The Good Girl's Guide to Getting Lost: A Memoir of Three Continents, Two Friends, and One Unexpected Adventure",0,Rachel Friedman,0
5180,10401121,"You've Gone Too Far This Time, Sir!",0,Danny Bent,0
5181,10502301,"Maphead: Charting the Wide, Weird World of Geography Wonks",0,Ken Jennings,0
5182,9105432,The Foremost Good Fortune,0,Susan Conley,0
5183,10179129,"Made for You and Me: Going West, Going Broke, Finding Home",0,Caitlin Shetterly,0
5184,9524132,Sideways on a Scooter: Life and Love in India,0,Miranda Kennedy,0
5185,9869499,The Ledge: An Adventure Story of Friendship and Survival on Mount Rainier,1,Jim Davidson,0
5185,9869499,The Ledge: An Adventure Story of Friendship and Survival on Mount Rainier,1,Kevin Vaughan,0
5186,9341909,Fire Season: Field Notes from a Wilderness Lookout,0,Philip Connors,0
5187,9190555,The Tao of Travel: Enlightenments from Lives on the Road,0,Paul Theroux,0
5188,9808172,Wanderlust: A Love Affair with Five Continents,0,Elisabeth Eaves,0
5189,10283324,"Kosher Chinese: Living, Teaching, and Eating with China's Other Billion",0,Michael Levy,0
5190,9463102,Married to Bhutan,0,Linda Leaming,0
5191,9571766,To a Mountain in Tibet,0,Colin Thubron,0
5192,9371993,The View from Lazy Point: A Natural Year in an Unnatural World,0,Carl Safina,1
5193,8774573,"Big in China: My Unlikely Adventures Raising a Family, Playing the Blues, and Becoming a Star in Beijing",0,Alan Paul,0
5194,9902621,The Sinner's Grand Tour: A Journey Through the Historical Underbelly of Europe,0,Tony Perrottet,0
5195,9304907,"To Timbuktu: Nine Countries, Two People, One True Story",1,Steven Weinberg,0
5195,9304907,"To Timbuktu: Nine Countries, Two People, One True Story",1,Casey Scieszka,0
5196,11094626,Crazy River: Exploration and Folly in East Africa,0,Richard Grant,0
5197,8492825,Where She Went,0,Gayle Forman,1
5198,9961796,Lola and the Boy Next Door,0,Stephanie Perkins,1
5199,8492856,What Happened to Goodbye,0,Sarah Dessen,1
5200,9464733,Beauty Queens,0,Libba Bray,1
5201,8662836,Chain Reaction,0,Simone Elkeles,1
5202,7824322,Between Shades of Gray,0,Ruta Sepetys,1
5203,9462775,The Last Little Blue Envelope,0,Maureen Johnson,1
5204,8928054,Shine,0,Lauren Myracle,1
5205,10327303,Uncommon Criminals,0,Ally Carter,1
5206,9893331,Twisted,0,Sara Shepard,1
5207,9917945,Perfect,0,Ellen Hopkins,1
5208,8680278,We'll Always Have Summer,0,Jenny Han,1
5209,11505797,Beautiful Disaster,0,Jamie McGuire,1
5210,9470371,Love Story,0,Jennifer Echols,0
5211,10801027,Cross My Heart,0,Katie Klein,0
5212,8013391,"Real Live Boyfriends: Yes. Boyfriends, Plural. If My Life Weren't Complicated, I Wouldn't Be Ruby Oliver",0,E. Lockhart,1
5213,9415966,Spoiled,1,Heather Cocks,1
5213,9415966,Spoiled,1,Jessica Morgan,1
5214,8354134,The Running Dream,0,Wendelin Van Draanen,0
5215,11561469,Reason to Breathe,0,Rebecca Donovan,0
5216,11096647,Flat-Out Love,0,Jessica Park,1
5217,8306857,Divergent,0,Veronica Roth,1
5218,6752378,City of Fallen Angels,0,Cassandra Clare,1
5219,9460487,Miss Peregrine's Home for Peculiar Children,0,Ransom Riggs,1
5220,8709527,Bloodlines,0,Richelle Mead,1
5221,9659607,The Iron Knight,0,Julie Kagawa,1
5222,10637766,Silence,0,Becca Fitzpatrick,1
5223,7686667,Delirium,0,Lauren Oliver,1
5224,9409458,Forever,0,Maggie Stiefvater,1
5225,8235178,Across the Universe,0,Beth Revis,0
5226,8652190,Awakened,1,P.C. Cast,0
5226,8652190,Awakened,1,Kristin Cast,0
5227,8525590,Wither,0,Lauren DeStefano,0
5228,9369720,Passion,0,Lauren Kate,0
5229,7488244,Unearthly,0,Cynthia Hand,1
5230,8428064,Demonglass,0,Rachel Hawkins,1
5231,6368611,Darkest Mercy,0,Melissa Marr,1
5232,8490112,Daughter of Smoke & Bone,0,Laini Taylor,1
5233,9802372,The Name of the Star,0,Maureen Johnson,1
5234,2964700,Mastiff,0,Tamora Pierce,0
5235,9918083,Goliath,1,Scott Westerfeld,1
5235,9918083,Goliath,1,Keith Thompson,0
5236,7879278,Waterfall,0,Lisa Tawn Bergren,0
5237,9520360,The Son of Neptune,0,Rick Riordan,1
5238,9067850,The Throne of Fire,0,Rick Riordan,1
5239,10659536,Every Thing on It,0,Shel Silverstein,0
5240,11254250,Cabin Fever,0,Jeff Kinney,1
5241,10128428,Wonderstruck,0,Brian Selznick,1
5242,9591398,The Girl Who Circumnavigated Fairyland in a Ship of Her Own Making,0,Catherynne M. Valente,1
5243,8621462,A Monster Calls,1,Patrick Ness,0
5243,8621462,A Monster Calls,1,Jim Kay,0
5243,8621462,A Monster Calls,1,Siobhan Dowd,0
5244,10425811,Liesl & Po,1,Lauren Oliver,1
5244,10425811,Liesl & Po,1,Kei Acedera,0
5245,8485458,Sign of the Moon,1,Erin Hunter,1
5245,8485458,Sign of the Moon,1,Owen Richardson,0
5245,8485458,Sign of the Moon,1,Allen Douglas,0
5246,8435445,Scorpia Rising,0,Anthony Horowitz,0
5247,9165406,Okay for Now,0,Gary D. Schmidt,0
5248,7355137,Darke,1,Angie Sage,1
5248,7355137,Darke,1,Mark Zug,0
5249,8306745,A World Without Heroes,0,Brandon Mull,1
5250,9252036,The Penderwicks at Point Mouette,0,Jeanne Birdsall,1
5251,8619814,The Emerald Atlas,0,John Stephens,0
5252,9465845,Vespers Rising,1,Rick Riordan,1
5252,9465845,Vespers Rising,1,Peter Lerangis,1
5252,9465845,Vespers Rising,1,Gordon Korman,1
5253,11082352,Travel to Tomorrow,0,Angela Sage Larsen,0
5254,10637959,Breadcrumbs,1,Anne Ursu,0
5254,10637959,Breadcrumbs,1,Erin Mcguire,0
5255,9917879,The Unwanteds,0,Lisa McMann,0
5256,10431447,Wildwood,1,Colin Meloy,0
5256,10431447,Wildwood,1,Carson Ellis,0
5257,9328233,When I Grow Up,1,Al Yankovic,0
5257,9328233,When I Grow Up,1,Wes Hargis,0
5258,11233988,I Want My Hat Back,0,Jon Klassen,1
5259,9314560,Scaredy Squirrel Has a Birthday Party,0,Mélanie Watt,0
5260,8471012,Little White Rabbit,0,Kevin Henkes,1
5261,8726737,Cat Secrets,0,Jef Czekaj,0
5262,10574666,Grandpa Green,0,Lane Smith,0
5263,9212014,Cloudette,0,Tom Lichtenheld,1
5264,9211991,Queen of the Falls,0,Chris Van Allsburg,0
5265,9465166,Hooray for Amanda & Her Alligator!,0,Mo Willems,1
5266,10168924,Blackout,0,John Rocco,0
5267,10550292,If You Give a Dog a Donut,1,Laura Joffe Numeroff,0
5267,10550292,If You Give a Dog a Donut,1,Felicia Bond,0
5268,9771739,Say Hello to Zorro!,0,Carter Goodrich,0
5269,8411631,Won-Ton: A Cat Tale Told in Haiku,1,Lee Wardlaw,0
5269,8411631,Won-Ton: A Cat Tale Told in Haiku,1,Eugene Yelchin,0
5270,8999818,I Broke My Trunk!,0,Mo Willems,1
5271,9537743,Where's Walrus?,0,Stephen A. Savage,0
5272,9642662,Me... Jane,0,Patrick McDonnell,0
5273,11345770,Llama Llama Home with Mama,0,Anna Dewdney,0
5274,10253286,"Skippyjon Jones, Class Action",0,Judy Schachner,0
5275,8471013,Perfect Square,0,Michael Hall,1
5276,11051230,You Will Be My Friend!,0,Peter Brown,1
5277,8643220,Vampire Academy,1,Leigh Dragoon,1
5277,8643220,Vampire Academy,1,Richelle Mead,1
5277,8643220,Vampire Academy,1,Emma Vieceli,1
5278,9792887,"Buffy the Vampire Slayer: Season 8, Vol. 8: Last Gleaming",1,Joss Whedon,1
5278,9792887,"Buffy the Vampire Slayer: Season 8, Vol. 8: Last Gleaming",1,Georges Jeanty,0
5278,9792887,"Buffy the Vampire Slayer: Season 8, Vol. 8: Last Gleaming",1,Scott Allie,0
5279,10822174,"The Walking Dead, Vol. 14: No Way Out",1,Robert Kirkman,1
5279,10822174,"The Walking Dead, Vol. 14: No Way Out",1,Charlie Adlard,1
5279,10822174,"The Walking Dead, Vol. 14: No Way Out",1,Cliff Rathburn,1
5280,11450360,"Twilight: The Graphic Novel, Vol. 2",1,Stephenie Meyer,1
5280,11450360,"Twilight: The Graphic Novel, Vol. 2",1,Young Kim,0
5281,10767466,Hark! A Vagrant,0,Kate Beaton,1
5282,9260507,5 Very Good Reasons to Punch a Dolphin in the Mouth and Other Useful Guides,0,Matthew Inman,1
5283,8712359,"The Dark-Hunters, Vol. 4",1,Sherrilyn Kenyon,1
5283,8712359,"The Dark-Hunters, Vol. 4",1,Joshua Hale Fialkov,0
5283,8712359,"The Dark-Hunters, Vol. 4",1,Claudia Campos,0
5284,9615347,Anya's Ghost,0,Vera Brosgol,1
5285,10138607,Habibi,0,Craig Thompson,1
5286,9674335,"Locke & Key, Vol. 4: Keys to the Kingdom",1,Joe Hill,1
5286,9674335,"Locke & Key, Vol. 4: Keys to the Kingdom",1,Gabriel Rodríguez,1
5287,9532901,Blood Work,1,Kim Harrison,1
5287,9532901,Blood Work,1,Pedro Maia,0
5287,9532901,Blood Work,1,Gemma Magno,0
5288,8601702,"Fables, Vol. 15: Rose Red",1,Bill Willingham,1
5288,8601702,"Fables, Vol. 15: Rose Red",1,Mark Buckingham,1
5289,8477057,Daytripper,1,Fábio Moon,1
5289,8477057,Daytripper,1,Gabriel Bá,1
5289,8477057,Daytripper,1,Craig Thompson,1
5290,8560639,"The Unwritten, Vol. 3: Dead Man's Knock",1,Mike Carey,1
5290,8560639,"The Unwritten, Vol. 3: Dead Man's Knock",1,Peter Gross,1
5291,9630403,Level Up,1,Gene Luen Yang,1
5291,9630403,Level Up,1,Thien Pham,0
5292,11369933,Deadly Storm,1,Richard Castle,1
5292,11369933,Deadly Storm,1,Brian Michael Bendis,0
5292,11369933,Deadly Storm,1,Peter David,0
5293,10537195,The Last Council,0,Kazu Kibuishi,0
5294,8793349,Mister Wonderful: A Love Story,0,Daniel Clowes,1
5295,8569434,Scalped: Rez Blues,1,Jason Aaron,1
5295,8569434,Scalped: Rez Blues,1,R.M. Guéra,1
5295,8569434,Scalped: Rez Blues,1,Danijel Žeželj,0
5296,9304081,Harbor Moon,1,Ryan Colucci,0
5296,9304081,Harbor Moon,1,Dikran Ornekian,0
5296,9304081,Harbor Moon,1,Pawel Sambor,0
5297,9315496,Horoscopes for the Dead,0,Billy Collins,1
5298,10326288,Broetry Poetry for Dudes,0,Brian McGackin,0
5299,9743885,Money Shot,0,Rae Armantrout,0
5300,9471417,I Love a Broad Margin to My Life,0,Maxine Hong Kingston,0
5301,9654817,Lucky Fish,0,Aimee Nezhukumatathil,0
5302,11480960,The Trees The Trees,0,Heather Christle,0
5303,10441086,Ordinary Sun,0,Matthew Henriksen,0
5304,9083996,The Captain Asks for a Show of Hands,0,Nick Flynn,0
5305,8329847,The Book of Men,0,Dorianne Laux,0
5306,9763619,Testify,0,Joseph Lease,0
5307,10858542,Fall Higher,0,Dean Young,1
5308,9803013,That This,1,Susan Howe,0
5308,9803013,That This,1,James Welling,0
5309,11687728,She Returns to the Floating World,0,Jeannine Hall Gailey,1
5310,11065188,The Angel in the Dream of Our Hangover,0,Mark Leidner,1
5311,9605240,Flies,0,Michael Dickman,0
5312,8431208,Tonight No Poetry Will Serve,0,Adrienne Rich,0
5313,11521367,Feasting at the Table of the Damned,0,Daniel Ames,0
5314,8912427,Destroyer and Preserver,0,Matthew Rohrer,0
5315,12085850,Beauty Was the Case That They Gave Me,0,Mark Leidner,1
5316,9870010,The Chameleon Couch,0,Yusef Komunyakaa,0
5324,8685612,The Iron Queen,0,Julie Kagawa,1